00014ffd	fWindSpeedInKmPerHour
00026d2b	curveDistanceZWeightFactorCurve
000544f2	fRevealByLOSFocusRange
0007e7cf	fNegativeCoinTimePenalty
000880fa	fTransitionIn
000a3d69	fBurnoutTimeForTireDeflate
000ea9cf	fChanceForEqualOccupationGroup
0011746e	fArrowWidthInGame
0012d769	locstridExDedSecTitleLocId
001ac9ca	ResearchTreePurchasableResearch
002247b9	fTurnOnSpotExitAngleThreshold
00248bd0	HumanItemSelectionTagCategories
0027ad90	bEnabledInEditor
003346ac	locstridDestroyConvoyObjectiveLocId
003549d5	vec2DodgeBox
00383fdf	BeingTakenDownPropagation
0038a433	sndAffectedByJamComSound
00393145	fMinDelayToIdentifyHackerWhenNetHack
003aefa8	psLaunchParticles
003b893f	archTaserProjectileArchetype
003c1252	fAimingBeamScale
00454653	filePlayerInteractionSideMove
0049bfcd	fSteeringViolentEndThreshold
0054de4e	locstridLeaveForbiddenZoneFaaSpObjectiveLocId
0059fa5f	fConstantValue
005a0d63	DiscoveryHelpData
005a99fb	bCar
005b191e	HitByAnotherVehicle
005b3d58	locstridIsOperativeLocId
005f02f5	locstridSkipText
00615077	Weight
0061b38f	locstridFullNameTemplate
00658654	fSWATTruckInterval
00696f21	fMaxSpeedCap
0075c50a	PremiumOperativeOutOfActionStateLoc
0076ac14	PropagandaDialog
0077b92f	sndMenuNegative
0077f792	bActivateMultiplayerBoost
00846317	objectivebrickLeaveAreaObjectiveDescriptor
008c11f1	fRewardPanelTextEffectDuration
008f669e	vectorVehicleOffset
0093e165	sndActionStart
0098cc63	fMainRotorSpeed
009f6399	fFrontBackDistMax
00a61033	fAttenuationPower
00a82478	AvatarAimingLeft
00b0ea22	TagEntityTypes
00b0f793	fYawAngles
00be9ecd	fMinmumSteerInput
00bf6d27	fProbabilityWeight
00c1170d	fRagdollFlyingImpactAnticipDelay
00c2f584	fMaxDeformSpeed
00c4e4c3	droneconfigRaidGhostDefault
00c50e68	entPressurePlateEntityId
00c5625b	sndMissionStart
00c824ba	fDistanceIdealMin
00c8e997	SendPosEveryNthFrame
00ce87ec	OnActivateEffects
00d01c62	fFollowYawCushion
00d1bd93	fCollisionSubPointLagDecompress
00d3812d	bPlayAnimExit
00dbd9d7	fDelayBetweenFightersAddition
00dec177	curveBodyRecoilCurve
00df19c7	bOverrideCLODensity
00e0ea7a	fSearchZoneCenterMinOffsetPercent
00e2136f	bBehaviorProperties
00e2c4c8	fV2PredictionTime
00f4c191	fShotBeamOpacity
00f4fed0	hackingdeviceconfigDeviceConfig
00f8e5dd	RCHijacked_Disconnected
010b3992	sndHackingTBoneLeftWeaponSoundId
010f418e	selLookAt
010f79d7	logmatDefaultSurfaceID
011ab757	bVulnerableOnlyWhenDisable
011de5b7	iMin
0120cabb	selMinimumPriorityOfPlayableDialog
01275f5c	fAltitudeMaxForWindPad
01282973	lookatsettingGenericLookAt
0129a7eb	bShouldMonitorPlayerIsInConflict
01301976	nethackingconfigNetHackingConfigOverride
013ad302	sndvarCellDistanceFromPlayerRTPC
013c793a	destroyedExplosion
013e28a1	archetypeconfiglistArchetypeConfigList
014035f9	mapicondescControlledCameraMapIconDescription
0146933d	fDynamicObjColVelocityMinRangeValue
01480eb9	fFishEyeIntensity
014bb8ae	colorLineColor
014edc10	locstridMainSwitchEntry
01519a98	StatusLightLocalPlayerParams
01540c26	bShowDuringForbiddenZone
01543ca2	fDownZI
01558b4a	fChanceForEqualAgeRange
015945cd	fileIntroSequenceResourcePath
015c5292	ForceDenunciatorSettings
015e936a	fPunchDamage
015eb968	locstridSequenceSuccessDisplay2LocId
016051a8	sndRestrictedAreaWarningMessageSound
01640f30	TooFarBark
0167bd7d	AvailablePlots
01691033	fPlayerHeadOnCollisionMinRelSpeed
016dc77a	fIncreaseSizeBySec
016f630c	fAutoHeatAddInterval
0170e7b2	PlayerVehicle
0170e867	missionlistStoryAStartMission
0175f8ac	bMustBeDrowned
0178c702	HardBraking
017c0518	fFollowHoldPosStiffness
0180b62b	curveSwitchAllegianceTimeSinceDamageThreat
0182dd73	ModelPropagationRuleList
01838d32	fInvestigateLKPBarkSearchTargetAdditionalRandomDelay
01848a77	Determinator
0185b0ef	SecurityDetectorEntityList
0189a3b1	sContractLabel
018ca23f	strCsKeyText
018f0beb	censusactormemorydefinitionMemoryToApplyOnCrowdParticipation
01908ec7	selBoundaryType
01923327	bUsePerformanceIndex
01926fcb	vector2MoveFrequencyRandomRange
01940fd6	General
019a7166	InventoryLoadoutItemLists
01a1f2e2	selStimType
01a22d2e	fSearchDistanceToFocalLengthRatio
01a4a3db	ShopParamsShoe
01a6f60f	oplineuidataInitialUIData
01ae38e6	fRandomConnectionRandomCatchUpSpeedMin
01b4fe83	ExplodedEntitiesDetectionRadius
01b5629a	angPitchAccel
01b5e309	SpawningRules
01bb7cff	GlassDefault
01c0a3a3	fDriveAwayReactionThreatLevel
01c2ff0e	entEntityData
01d047f4	FiltersAndDataCardCyclingArchetypes
01d3713e	DynamicCLO
01d7b4b1	FogVolumes
01dc889c	Annoyed
01dd962b	AvatarExtractFromPDA
01df93ca	Steering
01e1337d	bUseDifferentCycleForOppositeLanes
01e654bb	InitialMotionsAkaBlastImpulses
01ebaad4	Pierce
01f36ee8	DensityDuringNight
01f611f2	fFloatingScaleFloat
01f6a47f	ObjectiveNeutralizeOverrideSettings
01fa5bc6	fBeamDepthBlendRange
01fc1520	bAllowOverride
01fd2ef9	ScreenWithoutCargoScreenGlowParams
01fe1754	selInstigatorRole
01ff126b	archetypeconfiglistOverwatch
020440fc	sndAcceptCountdownSound
0205c4c9	fChargeMaxRange
020d4e6d	bUseUpOrDownAlpha
0210cd96	bCanUseRecastActorForOtherRole
0214cf23	DetachParams
022416cb	KeyLocationLineSettings
022b0b55	pseudoprefabElementList
022d2ff6	bAddOnGameStart
022ec933	selSubjectRoleInIncident
02302d3d	WeaponSkin
02330a55	ReleaseFromHospital
0235a28f	AlternateTextColor
0236bf64	HealthRegenRate
023ab710	tagcategoryselectionMaleTag
023d8f55	sndSFXRocketLauncherGoOut
023e131c	fMinDuration
023eefe8	fPlayDefaultBarkMaxDelay
024556e8	selDistrictState
024ac92e	bCanBeAppliedToPositive
024dd423	IdleAiEnabledScreenGlowParams
024eee56	bAllowStateInvestigate
024fa638	DistricChange
024ff98e	matRingGlowCombatMaterial
02518be0	fDelayFailOnAllPlayersDown
0254fdb0	sndNormal
02580c4d	fFollowPosTimeout
025973c8	AgeRange
0259afb7	sndvarCellSizeRTPC
025e7f0c	locstridFailLocIdPlayerOoB
02600a1f	Victim
0264a079	locstridDownloadDisplayString
026d0690	gradAmbientSunFrontColor
026d538a	curveAccuracyLostPerSpeedCurve
02700276	OpSwaps
02715e4c	fMaxRight
027247cd	vehicleoutofcontrolconfigConfig
027b9a73	DroneConfig
027dd861	PGTConfig
02815b03	sndswvlCellMoodProtest
02830f54	fAlphaScaleFactor
02838bb6	bIsTranqDart
02860977	fIdleBreakerSprintInterruptDelay
0295842c	curveMaxSpawnedUnitsInUntargetedSearch
029c835c	uisoundComplete
029c8ab1	fCameraZoomSpeed
02a00bc0	nMaxBoroughUprisingOpLocationHistorySize
02a0aeeb	locstridNotOnlineLocId
02a27151	bDollyUseTarget
02a2734e	selVehiculeFlag
02a2b616	locstridFailReasonPlayerDisengagementMessageLocId
02a338db	curveBlurredVision
02ac9ff0	bIsResist
02b04245	fWeightPercentAtHistoryEnd
02b061e1	fInputPitchSpeed
02b0d5f5	fForceFullBodyOnHeadShotsFactorTranquilizer
02b46d15	sMax
02b49ea6	curveParkedCarsDensity
02b80215	PremiumCurrencyId
02ba19fa	fOnFootVehicle
02ba2f1d	bAllowReactionToExplosion
02bbe7ae	InitialDisposition
02c3a300	sndLeftGiftSound
02c4fc0b	sndProfilerHasKeyIntelSoundId
02c552e5	texturedbobjectProxy
02c72c3c	bBypassLongSlipCappingWithHandbrake
02c7ab12	fFastTickInterval
02c89b6a	StretchOptions
02cafd9c	selOverrideFeetIk
02cbdc20	texturedbobjectDroneDockSpawnMedical
02cdb013	bUseExternalBind
02d5b271	TagsExcluded
02dc90f5	RemotePlayerModels
02de6f8e	vehiclegoingstraighttweak
02e16e66	uicolorpalettesettingsBlack
02e33449	bShowAreaOnMiniMap
02e3b4a4	locstridBetray
02e3fa2e	AvatarCoverToCover
02e42e6b	fLootingTime
02e728a5	fUiLimitRadius
02e8ddc3	disPrimaryIconTextureString
02ecaa2b	fMovementTimePos
02f350de	AutoStartOpNames
02f4ab8e	fKillOnNoLOSDuration
02f5de2f	EmoteAnimations
02f75a02	sndvarRainRTPC
02fab54c	EngagementStateIncidentRules
02fbde13	PersonalitySetting
02fc35cc	LocationMusicSoundIds
02fc39e5	Tire
03005914	fOverrideTextureSize
0302b0bc	fMinimumSlipAngle
03047624	sndFastTravelTeleportSound
030531df	fMassHackIngredientRadius
03089eeb	fEnableDelayMax
03095e9e	sndtpHackingDroneDropCargoSelectedSoundType
030c62ed	curveIdealTimeGapScalingCurve
030c8448	fAccumulationDuration
03106903	fTextureUVSpeed
03113e63	uisoundNavigateSound
03136adf	fRotationDrag
031476c6	RewardAudio
0325e644	locdmgconfigDamageLocationConfig
0326cb3f	humanconfigDebugMale
032b9436	bUseDefaultVisualStereotypeNoveltyFactType
032dda92	CollectParticlesFinishingCoin
0330eb3b	iLevel
0333531d	sndswvlSoundSwitchSolidGround
0341bf74	vehicleinfoDefaultPlayerVehicleSpawnInfo
0342a121	fNoInvestigationWaitTimeMax
03477449	bGenericResponse
0349094e	vec3CamShakeRotationRange
034dc7ff	StatusLightAiWarnParams
034e6e09	bHideProjectileOnSpawn
034f68bc	phonecommunicationsettingsChapterIntroBriefing
035227c2	sndvarOcclusionVar
0354ef90	Assault
035653c2	HeatLevel1WaveSettings
0356c254	fRPMMin
03582c88	DefaultStage
0359b545	SkillTreeSkillPoint
0364fc95	OnStartGameModeTrigger
0371711c	ConditionalStrategySet
03720d76	fHackLockLineMinAlpha
03724484	fExplosionTotalTime
0372af39	bUseRevereseSoundGear
0376604f	ShouldAggregateStims
03788a3f	locstridHackingWheelHackTextLocId
03793fa6	bActivateWeapons
037bdb0c	WheelParams
037f4858	bUseNetEffect
0385240f	sndswvlCellMoodBareknuckle
0387e848	sndReleaseSound
0387f426	uniqueguididBankId
038a816c	HudPopupData
038a9cb5	texturedbobjectPartyMissionModuleTexture
038c3feb	bIsLooping
0394d5e0	vector2RotorDir
0395ab3a	fTrainHeavyInterval
0395b00e	Stims
0399fc22	DroneCollision
039bee69	Controls
039bf8f8	fPingCooldown
03a30d3e	fFrontWheelLateralFriction
03a7ed7e	fileFog3DNoiseTexture
03a8f798	fMinConnectRadius
03aa714e	fSpeedMinToConsiderIncompatibleAngle
03aea509	sndtpBallGroundCollisionSoundType
03b086a1	utilityactiongroupGameplayActions
03b15f32	iNumberBurstPerShotMin
03b1e544	bUseRearDeformation
03b3c7a3	ConnectionLinks
03b5af6c	StopAndGoFollowPathSettings
03b5f825	fDroneInFrustrumScore
03bcb403	sndSkipActivitySound
03bdbc6d	Stage
03bff0c6	MinCrypto
03c33750	matScreenAiCargoDeliveredMaterial
03c54e04	bSmashable
03c61590	fTotalDurationMax
03c6f1a9	bOnlineOnly
03ca40e2	fCameraJumpSpeedForSpike
03cf1643	fSuspDampingCompression
03cf5b57	fD
03d24c23	sndGraffitySequenceStop
03d33877	TwoLevelIncreaseDelays
03de799d	YInteractGameplayDescriptor
03e68483	sndExitRange
03e7b890	reinforcementgameplaydescriptorRiftOpenedReinforcement
03f1bc26	fFallHardVerticalSpeed
03f594fe	DroneCommandStay
03fb1a0a	DistractorPersonality
03ffeb93	menuselectionname
04007cc0	sndIntuitionStart
04011fd8	fBrakingTorque
0404526e	fSunFlareTextureSize
04052fbe	fWitnessPlayerEnterCarDelay
040c75b5	fForceFullBodyOnFirstTimeFactorConcussion
04140266	fDecryptFelonyStepPercentage
04170d84	tagcategoryselectionblackboardProfile
0419162b	sndDistrictChangeConnected
041a7b72	RCSwitchableTurret
041eed74	phonecommunicationsettingsPhoneCommEntry
04214f06	NewsConfigSelector
0421abc3	fMaxDelay
042a479c	fCloseRange
04315c3d	fUnavailableWarningTime
0434c1d1	nMinimumNumberOfPasses
043ccdf7	bVintage
043e6bb2	fTotalInjuriesEasy
043f47eb	sndTriggerReleasedDestroy
044405b4	locstridLeaveGameLocId
04462148	locstridSequenceSuccessTitleLocId
0449732e	locstridShopRefillAmmoDescription
044b5794	selTranToContext
044b6b12	RCCraneS13Hoist
044b9513	phonecommunicationsettingsOutcomeTeamspeak
044e5d92	sndHackingContextualBankAccountSoundId
044eee66	fMinDistanceFromThreats
04530328	fMultiShotProbability
045abca6	fSteerAngleAtMaxSpeed
045c9003	vectorDirection
045de451	bMachineGunChargeOnlyOnNewTarget
045fc0c9	fWorldOffset
04698eda	sndtpHackingIngredientDisarmSoundType
046aec6b	Hook
046b5963	fReticleAimBounceFeedbackCount
046cd5eb	fEventFailMessageDuration
046eef21	uizonesettingsKeyLocationHighlightedZoneSettings
046fdfd3	locstridNeutral
04704fe3	texturedbobjectDisruptComm
04712edb	locstridLocId
0474141c	sndtpExitSoundType
047418d6	fBurn
0482de1c	FullBodyPortrait
04837357	SpeedControl
04864484	uimenutileAppIconSmartphoneTile
04899768	selRoleIndex
048df45e	fShadowSlopeScaledDepthBiasScale
04910ebf	locsectionidObjectCategoryOasisLine
0491c7d3	fTintOuterAnimaitionTime
04930503	CloseRangeDistance
04934cd7	bStartTimerOnVehicleEnteredInsteadOfDeliveryStart
049618bb	sndPlayerEnterForbiddenZone
04999857	selSecureXYZReference
049d3659	locstridNoAssociate_NoLocation
04a24fcb	fProximityThresholdClose
04a29da3	bAdaptCounOfRequiredPlayersToCountOfSessionPeers
04a2f997	sndDenunciatorPrevented
04a3084b	bIgnoreSpiderBot
04a380cc	curveOnFootCombatRadiusLOSCurve
04a5f28a	bY
04ae1570	fAttackerHighContactChanceAnchorRotStiffness
04af080a	bEnableSpecular
04af1e6a	fAlphaAnimDelayBetweenLoop
04bfe3e4	BlitzkriegAimMovementSpeedMultiplier
04c710a0	sndTimerFastCountdown
04c9364e	fShadowIntensity
04cc20c1	fEnterIOPCameraWarningDuration
04d485d4	fSpecularDetailMapNormalLobe
04d66f15	sndvarWeaponDistanceRtpc
04d94a58	locstridUnproxy
04db37c4	vec2AssistanceMagnetInnerRange
04dd6043	fHungoverUnavailableTime
04e00b23	LocationsDefinitions
04e6b356	uiMaxSpawnedUnits
04eabdbc	fMaxScratchSpeed
04edce75	fDebugMalwareExecutionDelay
04efafa7	OnLocated
04eff470	iAlignmentRef
04f027ea	fInputYawExtraSpeed
04f405f9	locstridFriendlyName
04fe9173	sndMassHackDistractSoundId
04fece07	selProjectileLaunchedStim
05002992	curveMaxDepthByTimeOfDayCurve
0501135f	locstridDataLostFailLocId
0503158a	CollectableMatchElement
05081c4b	OverridenNameByRole
050af605	Capabilities
05165c55	LungeTakedownCooldown
05220ce7	bUseGaugeModifiers
0524eabc	bUseOverrideXPLevel
0528b338	fRollingResistanceScaleDeflatedTyre
052a676d	GlobalConfig
052ab859	nethackingconfigClosedCirtuitBoxInactive
05331263	vectorWipeFiringOffset
05358c53	bIsLOSRequiredForPingReveal
05375ba4	fFlickeringFrequency
053d4de5	fSteerSafePidI
053e68c0	fExtendExtremityDistance
0541d7f0	Profiler
0545fa57	fBackwardSpeedAcc
0547c984	TutorialCategoriesLocId
0549a3f1	fLeftArm
054d5709	fFlankHighAngle
05572064	ShootingPatterns
055b330d	fMaxWeaponRotationSpeed
055eabe7	vectorPickableMaxSize
055fad4d	locstridFailLocIdDeathByLaserWall
0566410c	sPanicBark
0566a9e3	fExplosionRangeParticleFxRadius
0566ae97	convoybarksconfigBarkConfig
0566c02b	TagSet
0570dc00	fWetSandColorIntensity
05755fcd	ParticlesSystemRules
057696fa	locstridParagraph
05778c43	ClothingItemMandatorySelectionTags
0580810d	LobbyParamsReady
058c2bd4	psWipeCharge
0590fd1f	bIsScoutXTarget
059607ef	fHeightAboveBossMaxDeviation
0597eae5	uiAccrueProbablyAmount
05988ee8	fDegreeCollisionMin
059d277c	fleebehaviordescriptorBuddyFleeBhvDescriptor
059edca7	FollowPYSpeedTreshold
059ef656	sndBossInvincible
05a482cc	DestroyedStates
05a9db42	fSizeY
05ace9a0	UpdateGroups
05ba5754	locstridUploadDefaultHackWheelText
05c4be83	fFakeAccelerationModifier
05c64b1c	locstridTargetSpottedYouWarning
05cb057c	texturedbobjectPoliceSearch
05cceacf	fTargetingPulseBaseFadeSpeed
05cf2b9c	bShowClampedHackEscalationBadge
05d009f3	fAttachedBoneVerticalOffset
05d43dd6	AvatarCover
05d8b295	sndShortVegetationSoundId
05db53e6	uimenupageBareKnuckle
05de6a3d	fPelletCount
05dea4b3	bBarkSeekingCoverInVehicle
05e01f14	locstridExplosive
05e4503b	fSpeedFadeInTime
05f9befc	bLoop
05ff6da8	DetectionRules
060697e7	DroneWanderStateSettings
060865c8	iMinHostileAIsToActivate
060a693c	AvatarBounce
060aa091	sndArmingVehicleSound
060b62cc	sndWeakpointStartSound
060fc132	UIDisplays
060ff46c	propHUDPropDbName
060fff6f	bIsContinuousSound
0614544c	fNodePlayerAlpha
0614ad2e	uilayoutdbobjectLayoutSetting
0618afd3	SpiderTank
06195744	PopUpFeedbackDurations
061a8e7a	uiMaxNumSWATTrucks
061baf47	TestValue
061bc545	sndHackingStartSound
062d349c	fNearScaleDistance
062e074d	iCannonBoneIndex
062e80fc	IntercomBarkAvailable
062f6b7a	LayoutBeingHacked
0631eeb2	matHighlightMaterial
06330ca5	PDA
0635cb7b	FAAMissionsDataList
063d0685	bForceDisableAfterCompleteOnce
063fe6b0	shakeBones
064015f3	PlayerThreat
064174ab	fSunRiseYaw
06450d72	bAllowHeatToChangeLevel
06459430	StateLightOffParams
06496d53	locstridContactHasBeenArrested
06541e17	vectorMinAngleProjectileThrowPosition
065a9ba6	uimenupageMainMenuHomepage
065cddd6	sndWipeAttack
065eb0dc	PeekAtProbability
065f83cf	AvatarCoverAimingStraightRight
066094d2	OpponentClo
0660e8f3	PMSRestrictionSettings
06648be4	fNewInSightMultiplier
0667c6ef	Navigation
066a752e	fUndersteerMinFrontLatSlip
06734b29	locidMultipleDeliveryDestinationObjectiveDescriptionTextOverride
06766b18	selAnimationIntentionType
0677a8c0	colorPingColor
0678ceaa	OtherMaterialsRange
067d1726	sndWipeCondemned
06846df2	fLineDisplayDurationOnHardLock
06865479	bReflectorUseDistanceFalloff
0689c101	vec2FollowYawLagRangeCurve
068beea1	NakedBodyItemMandatorySelectionTags
068cad71	censusactormemorydefinitionMemoryToApplyOnFighterLose
068ded6d	fHealthValueOnInjuredState
06923179	fileNormal
0692cae8	logmatFleshSurfaceID
069971d7	degangvecAngleOffset
06999c85	phonecommunicationsettingsIllegalPickup
069bff6d	locstridFeedbackTimeUpLocId
06a874de	fMaxBrakeForTraffic
06ab7b10	OperativeDescriptor
06b04b21	BoneOffsets
06b22916	censusattendancedefinitionAttendanceDefinitionForActorArrest
06b30d4f	selAiState
06c1a9ac	LoadoutParamsMain
06c54f2a	sPlayerGunBarkId
06c72e2c	uiGiftServerLifetimeDays
06cbb80c	aiwsAIWorkspace
06ccd435	Rights
06cf1925	sndHackingProfileSoundId
06d01cdb	mapicondescTalker
06d3fb81	RobotConfigs
06d7fab3	bBarkValidateLKPUseConeOfVision
06dc1cfa	fPeriod
06decaaf	ThreatDetection
06e35a51	uimenupageInGameMenuDefaultPage
06e462bb	fDefaultValue
06e4a334	colorLaserBeam
06e8b11d	selLandingDockSize
06ec1726	EntityDurations
06f200a7	fRoadAvoidanceElevation
06f387b3	locstridTargetNearbyNotificationText
06f97f04	Followers
06fae70c	iDenunciatorProbability
06faf611	fMaxCarEjectSpeed
070017f3	fReachLocationActivityRange
070286be	locstridArenaSubtitleAbandonLocId
0702c453	fClosedCaptionsShowPeriod
0704b10a	fUTurnTargetAheadMinTime
07051165	PlayerWeaponModels
070f722d	fWalkerMinSpeed
07109205	Old
0711b40e	fCoverSlideMaxCoverAngleDiff
071777c1	locstridDoubleObjectiveDisplayEscapeObjectiveLocId
0718f549	sndArmingProximitySound
071a0d8b	bUseAllTagsFromCategory
071b43b2	curveSunColorHackIntensity
072367a3	sndauxbusAuxiliaryBus
072a19dc	bSelectCivilianAsDeliveringEntity
072d75fd	bLockAdvancedCameraMode
072fb6fc	turretidlemovementsettingsMovementSettings
0730e544	fLayerRenderingOrder
07342ddb	fDistortionStrength
0734e707	NitroBatteryConsumption
07357dfb	bEnableDestructionOnImpact
07361e31	texturedbobjectPuppet
0736bac6	ObjectiveRelationSummarySelection
0739b467	fDisplayTime
073b7427	QualificationFilter
073c48d6	sndswvlSoundSwitchExtraSmallObject
0745d5e1	cinemaResource
07548521	filePlasmaMADResource
07591362	DistrictTimeScale
075dd35d	BehaviorAnalysisTitles
075ffb22	fFlankLowAngle
07601b08	sndtpHackingPoliceSearchSoundType
0761118b	sBollardTakedownBoneName
0761aed7	StreakBarkId
07673a5a	SeeGrenade
076b60e4	fLookAtValidLKPDelayMax
076f9362	fileSingleAnimation
07767756	fAmbientIntensity
078008ce	fHackLockLineFadeSpeed
0785b9df	fCollisionPitchFactor
0787c98d	locstridLockedByVrPuzzleWarningMessage
07880910	fFrontWheeliePitchHelperMinAngle
0788b675	curveTurbulenceIntensity
078a4f54	locstridFailLocIdPlayerDeath
078b63f3	m_npcSoundGears
078e6321	Prescription
0795b1f9	fTyreShootoutHitChanceInterpolateTime
07984014	fAutoSaveCooldown
0798c47f	locstridDroneDockSpawnChase
079a89d2	MaterialList
079b94d7	locstridTextToDisplay1
079e4085	MaxValue
07a09d7d	bLocationLinesEnabled
07ad3261	uiMayorCashReward
07b2f1cd	fMaxInitialPropagandaDelay
07b68165	fAffiliatedCivilian
07ba4214	fMinAmbientTintAmount
07bb62ee	sGaugeMaterialName
07be6923	fGaugeLevelToPlayLostTargetBark
07bf8ffe	bCanReturn
07c159a2	Head
07c62dd8	bStaticReflectionIntensityOverride
07c6e192	textureRefillAmmo
07c6e36e	BaseWaves
07cb1a7c	AgileStep
07d18d4f	matIdleAiDisabled
07d1ee55	fOverlayHighlightDuration
07dd8b04	archScanAreaArchetype
07dde034	bCanTargetNPCs
07e32fb7	TableGameDefault
07f119ec	companiondronesettingsCompanionDroneSettings
07f29b86	HeightMax
07f3b794	locstridRewardNameOnlineHacking
07f4c6f2	KilledCivilian
07f62ff9	colorReputationNegativeColor
07f89856	VehicleDisabledPersistent
07f9433c	locstridDoubleObjectiveDisplayKillObjectiveLocId
07fd13a2	fMaxZDiff
08059188	DefaultManeuverConfig
08063b48	BrakeEffect
0806ae23	Choreography
08097575	fTargetFoundDelayMax
080d7af2	fPostHitOscillationMagnitude
0810246b	colorVehicle
08155c2f	HealthMedium
08159117	PhotoModes
0815df72	selGridCategory
0817a013	curveMoveToDropPointSpeedCurve
081eae38	TricksData
0820392b	fReverseGearRatio
0820a938	fEnvironmentSpawningStretch
08222944	locstridGunLock
0822a31c	LowUseTimeScale
08258e75	iSequenceLength
082594ab	PersonAttacked
0825d3bc	pdcfgPhotoTargetConfig
0827e8f7	EcoSystem_MaleFixer3
082ec331	bWater
082fb2ef	fFrontWheeliePitchHelperMinSpeed
08326a43	chaselevelparametersHighEscalationParams
083299bb	fVignettingMidpoint
0834897d	fShapecastFrontBaseDist
0839622b	HackedCivilianConnectionLinksSettings
083b851f	curvePercentile
083d5c0b	locstridStreetArtName
083dedf9	bOnlineMenuOnly
08488bbf	sndtpHackingRobotAlarmSoundType
0853c601	IncludeFilter
085c9480	uimenupageSettingsMenuPage
085f3625	StateStunned_LongDuration
0862763b	vec2SecureYZBackOffset
08647191	Float
0865f311	fOverrideUselessUnspawnRadius
08674ccc	CutoffParams
0869aae1	nethackingconfigProfiledAggressivePeople
086a4da1	Flank
086e6bd2	Slot2
0870da4e	fLandingDockIgnoreProbability
087459db	fReflectionIntensity
0881803b	sndReverseOverheatSound
0883e379	fDelayToEmitDemandInfoStim
0885811a	fTransitionTime
0885fbbf	fScaleAnimationTime
0889f639	fHungoverFallTimer
0894b346	selResolutionPriorityForRelations
089663a8	fReticleBlockedRange
0898cd55	fCallJammedCooldown
0899668d	SurviveGrenadeChargeUpTier3
08999c1f	fPawnColVelocityMaxRangeValue
089a7e12	CryptoModifierRule
089beea8	fSailBoatBrakingPower
08a294a4	fFollowRCoeff
08aaee41	HoldUpShopkeeper
08ade94f	fDropBaseSize
08aef99c	fMaxTimeForBagleyHackAfterMajorEvent
08b252de	fFollowREnterTime
08b258ec	uiSatelliteMaxCount
08b55764	locstridMalware1
08b5e674	fOppressedStateCivilianDensityScale
08b794e1	dronesearchpatterncollection
08bf3ada	fMapSpeed_UpperValue
08c1455d	ShellGameHead
08c60e4f	fNearbyOpInRangeTimerDuration
08cb533f	AsianLanguagesLineWrapping
08cd7810	fLineStartDelay
08d1e4a6	curveTargetSway
08d99d73	sndHackingSuccessSound
08d9be83	SDFFontThicknessMin
08dbb2f5	DelayBetweenGusts
08e345a7	BlindFire
08e3ab39	fLineThickness
08e41d9d	VehicleRCRemote
08e6985f	sndStartSFX
08e933d5	fMaxRoadBlockDist
08e94a7c	RCHijacked_Connected
08ee7263	sLMALayerName
08f55f6b	bNoCivStim
08fc0fd2	Personal
090087e6	vec3FramingAdjustmentAtMax
090c61f8	uiWantedLevelForTrigger
090d7075	PhotoTargetsToValidate
090d8114	iTracksBeforeInterlude
0910afff	iReferenceValue
0910ee3a	graphickitcollectionModels
09182dcf	locstridIsOpenWorldClanKelleyIntimidator
091d7e18	archetypeconfiglistDrone_Ghost
09285461	bUpdateOnMovement
09292152	logmatDefaultEffectMaterial
092a0aae	fTeleportToClosedTransitionDuration
092ab940	fMaxRemapX
092e99e8	fActiveHackingMirroringFactor
092ee775	fOverBaseIncreaseDelay
0932a7d9	vec2AssaultCoverChangeTestTimeout
09365c2b	locategameplaydescriptorEntityToDeliverLocateDescriptor
09372de5	selTagColor
093cfe01	fileFromSkeletonUrl
093fde71	OnReceivedBarkId
09418c3f	fAttachCornerDistance
0942e844	selChallengeType
0945b2be	bFAAShouldMonitorPlayerIsInForbiddenZone
094727ca	HackedEntityMoving
094b441a	bTestIntuitionOnFootUnaware
0953f0fc	tagcategoryselectionClanKelleyHideoutTag
0957efce	Properties3D
09596321	fDrunkEffectsBlurRadialFalloffMax
095dbe6a	TextureStateChange
09673653	bMediaSystem
0967c69b	sndExplosionNoHoodSound
0967f85a	DesignedSequences
096b2a46	curveProbeLocalLightsMultiplier
096e4787	fMaxRadiusRatioFromEventPos
09707df0	fInitialValue
0972a9b1	iExtraKillForDenunciatorKill
097746a8	uiSurnameCensusFieldId
097baf16	fAmbientValueClampMax
097fe594	clodronecreationsettingsSingleDroneSpawn
0981903d	sndMovementEnd
0984415e	Entity
0984e316	fMaxNoTeleportDistance
09883d96	gradSunColorHack
098c06ab	uimenupageLeaderBoardPage
0991505e	charlevelMaxLevel
0991c008	WeaponSwapEnabled
099348d8	fPitchScaling
0994b70e	fMotorMinimumSpeed
099a7b68	SkillPoints
09a2ec55	fPlayerReachRadius
09a2f47f	fAngVelTollerance
09a9c3f0	selDistrictEnum
09ad0988	bCollision
09b150ad	Ambiance
09b51ad4	Slots
09bac376	bIs2D
09c15f5c	bUseMaxAltRestriction
09d153ef	sndNpcTiresLoop
09d56c8a	locstridObjectiveDescription
09d8a66a	sndSwitchMode
09dd4ee4	MaxAmbientWiflyDrones
09de679f	fWaitDurationMin
09e4c41d	bRequestReinforcement
09e8599f	fStaticReflectionGINightInfluence
09ea8875	fSunElevationNightMax
09f585d3	angRotationAccel
09f8d5b7	fMinPlayerDistanceFromVehicle
09fe5a8d	fAssistanceAutoLockRangeMinimalMultiplier
09fe9896	MusicSwitches
09ff5a3f	ClimbUp_To_ClimbUp
0a010ff0	fMaxDistanceToKeyLocation
0a02ea90	EventParameters
0a0520b2	degangCameraMinimumYawAngle
0a060216	bDebugMovementEnabled
0a0602bb	fDisableRecoverTime
0a06b18c	fRecoilStrengthAIControlled
0a07076c	Insult
0a075f7d	selCredentialType
0a099b54	sndvarAmbientSoundRtpc
0a105aa4	fileAlbedo
0a11502e	fTakedownMaxDistanceAiming
0a1205ae	sndConnectionLinkToPlayerSound
0a12f40f	FocusRange
0a134738	vec2FovAccelLag
0a14f410	fNegativeCoinPickupDistance
0a1a32b2	vec2DefendCoverChangeTestTimeout
0a222736	fMinDistanceToEvade
0a24e13f	fJogTurnBeforeStartDistanceThreshold
0a2805c2	fCameraDefaultZoomDistance
0a2e722b	AIAgentOffScreenTimeToReachMaxModifier
0a2e7cde	CuriousBhv
0a35f61a	fPostDeathCameraSecondsTimeout
0a365a4e	curveBallStartAnimationAlong
0a37e54a	plasmaparamsFailsafeCamera
0a38546e	texturedbobjectUpgradeImage
0a3affb2	Variables
0a3ca065	Switches
0a3d169e	fBreachGotoTime
0a3fee94	sndtpLockonStartAiType
0a41926c	fTileXSizeMin
0a423177	bProperties2D
0a444aac	DroneWatchStateSettings
0a486fe2	EnterSounds
0a499096	fAttackerHighContactChanceAnchorPosStiffness
0a4d9fd4	bUseLuminanceWeights
0a4fe7b1	sLevelName
0a5379ec	locstridContactHasRecoveredFromArrest
0a538880	fChanceForEqualGender
0a55044b	cloobjectcreationsettingsSingleObjectSpawn
0a5ca690	uimenupageUpgradesPage
0a5e1cd3	dexeventLootTruck
0a5fc09f	fGripMultiplier
0a6418e2	fMaxYawAcceleration
0a6ad218	sndSoundToPlay
0a6b22f6	Strike
0a724148	fCatchupBoost
0a736743	fAttractDelaySpread
0a77e7d2	RingOfSteelCrossingWeaponDrawn
0a7d709f	bSpawnWithEquippable
0a7ee1f8	bTriggerCLODataClean
0a837364	fAgentSpeedMax
0a87770f	sndswtpInteriorExterior
0a87f7bd	fDeliveryradius
0a8a2409	fInCoverFactor
0a9161bf	fMotionDetectorCone
0a95e268	missionobjlayMainMissionLayer
0a98167b	fSteerWeightToThrottle
0a9e4da2	fAssistanceCushionRangeStrongMultiplier
0aa58cd7	vectorWorldTranslationOffset
0aa73fa0	fVerticalOffset
0aaafc32	InterfacePathID
0aae2234	fIdleAngle
0ab27657	SkipLKPInvestigation
0aba81a5	curveGiIntensityMapping
0abd8099	Seagull
0abdb43d	locstridObstructedWarning
0abe72fc	groupclocreationsettingsGroup
0ac2704e	selAuthorizedDestructionCauses
0ac2780d	locstridTrack
0ac4dd7e	fFailureDelay
0ac4f70a	bSeamlessCoopMissionsEnabled
0ac6a7e2	locstridActive
0ac718ba	locstridRewardNameRandomEventMissionConvoy
0acbe89b	snipershootinglagsettingsSniperOnFootTargetOnFoot
0acd81f5	uiPedestrianWithDogLayerWeight
0ace458e	dronedogfightsettingsDroneDogfightSettings
0ace9883	iMaleEccentric
0ad4bf7b	matimpMaterialImpactFx
0ad73508	locstridIngredientTriggerVRPuzzleLoader
0ad895b7	colorEndColor
0adda157	locstridwarningTerminalActiveBody
0adf6215	sndFactAcquiredSound
0ae03924	curveCurve
0ae289e1	bImmuneToMeleeDisorient
0ae41b52	fLeadDistance
0aea2fb5	uiMinRoadBlockVehicles
0aed2371	vec2Cover2Enemy
0af1f9f2	OnRelicCompletedTrigger
0af2bec9	bSunShadowInertiaEndAngleOverride
0afecdf4	sndHackingIngredientTriggerSoundId
0aff3994	Rich
0b026526	fDisplayTimeMin
0b08e7a7	fOnFootPlayerInRunningVehicleIntuitionZoneRadius
0b0b1cfd	fileNeutralLUT
0b0eb878	fCausticFadeOutEnd
0b10239f	bUseThrottleInpuRpmModifier
0b121648	utilitybehaviourBehaviour
0b132e9f	ClimbDown_To_ClimbDown
0b13b6d2	fWheelInertia
0b15300e	iMaleGeneric
0b164227	fRoomActivationMaxDelay
0b177af0	MultiPlayerOpsList
0b1791a0	CooldownTv
0b17aad2	locstridWaypointObjectiveLocId
0b191021	fHackLineFadeSpeed
0b1c336d	fRevealAnimationDuration
0b1e2f83	fSunShadowInertiaEndAngle
0b215813	SurviveGrenadeImmortalityShield
0b257225	peopleinfoPeopleSpawnInfoOverride
0b2e1c63	bVisibleFromBeginning
0b2f9af7	fMinimumRequiredTimePlayerOnFoot
0b32cd72	GambleVector
0b3406d7	FillColorAlpha
0b358bf4	OverrideUnitPreset
0b374869	sndtpHackingDroneDisableSoundType
0b3b3c9c	uizonesettingsKeyLocationRegroupZoneSettings
0b440730	bIsLondonWideEvent
0b47343d	locstridOperativeTitleLocId
0b5251ae	bDisableSecurityDetectorEntity
0b52c1c1	EntityAnimation
0b55f7a9	bOwnsCalledDrone
0b59676f	MinRainIntensity
0b5b64c7	AgentCompositions
0b613fad	sndOnEnemyTagAddedSound
0b633b98	PressurePlatePuzzles
0b655917	curveShootingCurve
0b663334	IconDefault
0b67f797	fWipeLowHealthWipeChargeDuration
0b68a44f	PositiveInitialMemories
0b69e6da	uizonesettingsRCWarningZoneSettings
0b6b899b	fPrecisionThreshold
0b719c1d	fPositionLightsClosingTime
0b76797c	vec2YawLimits
0b7993ba	fStartingCoinPickupDistance
0b7c9090	SmallBump
0b7db3a5	LeagueElement
0b83cfcb	fLadder5mEnterHeightLowSpeed
0b89fc0a	fileHungoverAnimation
0b93ea00	fActivityPropositionRetryDuration
0b98784e	fPlayerOrderDisplayTime
0baca792	fHeatLevel3IncreasePercentage
0bb21adf	sndtpSwitchToFullCombatSoundtypeBegin
0bb231eb	fSoftShadowLightSizeForMoon
0bbc3a8d	RCWheeledDroneNear
0bbdda00	sndvarLoadRtpc
0bca9a08	fDistanceTooFarFromTarget
0bcc8b83	StunnedTime
0bceb896	fAscendSpeed
0bdbd402	bSpawningMandatory
0bdc299b	uizonesettingsHintZoneSettings
0bdf5e43	sndExit
0be33e41	fLobbyDoorOpenEventDelay
0be49a60	bUseCounterSteerAntiSnap
0be5445d	fTyreWidth
0be8491c	sHMALayerName
0be9e4a0	CivilianAnxiety
0beb6e32	fSpawningRadius
0bf089f0	censuscontractdefinitionDefinition
0bf18ebb	rewardconfigRewardConfigOverride
0bfb1330	fCallTheCopsDelay
0bff218a	fBodySlipHigh
0c0624bd	tmplSlaveDialogActor
0c086648	ItemSlotConfigRule
0c0a3531	RaidActivityList
0c0ba473	locstridDroneDockSpawnConstruction
0c147285	FallbackToShutdownSettings
0c15ef03	bShouldMonitorPlayerIsInForbiddenZone
0c163dfa	colorRandomConnectionEntityColorMax
0c1aeff4	tagcategoryselectionFashionTag
0c1b41b3	datacardtypeDataCardType
0c1bd35f	fFovAtSecurePosition
0c1df2c6	CensusAttendanceSelectionTagCategories
0c1f432f	sndtpAimingBeamStartSoundType
0c22e954	locstridDroneDisable
0c260bd1	fAlertHardDeadBodyBarkInspectionAdditionalRandomDelay
0c26a140	fNetHackWavePulseMaxOpacity
0c29490e	fCheckpointGroundOffset
0c2a1eb5	fHealthPercentageThreshold
0c2c39d6	ScoutXRewardUnlocked
0c2d622a	psPoppedParticle
0c2fbc13	BehaviorType
0c3c8f59	Slot
0c3ce552	bCastShadowEnabled
0c3e56be	sndSteeringLoopStartSound
0c4a4e7a	vectorOffsetMinBack
0c4cd5a5	PlayerOnFoot
0c51df13	locstridLineBreakLeadingChars
0c52cea3	fBlinkShowDuration
0c5302f5	tagcategoryStoreClothingStyleTagCategory
0c572647	Patrol
0c57b384	StartTime
0c5849a9	fHeatCapacity
0c58c298	selForcedOrientationSide
0c58e39c	Shop
0c5bcd4f	fRotationSpeedMax
0c5bd872	iCrowdAnimateMaxRandom
0c5c18a8	fSlideParkourLockTimer
0c605a59	fScaleMinThreshold
0c645a97	fSideAccToAngle
0c669a31	bAlwaysForceMaxAngle
0c673baa	BarrelRoll
0c6aa90f	uicolorpalettesettingsNarrativeFontColor
0c6c1b65	sndChangeRadioStation
0c6cc1d9	interfaceMenuLayer
0c6d018c	NormalizedPlayerLevelRule
0c706bd7	bHasChanceForEqualOccupation
0c712178	fRandomConnectionRandomDistanceMax
0c75be94	MinFacingAngle
0c7b9ef4	fChaseRadius
0c83e46f	selPlayerRemoteControlObject
0c8b49ed	PossibleHackResponseSetups
0c8c8d86	fStartAlpha
0c91f6c8	fTargetIsOutOfRangeDistanceMax
0c943865	ScreenMalfunctionScreenGlowParams
0c97d902	selColorMode
0ca75e80	NPCWeaponsCategories
0ca83fe4	bUseAirborneControl
0caaf1a2	fFarCascadeDensity
0cb65b4d	bBlurFactorOverride
0cb833ae	uimenupageSongSneakPage
0cbe81bb	fCamHeightOffsetVariance
0cbeed7a	texturedbobjectLockRightWheel
0cbff1d4	fBeingTakenDownPropagationRadiusInStealth
0ccc608c	KamikazeDroneSettings
0cd03724	MPReward
0cd1cebb	sndProfilerFailedSoundId
0cd7196d	sndtpHackingDroneBroadcastSoundType
0cdb2ac4	EscalatingAttractSoundsFAndTypes
0cea9259	sndExplosionSoundArm
0ced21c6	AvatarCoverAimingStraight
0cee7c34	sndWheelRimSlideSound_4
0cf0c569	curveReachOrbitSpeedCurve
0cf25db3	fPedestrianWithDogSiteCreationPercentage
0cf4a9fc	fEnginePower
0cf8731a	uiWitnessKillCivilianWithCarNbr
0cfa74f4	CoopProposal
0cfd9794	dronestrafesettingsAimedByGun
0cfe19a0	tagEntityType
0cfff5d2	fileTexture
0d067c79	bShouldSwitchToLowLevelOfActivity
0d06af4e	MultiPlayer_PlayerEnemy
0d06d477	Crush
0d12b2b5	sndGearCrank
0d16d8e1	psFxGearshiftExhaust
0d17c25b	bIsContinuous
0d1be24f	fStallInitialTime
0d1dafc5	texturedbobjectDroneHijack
0d24116a	fMinimapMeshZScale
0d24979f	SpotlightPlayerLocalParams
0d254f56	itemsBotnetItemDB
0d2bd9f2	texturedbobjectMalware1
0d2be18f	bCanUsePartialBlockedLane
0d2d0881	Crate_28CM
0d2edba0	fFollowRLag
0d3226a0	fClampScreenValue
0d349940	fChassisYawInertiaScale
0d35d39d	TagLocalizationIDMapping
0d41f49b	CanKillActiveOperative
0d46e374	Wolfskin
0d475348	InventoryConfig
0d47e02f	fMaximumLongSlipForLateralForce
0d494667	fPathSpeedBrakingScale
0d4ff473	curveAutoDetectionRadiusInCombat
0d522e3a	fSoundHypeMax
0d54c6ca	fPriorityCenterOffset
0d55ef95	bProbeScaleOverride
0d57a5a1	bShowOpUpdatedNotification
0d628a1b	fileReticleAutomaticBlockedAR
0d6924a6	fWeatherMasterStepTransitionTime
0d6c404e	RCFlyingDroneFirstRacing
0d6f62aa	bTriggerDestroyProps
0d721ad8	GenericActions
0d738259	sndtpDeploySoundType
0d778652	sndMassHackOnCoolDownSoundId
0d783ddc	uimenupageSettingsOnFootShemeMenuPage
0d784e86	virusbrickdescriptorVirusDescriptor
0d78d821	PhoneOverheat
0d78daff	RewardChat
0d81bceb	bShouldEqual
0d8397f8	RangeModifierConfig
0d83f11d	fSpeedFactorSprint
0d89bd30	CopEntityMapIconConfig
0d8a6f13	selRemoteControlObject_Medium
0d8c0f56	vehicleentityconfigThiefMainVehicleConfig
0d8cc1b4	Crosswalk
0d9c5bf3	sndRimSound_1
0d9e7b91	fBurstDelayMin
0da4ff54	fGlobalTyreFrictionScale
0da70c0c	BodyPartName
0dab746b	censusmetaintrigueresolutionbucketOnFailureBucket
0dabf7a1	Movement
0dac0b28	archMonkeyFist
0dadea1a	fPGTSpawnHeight
0db8eee9	ZoomBehaviour
0dba07ef	selNotificationTileId
0dbd6433	fHackLineTextureUVSpeedBurst
0dbe2127	fHealth
0dbf55b7	fEmergencyFollowHighSpeed
0dc15c5d	Data
0dc22ca0	humanconfigPolice
0dc5b196	iRenderingOrder
0dc7464c	ValidateLKP
0dc9de84	selDebugDisplayPrimitiveFlag2
0dcc9737	AdrenalineCameraRecoil
0dd15f66	fDownloadRadiusNormal
0dd62474	SteamEjection
0ddab3a7	WarningMessage
0ddcf259	mapicondescDedSecHuntEvent
0de7218b	sndNpcGearShiftDown
0de98d92	fMoneyThreshold
0dea150e	nStep1AboveLevelDiff
0deac340	tagEthnicityTag
0debb43b	GrappleKOChance
0decc349	fOrbitResetDistance
0ded9c2b	CityHotspot
0e02f4b8	fHitWithVehicleTime
0e0a69a6	DisruptedDetectionFireUiBlobTexture
0e0b6ddc	RevokeRendition
0e0e0aab	OperativeSwapEnabled
0e11d0e3	Squad
0e12a4a8	VehiculeNormalLookback
0e141edd	sndSearchStoppedSound
0e1605d2	ReachLocationActivity
0e16577b	fSpeedLimitRatioInSearchZone
0e1a5616	uiMinSpawnVehicles
0e2016c9	fSlowdownDistance
0e20a89f	fileUnlockedAccessCodeNetworkTextureName
0e2654a5	Melee
0e29b62a	vec2Cover2NeigboringCoverDist
0e2a009d	fLargeRadius
0e350e53	fDistractedVisionRadius
0e3a728a	fExceedingDmgFactor
0e3c57d0	psDisruptParticles
0e3cd532	uiDestroyEscalationHackNumber
0e3e827f	AnimStateManager
0e4c4c82	bIsOneTimeUse
0e4d67a7	texturedbobjectAttrack
0e4f60da	bBarkOrderFlankUseRaycast
0e5598ee	bGlobalIllumination
0e5eed8d	sndtpLockonStartType
0e61b826	OperativeXPModfierRule
0e622102	fCarAngleMin
0e6ce4b2	fBossRotationAngleThreshold
0e6e8ee7	musiceventsMusicEvent
0e70cd74	fWalkTurnBeforeStartDistanceThreshold
0e731dd2	AngleSetting
0e733909	fTimeToConsiderBeforeRecomputeNewRoute
0e796a80	fTotalBrakeTorque
0e7e6c73	fDistanceForStimPlayerInWarningZoneInCarMin
0e7f7485	sndBatteryStartCharging
0e817b4e	nMaxOnlineBreadcrumbingOpLocationHistorySize
0e882620	BlendOverride
0e9619a2	EngagementStateRule
0e966375	bUseRCtweaks
0e97b0ea	fDrunkLevelMinLimit
0e981eaf	fGaugeTimeToReachTopPlayerBackupModifier
0e9849a5	fCameraZoomRatioMidZoomIn
0e9fade4	Counter
0ea65541	fileTexturePath
0eadef82	scenetotexturestudioobjectDetailsViewStudioObject
0eb5d86c	ScaleAnimation
0eb6a42f	bVan
0eb885d8	censusactormemorydefinitionMemory
0ebd2b33	iMaxTrainHeavies
0ec57f5c	scriptedeventgameplaypresetNewGameplayData
0ec580e2	fMinDistToUseBodyDir
0ec7f4ae	fRandomConnectionRandomCatchUpDelayMax
0eccf512	CapturedRespawnConfig
0ecfaf7b	mapicondescInteractionLock
0ed01115	bSendStimGunshotOnLaunch
0ed377fe	iMaxActiveHackingRewards
0edb8efb	locstridUITemplateForRivalPropagatedMemory
0ede7e32	ColorSequenceData
0ee4bb25	fDistractorRadius
0eec4944	fDroneSelectionProbabilityFailedMaxCooldown
0eecab7d	nMaxLOPLocationHistorySize
0eee8f92	fIconSnapDuration
0eef913a	fCameraWeightShift
0ef0db68	fGatherDistanceCff
0ef146c6	curveBulletDamageModifierByAngleCurve
0ef397a2	psOverchargeParticles
0efa84c4	locstridRewardNameRandomEventMissionDrivingJob
0f001b10	fDrunkLevelThreshold
0f03afcb	Slot6
0f07b1f6	sTriggerBhvContextualHackParam
0f0929b3	locstridReward
0f09bbd7	fileMapAlphaMaskTexture
0f0d018c	fCarLifeToTriggerThiefFlee
0f0fb6fd	ChaseEscapeVehicle
0f11cd6d	ClimbUp_To_ClimbOver
0f158a3d	fSunStaticShadowThresholdAngle
0f18583e	sndtpLockOffSoundType
0f1a4383	EntitiesToHide
0f240c47	fMaxHealthPercentage
0f25319d	tmplMainPlayer
0f2c707e	EnemyTypes
0f2d4fb0	degangCatchupAngularSpeed
0f339bdd	StayWithOwnerDuration
0f37a7e7	HandbrakeBlockHeadOn
0f381518	MasterAccuracy
0f3b614b	texturedbobjectDroneDockSpawnCT
0f3ba16f	CompatibilityData
0f3c2bd8	sndHackedByPlayerSound
0f3f508a	fWeaponAngleOffset
0f3fb7a8	fVehiclePartBulletDamageChanceScaleMin
0f40dafe	ProfilerNameConfig
0f431c86	ImportantObjectAlert
0f43a933	discoverysettingsDiscoverySettings
0f4453bf	StateParticlesSystems
0f46eedc	fPickingRadius
0f47c8f2	bCanBeCollected
0f484dbe	TurretProximity
0f4963ec	fInitialHoverDuration
0f4a0f5a	bReverse
0f4b7e0f	profilingpathpresetPathOnAlarmPreset
0f4bb260	locstridRobotAttractor
0f4e3488	bIsLoadingScreenVideoLooping
0f5086d3	fSecurityCameraDistance
0f5101b4	InitialVelocity
0f55ed50	ScreenGlowRebootPart1Params
0f59f0c6	FelonyChannel
0f5e4baa	EntityId
0f64bb73	fPuppetHackWeakRange
0f65792f	sndWallaSoundStartEvent
0f6ebc36	DynamicNavmesh
0f8301cc	rcmaterialconfigRcMaterialConfig
0f840582	iFemaleStreet
0f8d249f	curveTemperatureCurve
0f8e03bd	fileReticleShotgunRedAR
0f98eb09	SwapWeaponSpeedRule
0f991b54	ConfigSelection
0f9edb0f	matHudScreenOnMaterial
0fa3067f	Animation
0fa33460	fileCycleMoveStateId
0fa50d46	fRuralUnrollRadius
0fa731a7	RingOfSteelActivationTarget
0fa73206	StopDistanceThresholds
0fa73be8	fHackLineAvoidFrontPositionFrontPushRatio
0fad7b71	fExplosionHackRadiusModifier
0fae3a06	fSuspensionMediumSpeed
0fb0d74c	DedsecPropagandaInfo
0fb9ae35	vectorOffsetMaxBack
0fba2ad1	progressiongadgetwithemptyOverrideGadget
0fbeca68	fWakeUpLookNearPlayerAngleMinDeg
0fbf35ac	CommunicationDisrupt
0fc0d915	selAttractedToType
0fc66eb0	vec2FollowPYEnterTimeSpeedRange
0fc8805d	fMaxSpeedOutSearchZone
0fc8e462	bEnableCameraPosExitBonus
0fcb5509	curveCloseRangeSpeedModifierCurve
0fd3eb4a	matOverchargeOffMaterial
0fd5f426	tagcategoryTagCategoryFirst
0fd5fe67	fVolumeScaling
0fd77357	ScanZoneDetectionRateModifier
0fd838c7	selChainType
0fda1066	locstridInsane
0fddb6a9	uicolorpalettesettingsOnline
0ff1d810	fPlayerJoinedSessionLogDuration
0ff40315	locstridRemoteControlToggle
0ff4dc38	selFlankMode
0ff5ccd6	sndMapZoomInEnterSound
0ff62514	fDelayBetweenPasses
0ffaa1e6	humanconfigGrunt
0ffc7b58	bSaturationOverride
0ffd4abe	mapicondescThreeDPrinter
0fff44b8	bActiveAccess
10002c56	fLookAroundCountMax
10136c42	sndAlertSoftState
1014d0da	uicolorpalettesettingsSecurity
1015effb	curveDamageRangeCurve
101c2280	vec2CatchupSpeedControlCamAngle
10239e25	fResetStrategyCycleTimer
10246140	fileLockedThumbnailPath
1024c168	vectorBonePositionOffset
102eabd9	OnFootRaceNodeRules
102f4304	sndProximityWarningStopSound
1031e549	FailureWarning
10337612	OnVehicleFocusLocked
10345878	archetypeconfiglistRaid_02
1035175c	bLockPhotomode
1035691f	fVehicleVsVehiclePartsDamageScale
10412573	fReactionToThreatProbability
10422cb3	fLowerBack
1042b114	fsearchAngle
1046aeea	fMaxDelayBetweenBuddyGunshot
104bc80f	texturedbobjectStealBotnet
104cde8f	Properties2D
104f7ee2	fOffsetX
1052203b	HighValueCharacterOverrides
105c53a1	vectorDisplacement
105d99c8	censusactormemorydefinitionMemoryToApplyOnFighterWin
10631e56	fDayExposureValue
106567b3	bOverrideCategoryBudget
106748a4	DamageType
1067ab39	MainAccesorName
106e6f52	fDelayTimeMultipleOpponents
1070e1c5	fYawVelocityDamping
10729118	FlashSound
10752ced	SoundFX
107c5094	Relics
107d50b7	Pedestrian
1086d4f0	fRotationYawMax
10877fdd	RequiredContracts
108ae880	fComfortZoneAbsoluteMinRadius
1090caf7	fGearChangeRpmRate
1092ebfa	iStretchPauseTimeInFrames
109774b5	vectorOffsetMaxFront
109864d2	vehiclebhvsetupFollowersBhv
10988848	fSpeedMaxExtra
109dd5e0	selFullZoomInLayer
109e404f	bIsFakeGI
109f2030	TeamName
10a1ec7e	DroneMalfunction
10a4b7e2	fDrunkLevelLimitLower
10a56cd3	Phases
10a73575	SeaLionBank
10a85614	locstridSequenceScreen
10ab294f	bHackLockLineAvoidPlayer
10b307ae	DemandInfo
10b8e2ac	fTrapperOverheatDelayTime
10b9c123	fSpawnRadius
10bdd35f	AvatarSwimming
10be3d20	SDFFontSmoothingMin
10be5556	selRangeType
10cc7f6c	MindjackData
10cef79c	fPvpVehicleVehicleDamageScale
10d67955	NexusmonDefault
10d7fa93	clotriggerbhvsettingsTriggerBehavior
10d91fa0	StatusLightRebootParams
10db7589	ExclusionFilter
10dc346b	fObstacleMinHeightForCollisionStumbles
10e716ce	locstridFallbackMemoryDescriptionText
10eb4962	locstridSequenceBadInputMsgLocId
10f08220	fWeightPercentAtPick1
10f2c620	sndDeploySound
10f7964d	sndJammerSignalActivatedSound
10f8df87	fOppressedStateTrafficDensityScale
10f94a0f	Contract
10fd280b	SquadConfigs
10fe7eea	sndswtpPlaybackMode
10feaaef	locstridWeaponUnlocked
111e442a	fLeftCalf
1121166e	Alpha
112215cd	sRewardIconBankAccoundRich
11302a63	fMaxDistanceScore
11323a50	fChassisUnitInertiaYaw
113326f0	selTagIndicatorDefense
1135a2ac	sndvarLaggedRPMSoundRtpc
1136f9eb	progressionatomAtomId
113755a6	RacePathModifiers
113dbcd5	tagcategoryFlavorTagCategory
11418542	SafeAndStressedDrivingSection
114a1f6a	fWitnessKillCivilianWithCarTime
114b368d	SetItems
114f9f9a	PlasmaShowSettings
11534c8f	fTargetLostDelayMax
116604ef	bInterruptUntilChaseEnd
116b1eab	BoroughUprisingOps
117045de	fTendrilFadeOutStart
1177e5ac	uicolorpalettesettingsDefaultIconColor
1178a8d4	PlayerZoneSize
1178c2e5	bUseFakeRevLimiter
117de56e	EpisodeRanges
1182c876	sndSearchState
1183480d	CheckLKP
1185b690	DamageScaleMultiplier
11875804	bKillParticlesInsideVolumes
1188227a	Curving
1190107b	SlicingConfigs
11930e4b	sndtpOverheatStopSoundType
119346ee	LayeredAnimation
119869fd	selDamageType
119a5b00	ExplosionTrigger
11a00162	Beam
11aaba2e	DistrictOverrides
11ac1967	fPopupDisplayTime
11ad5d66	fNormalDrivingMaxFrontLatSlip
11b0ba96	bOnFoot
11b13755	uirendertotexturedescriptorDescriptorType
11b37029	fIconAnimationTime
11bbbd45	sndMixStart
11c7cd29	droneconfigScannerDefault
11d1e11f	colorMissionTrackedIconColor
11d6055f	bUseDistanceToUnspawn
11d99924	psCombatParticles
11dbebd7	RCFlyingDroneDeploy
11dbf55b	Arrest_ForcedOutcomeCombat
11ddc3a9	sBreachBackupAnswerCallID
11e717a4	fJogSpeed
11e9da0b	uimenupageNewGameSaveMenuPage
11ef6b36	sndswvlDefaultGear
11f38e31	PlayerQuickstepSpeedMultiplier
11f39079	phonescreenmatMaterial
11f52991	LastRelicPieceFoundBarkId
11f75e6e	vectorFixedCameraOrientationOffset
11f76a92	ConfigVariables
11fbf33a	fMaxRPM
11fd150e	bShowDuringCombat
12110dd8	PedestrianWithAnimalExcludeTags
1212a4d3	camerablendlistdbPivotCameraBlendInParameters
1217d591	ErrorCount
12204adc	uiIESProfile
12236786	ObjectiveIndicators
122ae531	bAlignPickableOnAttach
122de956	bSymmetric
1237d4d9	archPickup
12394555	fSpeedFactorJog
123b4c35	DefaultSettings
123cdd08	FootPitchLimit
1243a440	RewardValueGetter
124abbab	bHighPrecisionVisibilityTest
125311c7	MinNbrProtector
1265c916	fileDriveHandling
1266834b	OasisID
126f3d1d	sTriggerBark
126fa3d4	fPatrolDefaultSpeed
1272c7a9	fPostStimDelay
1273491d	fMaxHideDistance
127446e6	fDisableCrashMagnetOnCollisionSpeed
1277a698	fSpiderIconMinRange
1279e9d9	OnlineDifficultyLevelOffset
128e42ba	vectorShakeTranslation
128efffa	sndCollectCoinFinish
128f2c53	FilterSettings
129168ce	texturedbobjecForceOpenHack
12974690	bIncludeHumans
129a2a19	FullScreenTutorials
12a06a41	tagcategoryselectionHumanTag
12a31c60	bAlwaysOn
12a62804	EpicNPC
12a637f1	RainStart
12b33a85	psLeavesParticleResId
12b51f04	fDelayBetweenReactions
12c1dced	uicolorpalettesettingsNormalEnemyLevelColour
12c22a3a	fProfiledAggressivePeople
12c31657	MyCloseObjectBigBroken
12dd847d	lightcolorsettingLightColorSetting
12de1eda	fGradingColorStrength
12df8b1d	sndHackingEngineOverheatSoundId
12df9d3d	RankIcons
12e1fb6a	availabilityrulegroupCatUiEnableAvailabilityRule
12e41ac8	CaptureMeInNews
12e4c8bf	degangShadowInnerAngle
12e73bb0	VegetationSound
12ee37e8	Themes
12f1d8e1	selReactionType
12f43a92	Factions
12fb0c96	OpSwap
12fb9486	FelonyTraitData
13019837	sndvarCollisionSpeedRtpc
1303759d	fMinLoadingFeedbackTime
13099775	VehicleBlackboardDescriptor
130aaabf	sndCooldownStopSound
130be6a7	fCatchupSpeedSprintMultiplier
1319d4d6	CProgressionModuleChallengesSettings
13237e84	fMaxYawAccFactor
132387bc	fCoverFrontExitAngleAiming
1325fbe9	fNominalRollWave
13269f81	HandbrakeBlock
132928b7	locstridNavigationAndDriving
132c0779	MessageDuration
132c4955	sndDigitalSearchStartSound
132cfd96	WarningChanceYell
132d3266	bActiveEventManager
13314513	bActivateDrunkEffect
1331b453	Ranges
1334f249	selFocusOutlineColor
13362ecf	DistantLightsSettings
133adff5	RespawnConfig
133ff243	locstridFailLocId
13405e04	ScreenGlowOffParams
13416a1c	sndtpWobbleSoundType
134fdff6	RewardLists
13534d12	fFakeGIBlendInTime
1356767d	fMaxCooldownToSelectSameDrone
13590036	bProperties3D
135bff80	vector2MinAmbientBasisVectorFactors2
135eb1f1	VehicleExpert
1360b177	matimpCrushImpact
136567c4	bDoActionOnSpot
1366678b	fFontSize
1368310c	ContextualData
136c811b	bUseShortcuts
136e1a15	fLaunchHelperShakeFadeDuration
1378009e	PlayerPlayingARGame
137b1daa	CanBeActivated
137d4f33	fEscalatingSoundInputMaxDelay
137f08b8	fSearchBarkAlertSoftInspectionStartDelay
13850d86	selMainSwitchType
138e30a7	ExternalBind
138f1445	BlackoutStop_Night
138f5bdc	sCTOSDispatchCallID
1390fbb7	sndConnectionLinkToCivilianSound
13975c32	SoundRegion
1397d3ca	locstridMissionText
139f654b	fRotationYawCushion
139f7916	SteeringControlParameters
13a069c8	uiReactionHandicapMinCornerCount
13a35e4f	fPuppetHackRange
13a7722a	GameplayContext
13b2a731	bAreAllPlayersNeededForThePhoto
13b9ffff	CollisionStims
13bbf214	sndswvlAudioSwitchValue
13bc67fc	DedSecAppSettings
13be0886	fAlreadyInside
13bec445	fleebehaviordescriptorInterrogatedFleeBhvDescriptor
13c82caf	fBodyshotDamageMultiplier
13ca9bc0	Fear
13cd5765	sndtpHackingLeverageSoundType
13d21aa7	bCanHaveChallenge
13d4b767	bIsFilteredMidZoomIn
13d6cb8f	fReverbLevel
13da366b	CallHitman
13dc9cf7	interactivetalkergameplaydescriptorInteractiveTalkerSettings
13de275e	fDayNightBlendTime
13e16f3c	fWalkSpeed
13e478df	sMainContainerName
13e8c6e7	iGrenadesCountInVolley
13e8ede9	fVehicleVsVehicleRestitution
13e9c069	fSlideOverMinWidth
13eaf4a7	locstridDroneDockSpawnRiot
13ee02ca	SeeStickyProjectile
13f10b62	bPhotoShouldIncludeAtLeastOnePlayer
13f4b201	fWeaponWheelFadeSpeed
13f5f2da	entScreenEntityId
13f8fe24	fCheatScalingMinInterval
13fd054b	fRandomSkipDivisor
1401e2a0	fTextureIndexSpeed
14040505	InstantDBNO
14041d1e	fPlayerNeutral
14088dca	selPoseDefinitionId
1411ab72	fSuppressiveFireProbability
1412ad88	fSpeedDecel
1414125c	uisoundTeamSpeakCancelSkip
1414c443	fRandomConnectionEntityFillSpeedMax
141acc95	sndEndSound
141bec33	Decals
141fe54c	RequiredFlagsList
142497c3	sDecryptCallID
14263109	curveSteamEjectionPushForceOverTime
14280807	fInBoatWarningDeltaDistance
14290c0a	selLastAIState
142a114a	newdetectionconfigNewDetectionConfig
14332231	tagcategoryEthnicityTagCategory
143bb25b	bCanBeDestroyed
144292bf	fMaxLookAheadCurve
1443f16a	fAssistStartRange
1449825f	sndWipeFiring
144fee9e	LowIntensity
1452b141	locstridVehicleDestroyedLocId
1454452c	fGaugeTimeToReachBottomHuntModifier
1455a920	fEffectMinLifeTime
1456c8e4	fV2MaxRearSlipChangeSpeed
145b613a	sndtpOpenRackSoundType
145ded47	selSpawnPositionBehavior
14685d0c	bUseSpeedRandomNoise
1468e0ef	fDeactivationDistance
1469d69f	fileBink
146e40a3	locstridLockedByAccessIdWarningMessage
14732343	sndSwitchSound
147ab415	phonecommunicationsettings
147e5398	fTurnSteerSpeed
14867206	archAnimalArchetype
1488371a	ActiveTest
148af687	locstridMessageToSendWinLocId
148ee4f3	bUsedInWaterMask
14935bb3	psRiftOpenedParticles
14958ad5	selFlag
14968173	fHackLinePositionSmootherStiffness
149cae0c	sCuriosityBark
149df5ef	fHackLockLineStartAlpha
149ecc2b	sFireChargeEndRumbleId
149f957c	bBarkTargetKilledAnswerInVehicle
149fee29	fIdleTimeBeforeIdlePageIsShown
14a0bd12	locstridFullNameLocId
14a2c666	locsectionidIncome
14a3e010	sndHackingHitmanSoundId
14a59520	fStickingMaxSpeed
14a8d321	matRingGlowHijackFpvMaterial
14addbd0	selRailwayLineId
14b3939c	fOscillationPeriod
14bbae7d	locstridSoloObjectiveLocIdFallback
14bcc171	coverselectionparametersCoversJammingSecondCover
14c1f836	bDropIfNotThrown
14c370dd	vec2Value
14c74242	texturedbobjectIconSmall
14c75eb5	selSubtitleType
14ca7a45	OnlineNormalisedAILevel
14ca96e4	vec2PivotLag
14ccbdaf	uimenupageWardrobeCategoriesPage
14d00c84	curveWorldShadowContribution
14d194fc	bBarkGroupMemberShotIgnoreInVehicle
14d4f8e5	tagcategoryselectionEpicTag
14dcbd9a	fRandomConnectionRandomDurationMin
14e6423d	locstridUnlockMessageHeaderLocId
14ea9167	mapicondescObjectiveUntracked
14eb0518	SkillSet
14ee5c8e	Variations
14f0b414	bUseEscapeArea
14f754d9	sndWipeCharge
14f7c9ad	bIsSailBoat
14f8147c	psPlayerVisionLossFX
14f9631b	TargetRCDroneIntuitionRadius
14fa039c	sndHackingDroneMalfunctionSoundId
14ff8cb2	PoolSelector
1501643b	bDeadBody
15027fbb	selDefaultActivityType
1507f14d	bFailOnPlayerDeath
150c7f6d	fLaneSwitchUrgency
15117976	fTransmissionModRPMActivationRatio
15128073	IdleBreakerStartDelay
151b0755	sEmoticon
151b54b8	MeleeCombatOccuring
152be048	locstridGoalProgress
152e16ba	DriversExcludeTags
153182ef	fEnginePowerMultiplier
153554f6	nParkingLocationCount
15358bc9	fCoverHeightAnticipationPmsMultiplier
153612a1	CellSettings
15390156	vec2ShootingSequenceDelayLength
153b4531	bNeedsElectricPower
15413987	cameracontexttriggersContextTransitionsTriggeringConditions
1542140b	CtConfigSelector
1543f5ef	uicolorpalettesettingsNarrativeRewardBackgroundColor
1552e435	sKey
155c9032	bMustKeepPlayerDown
155f8694	VisibilitySettings
156351cc	locstridStateId
1567432a	MaleToeBoneToTip
156a188d	vectorLaunchHelperShakeXYZminRange
15757642	tagcategoryselectionSIRSTag
157898a9	Logic
1578a190	sndWallaSoundEndEvent
157cae48	PersistentLayerUIResources
15836e65	NormalVehicle
1584313b	locstridActionText
15872637	fSpeedModifier
15881dfe	bUsePGTArenaAsFleeThreat
15888f1e	fPlayerInteractionConeRange
158aa551	StateStunned_MediumDuration
158f018d	hidMigrated
1598138a	fMinimumPlayerCameraCurvePowerAddition
159ec046	gpctxspecHighEnd
15a04eda	bDirectional
15a151e0	curveGaugeAngleToTargetvsTimeModifierCurve
15a38aee	fStageBootDuration
15a4a50f	sndWarnState
15a7103e	fBriefingUpdateDistanceToNpcTriggerDistance
15b6414a	aispawningtypeArchetype
15b6ad2f	bTriggerOnProfile
15bce9b3	IconLocations
15bdc8bb	curveGlobalLightsIntensity3
15c46ef1	bIntensityOverride
15c61685	tagcategoryselectionblackboardCLOActionTags
15c99421	fHigherHeightAdjustment
15cfe647	MaxSpeed
15d4a8e0	locstridResetSceneLocId
15d90077	sndJammerSignalDeactivatedSound
15da0c49	Decal
15dbb1b6	PlasmaPersona
15e33524	fMaxEntitiesDistanceToPlayer
15e349f9	fMaxNonCarEjectSpeed
15e35fea	LocateGameplayDescriptor
15e87663	fRubberbandWindMultiplierStiffness
15ebaec6	ProfilerDefault
15ec6ef0	GlassCarWindow
15ed0b67	fHoldPosBeforeFiringTime
15ee7ead	archDiamondPickableArchetype
15ef19de	bCanUseStunCinematics
15f6c4bb	fWeightPercentAt0
15f6d95a	colorContrastColor
15f7f7bb	selDamageStates
15fa948f	locstridPoliceRadioDisplayName
15feaaf4	fDelayBetweenWeaponFireAttemptsWhenHacked
15ffdcdb	fMultipleScanExponent
160b435e	bNeedStraightRoad
160b4f20	WaterSettings
160bd7f1	uimovieclipeffectsEffectsSettings
160dbf3d	fDelayMin
160f3bd0	fScaleNoise
161562e9	sndDropSound
161675d6	fReticleBlockedTolerance
161a0133	fPreShootingAimingTimeMin
161f5063	fTextureRepeatLength
1622c2e7	fYInteractLockTimeWhenFallingDown
162ae2b3	fLookAroundClearanceDistance
162daf7c	sndWipeStartSound
1630abf4	Spine2
16344717	OnLeaderQuitAnxiety
1636d21b	fFakeGearShiftFrontTransAccelLag
16389ca0	fAlertHardBarkFirstWarnStartDelay
1639d095	fGearShiftingTime
163b8d6a	bHasScaledRewards
163ca2cf	fReachOriginSpeed
1641dadd	mapicondescObjectiveOpNodeActiveSelected
16468279	colorChargingGaugeColor
1647dca2	vectorThreatChangeDistances
16496cc0	bOverrideVehicleDamageConfig
164ace08	fTargetingPulseBaseIntensity
16504209	texturedbobjectDroneDockSpawnNews
165329b8	IgnoreDistanceRule
1653fe4d	uiValue
165581cd	selMemoryType
165857cd	sndAppStop
16597678	ThreatProximity
165cff59	fScreenPercentY
165dc792	PauseMenu
1664515a	Damage
166c01a2	locstridRewardDataDriveImageAcquiredTitle
166ff778	locstridTeamateStillInWarningLocId
16713a15	fConnectionLinkToPlayerWidthScale
16723227	vectorSearchAABBExtents
1673ffcd	BlackboardInitializers
16757c6e	fPlayerCoop
1675f4ad	sndTimerOver
1678ade4	fRainIntensity
167a27a8	bShouldMonitorSafeTimerCheck
167bb5c0	fBorderThickness
1683358c	vec2PitchAngleMultipliers
1684347d	progressioncollectablecategoryDartsCollectibleStringId
16873e54	uisoundChangeShirtsSound
168a30e2	uExteriorTimeOfDayRangesCount
168aade0	mapicondescObjectiveObjectiveGlitched
168b8c47	Bosses
168b8f17	aispawningtypeReplacingArchetypeForGrenadier
168da99d	uicolorpalettesettingsCombatClampArrowColour
168f5a7d	locstridLocationDescription
16933e11	fBagleyDartsPhoneCommCooldown
169630bc	bExposureOverride
16970e38	fSwerveChangeRate
16978a6a	CapturedDelay
16982a44	UIElements
16983825	vec2FocusRange
1698bb40	cameracontextFixedCameraContext
169cb0fc	fShootRange
169cb9e1	CLOPosData
169d10f7	fMinIntroHeight
169d3020	psParticle
16a57356	fWanderHeight
16a824d4	fileFlowResource
16ac1a5e	colorIconColor
16acc0a7	curveGravityFactor
16adb492	fileTextureResource
16ae4ec3	bNormal
16b029f7	MeleeRules
16b132ae	BoneId
16b42f6c	sndFinishSound
16be6fa5	bRescuerAllowAnyProp
16bf2f2f	uisoundDrivingStartAimingSound
16c2a01f	ConstraintParams
16c4e4fd	fNominalComToWaterZDistMediumSpeed
16c9fa3f	fBackupSystemSoundDelay
16ca79ef	Driver
16ca90e7	fEventWindow
16cabdd2	sndtpHackingIngredientLockedSoundType
16d59446	robotpersonalitymoduleparametersPersonalityModuleParameters
16d8af32	DroneApproachStateSettings
16d91aaf	WorldActivities
16dbed91	Transitions
16e124fa	fBarkFindYouStartDelay
16edad6a	NavLightsOnParams
16ef043e	BulletDamageMultiplier
16f3b946	IdleStanding
16f4d1b9	selReinforcementAgentsAffiliation
16f60a5c	locstridMessage
16f88b47	PlayStyleEvaluator
16fd2b11	SitExcludeTags
17029a6d	UnsupportedEvents
1705b61a	WDCreditsCurrency3DMediumQuantity
1706a520	CoinAmmoAIRushDuration
1708f3a3	RewardChannelFeed
170c034b	fEscapeTimerMultiplier
17133baf	fFormantShift
171774dd	bIconRevealedShowOnlyInLOS
171a8293	RCJumperConfig
1722d7a2	Track
172643d8	texturedbobjectLeverageRuin
1726ad11	fFlickerPerMeter
1727a2db	psWipeAttack
17370acd	fCoverCornerAutoSnapDistance
17373d75	sndtpHackingUnproxySoundType
173d5b88	locstridSkillPointAddedDescription
173e44e0	fMinTyreTemperature
173f69b0	ObjectiveLogic
17424646	locstridNavigateMenuLocId
1745eec7	Rim
174b142d	searchingZoneEndRadius
174b4c72	AutoTagAccessKeyNPC
175558be	colorremapset
175658a3	locstridModeRealNameLocId
17565ef6	VehicleItems
175675d0	sndstvlDRAMADirectionDown
17597a15	DroneGameplayDatas
17599c61	archetypeconfiglistRaid_06
175aba36	accessidAccessId
175e94d6	fHighMaxAngle
17602593	Rain
1769e98a	iHowManyDeathsMustThePlayerDoLocal
176ef66e	fReTriggerTime
1771277a	nMaximumNumberOfPasses
17735624	SoftLock
1773c467	TagConflictGroupEntry
1778ec0c	cameracontextPivotCameraContext
177d21fa	RCMalfunction
17817db9	locstridExoticLockReason
1783379a	fHealthRegenerationDelayInsane
17875b98	fWeaponHeatIntensityMax
1789a21e	bATM
178aae08	HumanOccupationFilter
178cde7f	Physics
178d46f7	fMinDistanceToFindVehicle
178eb21b	fClampScreenThreshold
1793a044	archFinishingCoin
1795cb2b	SceneTemplate
1796489f	fNormalOnFootCircleStartRadius
179aaf0e	ScheduledRespawnConfig
179c4f8e	DetectorStealth
179f4842	LocationDescription
17a7f2f2	HackList
17a9db82	bBeamShadowProjection
17ab878e	bIsFarMode
17ade2a2	bUseV2
17ae0db0	mapicondescEnemyPlayerMapIconDescription
17b25eff	sndswvlSoundSwitchSlowObject
17be4e5f	SlotsNumber
17c271a3	selNewnessNotificationDisplayType
17c6bcb5	psShockDamageParticles
17c75b07	bSuspendedUntilFirstTrack
17cb357d	fSpeedForMinSteerAngle
17cb9eb7	TrafficBlockedStatus
17cbd1ca	sndTrailPersonalBest
17cd2cfa	sMassHackDistractRumbleId
17cd60c2	colorRandomConnectionRandomColorMin
17ce76a9	DeliverySpawningBoxes
17ceecdb	fLookAtHeight
17d4ca53	AvatarStunned
17d6a160	sndOpenRackSound
17dba116	locstridCoopFollowerObjectiveLocId
17e41848	CommonRewards
17e4d2aa	PackageDeliveredBarkId
17e5eade	fHackLineAvoidBaseSegmentMinLength
17e83f18	fVehicleVehicleFriction
17eb03f1	ClimbOver_To_JumpOver
17f1f526	fOverheatMultiplier
17f5fc0c	uicolorpalettesettingsCoopColor
17f61668	matScreenPlayerOverchargeMaterial
17fec0d6	texturedbobjectRemoteControlUp
18063b8d	vec2AutoLockRangeMultiplier
1808111f	InVehicle
1808d517	fFovAngleXMultiplierForTargeting
180b2976	fBoxShapeForwardOffset
180bbc23	FeedbackNames
180cd55b	fTendrilHeight
180f5167	sBeamMaterialName
180fc888	fHumanTakeDownMinDistance
1810886a	vectorOffsetMaxLeft
18116a63	bUseSoundTarget
1811a9f1	CLOId
1811fee2	GeneratedStims
181d57a0	fHorizontalThreshold
181d7df1	PlayerClasses
181f0c57	HeatDecay
1826113e	fTailDistance
18278c28	vectorNoiseDetailVelocity
182aa499	vec2EnticerSearchMinMaxDist
18385a0b	iEmissionCount
183cd630	HackAreas
1843b084	NakedBodyItemSelectionTagCategories
1843d7f5	sRightStickY
18444ed4	fCover2DefendPointAngleWeight
18475b81	ProximityTriggerFastDisplaySettings
1848295c	HipsPitchLeanVelEnd
18488ae9	DistractedDetectionRadius
18516c6f	uiLeisureSpawnWeight
185215e9	ParticleEmitterParam
185aec24	bForceOnSpot
1861711d	fV2MaxAngle
18664b6a	RaidSteps
1869d427	locstridDestroyConvoyMarkerObjectiveLocId
186a582d	vec2MalfunctionRange
186ba7b8	fSlowdownMinSpeed
186c33da	RulesSetToParticlesSystem
186ce05a	fLowHealthSpeedModifier
186ceee5	fDroneSwitchAllegianceRebootStartTime
186ddffa	tagcategoryselectionEthnicityMiddleEasternTag
1872fcfd	bDetectThreatPlayer
18743876	videosBinkVideoTutorial
1875c772	EraseTransferTypeSettings
1876e6f5	selConstraintType
1878e0e4	locstridCloneAccess
1879f462	fVerticalPositionOffset
187efedd	fSteerAngVelScalePanic
18819eb0	psWaitingPlayerParticles
1881e056	sndtpSFXMachineGunChargeLoudType
18842c28	curveCheatLevelTimeScalingCurve
188604ef	bForceCombatOnTarget
188a0565	fBackWheelLateralFriction
188b51db	fRecentOnFootSpawnRadius
189089f1	matScreenPlayerMaterial
189670b8	LocationSelectionBlackboardDescriptor
189d4340	bIsAShopVariety
18a36d32	fReticleFocusBounceFeedbackDuration
18a82318	tagcategoryselectionTubeStationTag
18af96c9	sMaterialSlotName
18b1af85	mapicondescEnemyPlayerMiniMapIconDescription
18b1cf9e	fColorTemperature
18b4dc29	bForbidFlee
18b77dbb	fRotationYAmount
18b8c0de	Scene
18ba0431	DroneTypeFlags
18ba547a	fileFeuPath
18be6789	PmsCondition
18c24696	PMSValuesNeeded
18c53eed	vectorVisibilityIconOffset
18c71423	fNormalDrivingMaxRearLatSlip
18cae497	psRiftTeleportingParticles
18cafc43	selBudgetSubcategory
18d060c5	RunningAnimationData
18db44d6	sndStopSound
18e6f614	logmat
18e71d6c	sRewardIconRandomEventMissionConvoy
18e8ce53	fMalfunctionChanceToTargetEnemies
18ed0e7f	fCrimeActionDuration
18f164d6	bAmbientDirectionalContrastOverride
18f775f2	sndColletibleSoundOnDisplayed
18fed6a1	tagcategoryselectionblackboardLeisureTags
19005aca	bProbeSkySaturationOverride
19031fd4	fChainedJumpOverGapIdealWidth
19079093	fDefaultPlayerCameraCurvePowerAddition
1907985c	fShutdownMoveToHeight
190905c1	ScreenEntityId
190aa117	unitgroupUnitGroup
19100f4a	fMaxDurationLowerLimit
19110fac	itemlistDefaultInventoryItemList
1912b1b9	RotationData
191986e1	TargetInBlackoutTimeToReachMaxModifier
191ca8c4	locstridTargetLostWarning
1926ff2c	SRetargetingBoneOffset
1929010f	fHighDamageValue
192d02d6	tagcategoryCustomPartTagCategory
193203e4	progressionteamtraitOperativeTeamTraitId
1934c0a3	DeleteLocked
1936f921	fTimeBetweenWarnings
193931d3	StateAlertSoft
193f3594	ParticleSystemAttachBoneIndex
193fd7de	Shield
19447dbd	sndMenuShow
1945d45a	selIdle
194c66d0	HighlightData
195593e6	StateModifierConfig
1955981b	fShotBeamScale
19595b5c	fParkedCarsDensity
195be6ba	fMaxSpawnDistance
195ff67a	psWipeFiringParticles
19612b58	curveSwitchAllegianceDetectedBonusRangeThreat
19647375	fSpeedMax
19673e91	SquadConfigType
1968a7c2	boneoffsetBoneOffsets
1968dd32	progressiontraitgroupswithemptyOverrideTraitGroup
196e5220	fDeflationDamageThresholdFromExplosions
196e9bb6	ObjOutcomeForArrestedAndUnspawnedActor
196f5107	SeeTakedownStealth
1970c17d	sndShopOutSound
1978ac2e	GrappleStunChance
1978d849	selTimerDisplayPosition
197c8313	Quirks
198050d8	VehicleCarExitLeft
1981fc07	JoinInProgressSpawnPoints
1985bd27	fLowQualityKillDistance
1990af14	archetypeconfiglistElite_Overwatch
19944489	sndGearShift
1995d4fa	progressionelementProgressionElement
1997bde1	fRebootPart1DurationRatio
19a7e64c	texturedbobjectDataDriveAudioTexture
19ac2e3c	fGaugeTimeToReachBottomPlayerSprintModifier
19aec773	VideoFile
19b1a31a	selCoverAimingRight
19b572d3	vectorClampEllipsePercent
19be9f25	fTurnOnSpotEnterAngleThreshold
19c2793f	MaterialLogicSurface
19c797c8	DGRole
19c7c702	fFrequencyTwo
19ca73c4	locstridCompletedLocId
19cf4123	InventoryItemLists
19d6f63f	texturedbobjectRevokeRendition
19df72bc	fScanSelectDistance
19e067ca	curveTriggerChanceModifierVsDamagePercent
19e26443	fCooldownBetweenEvaluations
19e57877	prismPrismActor
19e69416	Materials
19e6b12a	fFadeInStartDistance
19e8d00b	fTargetChangeLocomotion
19e91dd3	Input
19ef6456	DroneSpawnInfos
19fa5eb0	texturedbobjectDroneDockSpawnRiot
19fd0a38	sndHoldCancelSound
19ff9605	StandAndShoot
1a012ca8	fProgressBarDelayToHideDuration
1a030ff7	fMinimumWheelieLiftoffForce
1a049205	fIndoorOutdoorAdditionalOcclusion
1a0ba2c7	locstridTBoneRightWeapon
1a0c881f	fRareRewardMaxPercent
1a166cc3	fShoreWaterSoakingSpeed
1a16be8d	locstridTrackDesc
1a18865b	fileMoonTexture
1a1ae1bc	bRequiresSystemicNarrative
1a1e31a9	ScheduleProfileCardTemplateStrings
1a205aaf	sndAlarmCallFailSound
1a206db3	ContractDefinition
1a22b2a4	fGetUpAndWaitTime
1a23dcfe	fBorderSizeX
1a25be2c	uiAgeMin
1a27c085	fLeftHand
1a2967d6	sndEscapeTransitionBeginSound
1a2ec7ae	selHumanTargetArchetypeNavStyle
1a302634	uisoundCarOnDemandOrderConfirmationSound
1a36620d	AnimParams
1a36f32a	colorHackLineColorRed
1a45b6ee	Poses
1a45be58	curveDynamicReflectionGIInfluence
1a47ba85	fLookAtHeightWeight
1a51ae0f	RaidBossBlumeDroneSettings
1a6017db	fCompressionCriticalDampingFraction
1a61323c	sndMapExitSound
1a632ce4	MyCloseObjectBroken
1a685080	bAreTeamsLethal
1a6b72d0	TakeInterest
1a709c60	bScaleLifeTime
1a72891f	bUseWindForceCurve
1a733fa4	fileReticleLauncherBlocked
1a743196	DistanceEvaluator
1a7883f8	LocalGiftCooldownSeconds
1a7adea8	HardCollision
1a7affe5	sndtpHackingDisruptCommSoundType
1a7e22d3	iRandomConnectionRandomFlowCountMax
1a7fc5ce	StunParams
1a802186	locstridInviteContent
1a858b49	DefaultRaceColor
1a8a3684	fCounterSteerSlipAngleLimitAtMaxSpeed
1a8b9a95	IsAvailable
1a8de287	vec2ModerateDistanceRange
1a8e6c35	TauntEndTrigger
1a90607d	BossFightData
1a921364	MinorDamage
1aa19647	sndShotBeamStartSound
1aa49fec	PeopleDown
1aa9e158	AirborneControl
1aadfd36	Anxious
1ab0401d	bIsFilteredFullZoomIn
1abb4e41	fScanBoxAboveDist
1ac0484b	StimDefinition
1ac0ae77	unitpresetUnitPreset
1ac10326	ClosedCaption
1ac1adfc	fEnvironmentSpawningMinDistance
1ac5b2ff	bUseMoveRestrictions
1acb6d86	fActiveCombatCooldown
1ace2b7c	sndAccessCodeUnlockingSound
1ad195e0	sndLobbyMusicStart
1adb5a3f	fAnimSpeedAtMax
1ae1b291	fFakeGIBlendOutTime
1ae52744	fTurbulenceFadeOutStart
1ae56405	fNearSize
1ae680cb	soundregionsSoundRegions
1ae6da0b	bSupportsDamageCurve
1aec36e4	HealthConfig
1af66c44	tagcategoryselectionFormerAlbionTag
1af70003	Attendances
1af8a23e	iDroneSpawnWeightLimit
1afcae56	pcmenuitemItem
1b0a8f9a	bUseExcludeTags
1b0f5119	nethackingconfigPlayerEnemy
1b10b77c	ItemListProperties
1b1a3141	sndSoundId
1b1f1790	bIsReferenceForMovableParts
1b2271de	bActivateTimeLimit
1b2a64cd	mapicondescNorthSymbolMinimapItalian
1b2b8414	selHackableObject_Small
1b30cfe2	fTrotSpeed
1b316762	fAlphaMinValue
1b344ed9	animalconfigSeaLionDefault
1b366acb	texturedbobjectEngineOverheat
1b3727e8	selBarksPriority
1b38275d	bProjectedAlphaBlend
1b39fb00	fRotationSpeedModifier
1b3c9d98	fWetnessThreshold
1b3fc740	curveProbeScale
1b410029	PlayerMeleeWeaponActive
1b41de60	fMaxReadyTime
1b43f269	PlayerAreaMobility
1b46553d	KillResult
1b4da5b5	RCDroneCargo
1b51716b	bSuspApplyDamperScaleOnDiagonalWheel
1b54eaf3	sndHackingUnproxySoundId
1b54ef1e	gctxGameplayContextType
1b587cd1	bCanThrowGrenades
1b5c206b	bRestrictToTurret
1b5c4096	FOVFront
1b5e621c	locstridFailedReason
1b6e05b3	fLOSFailTime
1b6fa3ba	fTemperatureHalfTime
1b7398f2	selSpeakerSlot
1b77c387	DeviceTypeConfigs
1b7a7e75	curveVolleyRandomAngleCurve
1b7e20db	iHowManyStunsMustTheOpponentsDo
1b7e5b19	fAttractSendEvidenceDuration
1b7f7bfb	fJogStopDistanceThreshold
1b845b09	MultiRaidBrief
1b853444	locstridRewardLocId
1b8546c8	fDeathTollTimeUntilNextWave
1b8a7000	CarOnDemand
1b8b4408	StatusLightAiIdleParams
1b8e39d8	HackingDroneDockDeliveryDroneSoundId
1b9243fc	pgtaispawningconfigPGTDifficulty
1b9256fd	bMinigames
1b96cef2	robotconfigConfig
1b985cac	MenuCategory
1b9f84a1	sndPlayerFound
1ba03e87	EscalatingAttractSoundsGAndTypes
1ba631b1	vectorFovSpeedShiftRange
1baab450	AngleDecal
1babd264	bShouldDisplayFleeWarningWhenVehiclePick
1babfc67	PowerSettings
1bafba81	NarrativePhoneCall
1bb32862	uimenupageDataDriveAppCategoryPages
1bb76909	degangvecRotation
1bb9fd9a	sndstgrDRAMAConflictLevel
1bbb400d	mapicondescPoliceIcon
1bbbdf7b	stimsStimToSend
1bbe7e7e	bReceiveShadow
1bbe8630	sndMaximumHeatReachedSound
1bbfd266	ClothingItemSelectionTagCategories
1bc212c4	fAggroDecayRelativeRate
1bc5e18e	bReactToSteampipe
1bc69c64	selCategory
1bc7c756	fHackLockLineMaxJoltDistance
1bcd04c2	locstridHacking
1bcfb02e	sndtpHackingDefaultSoundType
1bd38122	fRealRpmMaxFactor
1bd50783	uiCurrentValue
1bdb3193	progressioncollectablecategoryPubCollectibleStringId
1bdb348e	uiWeaponHeatLightSlot
1be36825	vectorOffsetMinLeft
1be64cca	fMinReticleDistance
1be7e70b	sndSteamLeakSound
1be82d97	uimenupageVisualMatchmakingMenuPage
1bef0b3a	locstridLockedByMicroDroneWarningMessage
1bef3db7	mapicondescCourierIntrigue
1bf017b1	fTakedownFrontAngleRadians
1bf0c174	bIsUsingPhaseLights
1bf3f425	uAmount
1bf432ef	bOrientedOmniShadow
1bf47f50	AdirondackChair
1bf557be	GravityJump
1bf5bfe0	fPostHitOscillationFrequency
1bfcb9ca	ScreenMovement
1bfd95c0	sndtpGearCrankType
1bff67c0	SlideOver_To_ClimbOver
1c004139	ConcludeSettings
1c00faab	sndtpSFXStopReloaTyped
1c03634a	iCount
1c0676e8	tagcategoryTeamTraitGroupTagCategory
1c0de75f	CanUseManualARCloak
1c0eb2ce	AnimalSpawnPercentage
1c173cb2	fSensitivityThreshold
1c21a75f	nethackingconfigCivilian_Common
1c2596ee	fAlphaAnimDelay
1c26f095	fMinCenterOfMassZOffset
1c28d864	SpawningPoolConfig
1c2c85d2	RevengeOp
1c2d4874	RemoteControlAttract
1c33c293	Settings
1c3ae6c1	reputationvigilanteReputationSettings
1c40e81e	locstridDroneDockSpawnNews
1c413e67	IncreaseWantedLevel
1c42c448	fCallDuration
1c4579bc	fIntuitionOnFootSearch
1c45963f	RCTakedownShouldForceDestroy
1c48f8f3	Presets
1c4ef068	stimulusnpcStimulus
1c513d8a	vectorImpulseOnVehicleContact
1c522fe9	SeeTarget
1c597aad	RepeatTime
1c5ad0fc	mapicondescEasy
1c625640	bUseAboveBelowDistanceOverride
1c63e8cb	HackingDroneDockScannerDroneSoundId
1c6575d6	locstridDescriptionTextTemplate
1c68b6ff	fRollSpeedLow
1c6dd486	fFadeFovDistance
1c71145e	fImpulseStrength
1c71269d	bCanBeKilledByPlayer
1c766ea3	sndtpFailSoundType
1c830fa5	fSpikeOffsetX
1c839c6a	tagcategoryDominantPlaystyleTagCategory
1c843b2e	spawnunitsbossabilityconfigSpawnUnitsConfig
1c89b7eb	texturedbobjectExplosive
1c90b6ea	fDifferentFov
1c937c5b	bDisableEnticerVehicleCLOs
1c956e3e	fWeightPercentAtHistoryTop
1c977f77	nStep2AboveLevelDiff
1c9ab12b	fSkySunTurbidity
1c9eb736	nPostStimMinCars
1cb0cef8	vectorAlarmNodesTimeMarkerOffset
1cb25d03	vectorSpeedNoisePRYminRange
1cb483a0	matDestroyed
1cb4e1fa	selHomepageGlassTileId
1cb6900d	fTurningYawMult
1cb862ae	sndvarSoundRTPC
1cbce8e4	RelicPiece
1cc63dd7	fInitialSpawnDelay
1cc7c3fb	fScanAlertDisplayDuration
1ccc3ee6	nethackingconfigCivilian_Legendary
1cccd8a3	vec2StartScale
1ccea415	TrackSetNames
1cd16453	XPLevel
1cd17ba0	progressionmodcategoriesCategory
1cd31c86	fGearShiftDownTransSlowingDownLag
1cd39249	uimenupageRaidLobbyPage
1cd618a0	fileBarkCuriosityFacialAnim
1cd8da38	colorClampArrowColor
1cd9adf4	DestinationLocateDescriptor
1cdb755b	bNeutralEncounterEnabled
1ce2a49e	TensionSound
1ce3fe2f	bWobbleParticleUseVelocity
1ce40550	BareKnuckleLose
1ce498ce	patrolResponseBark
1ce84cad	sndGlobalQuickStop
1cec0713	fAirTimeToTrigger
1cede310	fVehicleSpeedForFullSteerSpeed
1cf0f740	fMaxNPCDistanceFromVehicle
1cfac445	fHackSuccessOdds
1d02c144	fVerticalHiddenAngle
1d03c354	cameralensconfigDefaultLensConfig
1d0a295c	fTranInTimeScaleFactor
1d0af0e8	locstridPlayersNeedToLeaveWarningLocId
1d0b89b4	fCoverPeekingReverseMaxAngle
1d0e4204	WarningStateActivationDialog
1d0e73ef	iFemaleGeneric
1d128e2f	LegacyTypeId
1d17a01d	fOutOfUsefullRange
1d1868ee	HeatLevel5End
1d1c25df	sndBuildupSoundStop
1d231f2f	BorderColorAlpha
1d23bb47	vec2MinHornTime
1d24b0d4	TrafficDroneBank
1d24dfd1	sndWallaStopSound
1d25630d	sndSetYTalkerStateEvent
1d34f5d1	animalconfigConfig
1d38085e	Atoms
1d39f076	nStartSubChapter
1d409e18	bAmbulance
1d41e66d	locstridSubjectLocId
1d48af54	archTileArchetype
1d4d38ac	Descend
1d4f5b05	LookAtsSequence
1d512c58	locstridIncreaseWantedLevel
1d52a663	locstridItemVarietyNameId
1d52a984	bHideObjectiveMarkersAndWireLinks
1d56bb4e	sndtpLockingOnCompleteType
1d5b6f70	fPingFeedbackMaxDistance
1d5defd0	vectorOffsetMidRight
1d644a40	uisoundOpenSound
1d6a5d90	fOscillationAmplitude
1d708822	fOthersLinesTextEffectDelay
1d72b1f4	tagcategoryAnimArchetypeTagCategory
1d775834	value
1d783d37	bParticlesShadow
1d800e10	fFloatingWaterFriction
1d878080	IconAnimationDataRunning
1d879524	fWindEndRadius
1d8c97a8	fplayCombatBarksMaxTime
1d8cd3ac	CtOsConnectionLineSettings
1d8dbe62	uicolorpalettesettingsConflictEnforcer
1d932081	entPatrolPath
1db1e991	FollowPYEnterTime
1db53c45	iNbTicketRareBoxGiveXP
1db53fdf	fMoveSpeedFar
1db8a6b0	locstridwarningAllRoomInactiveHeader
1dc97fee	fSmall
1dca9cef	fileHoldUpMove
1dd297de	fOutOfControlLandingMaxSideVel
1dd701a4	sRandomSeed
1dd94f15	sLobbyLayerName
1ddc5000	fTJunctionPerpendicularAngleLimitDegrees
1de4773e	fMinDelayBetweenWarnings
1de9f542	fDestinationAreaDisplayRadius
1dea5dd3	MeleePushBack
1deedec1	sndHelicopterHack
1df0076d	selPoseDefinitionPathID
1df2e0ed	rulesmithconstValue
1df5c4f3	sndvarLoadDeltaRtpc
1df9c378	EmergencyAlarmStart
1df9c85c	Index3
1dff8479	fleecompletiondescriptorCompletionDescriptor
1dffc2db	fMaxYaw
1e038dcd	sBarkName
1e05f715	mapicondescLocalPlayerMapIconDescription
1e0664cb	locstridNameMale
1e098cd0	sndWardrobeClose
1e0a098c	ForPoliceSniperInLOS
1e0ec674	fileWindGlobalNoiseTexture
1e0fa483	locstridUITemplateForPersonalMemory
1e1304a1	sndFakeDispatchSound
1e161daa	VehicleMassScaleFactor
1e1f99fb	FOVRear
1e238a5d	fAssistanceAutoLockHeadshotRange
1e272136	uimenupageModsPage
1e28dace	fSteamEjectionMaxPushForce
1e28fee4	selSound
1e2a5256	ParticlesSystems
1e2c3372	iFelonyLevel
1e2dba80	bSameRcTransition
1e31d195	Rage
1e362b1d	ModelPropagationRule
1e365ae7	MakeFunOf
1e36b49f	bSendOnleaderQuitStim
1e451866	fRevealByProximityRange
1e4b1c9e	LargeBump
1e4b9959	sndLimitedSound
1e4cc521	gpctxspecGameplayContext
1e4e02fc	curveGripRatioOverTime
1e590e8a	fPingBackParticlesDuration
1e60776c	selSelectorID
1e60b5e9	cloanimalactAction
1e610bb3	fMaxShootYawMin
1e62a324	fNextPatternTriggerDelay
1e63fbe3	uimenupagePremiumShopCurrencyMenuPage
1e671aeb	VisualStereotypes
1e6e49c6	fBeamLength
1e6e7d07	interfaceIngameMapComponents
1e701e8c	fProximityInCarDetectPlayerDistance
1e707527	fleebrickdescriptorFleeDescriptor
1e71635a	Barks2
1e7233ee	missionlistMission
1e756b03	iNearDistance
1e75a47f	psBuildupIntensifyParticles
1e75cfd3	ParkourList
1e79e0d1	HeatLevel4WaveSettings
1e7c12f9	fPrecomputeNextPathTimeToDestination
1e810434	fQOne
1e843846	fClutchTorqueScale
1e87aede	ExplosionArmDamageOverride
1e87c6d3	Pincer
1e8920b7	Plot
1e906add	uicolorpalettesettingsRestricted
1e98e20a	archArchetypeSmall
1e99c03b	AttackTrackingTranslationSpeed
1e99e220	bStartFromMiddleLanes
1e9d4270	bRespawnDroneWhenDestroyed
1e9d8b0b	iPoweredConstraintConfigKeyCount
1e9e055e	fHackLockLineJoltCompressPower
1e9ee763	InstigatorTypesDamageOverrides
1ea0d487	fStep1WeightPercentAtAboveLevelDiff
1ea1c76d	selTimerType
1ea2c6b2	fWeaponFiredSpeedPenalty
1ea306f0	DroneCommand
1eb202fa	fOnFootHijack
1eb3e7fd	sRewardIconRandomEventFoundItem
1eb8af7e	sCinemaPostFx
1ebfd560	ExtraGraphicKitParts
1ec03fe1	ForbiddenFlags
1ec2774f	FakeGear
1ec330fc	fMapFieldOfView_UpperValue
1ec4b5dc	scriptedhackareadbHackArea
1ec6d66d	EnticerShowcaseRatio
1eccad99	Bumps
1ed07b72	texturedbobjectVarietyIcon
1ed0d67c	sndBrake
1ed22d47	sRespawnLayerName
1ed26ba7	locstridDeliveryItem
1ed322bd	RewardsForLevelRule
1ed340d0	Visibility
1eda9a95	Tyre
1edc39d4	CanExplode
1ee4c017	fLockonReticleSize
1ee527fd	fAbandonmentWarningDisplayedAtDistanceFromTarget
1ee55e06	OnAmountItemsAchievedList
1ee6d383	ObjectiveTargetSceneIndexBridgeCollection
1ee8661f	vectorCollisionShakeXYZRange
1ee98d5a	fSurfaceExtractionMaxNormalSpeed
1eeadf32	fPlayerGunLockCooldownTime
1eecd5f5	HumanItemMandatorySelectionTags
1eee3d48	fCursorSnapRangeWhenFocused
1eeec4ec	fTargetVerticalOffset
1ef609de	entLandmarkLocateEntity
1efe6594	sndOPD
1eff6fdb	fTriggerRacePathHintHintTextTime
1f09bc31	bEnableCrosswalkSnapping
1f0e3939	DroneLoud
1f107a0b	bEnableParkingAtTJunctions
1f148c6a	iTutorialDisplayMaxCount
1f1653a3	TagFreeroamSettings
1f189613	entPlayerSpawnEntity
1f1f0338	fRespawnGlobalDelay
1f20143b	droneconfigChaseDefault
1f2030f2	mapicondescCLOEventIcon
1f35cfb7	fMaximumVelocityRatio
1f42101b	fStartSimulationRadius
1f428971	bExitStuckVehicle
1f429a37	fFollowFrontMaxDistance
1f46ca29	selGroupBhvRole
1f4901f8	fChassisRollInertiaScale
1f5960a8	sndArmedSoundStart
1f5c1ead	ReinforcementSearchTarget
1f5f057d	selTranOutBehavior
1f6111c8	LookAtSettings
1f62224a	locstridDogShockCollar
1f6615ec	SituationResponse
1f663723	sndSecondWipeDroneConnected
1f6c7d1d	HumanConfig
1f6d8ef5	fPVPRespawnTime_3Players_2vs1
1f73c316	LoweredCurbBoxLeft
1f7943ba	RCAntennaFirst
1f7b3c63	fLongFrictionReductionRatio
1f7c42db	fSpeedForHighRelativeScore
1f7de280	nethackingconfigNPCNoTrackedTraitsActiveInPing
1f803788	WeaponControls
1f80d659	fMudAccumulatorFactor
1f82df98	uizonesettingsBoroughBordersZoomSetting
1f839be3	fDragCdaUp
1f849195	bShouldUseSameRestAttendanceLocation
1f9253a1	OnSuccess
1f973af7	fBarkDelayMin
1f998251	locstridTBoneLeftWeapon
1f9f5635	SelectorID
1f9fa18b	vectorParticlesOffset
1fa107fc	censusactormemorydefinitionMemoryToApply
1fa15d9a	fNearbyOpUntrackTimeoutDuration
1fa6b61e	sndGraffitySequenceStart
1fa80be4	selFreeroamTargetVehicleFlags
1fa85d9d	curveMaxSpeedModifierCurve
1faa098d	sndMissionFailed
1fad1bb7	sndBarkStageTransistion
1fad3253	Upgrades
1fadcd98	bDofIsEnabled
1faf254e	sndWipeDroneDisconnected
1fb30ca2	RCRocketTurret
1fbc55cb	fEmissiveRelativeEV
1fc2183a	fTargetChangedDelayMin
1fc363ce	fFleeDuration
1fc4c656	FullZoomIn
1fd159df	sndtpHackingEngineOverheatSoundType
1fd9f15a	RevengeOpsConfiguration
1fdbefb3	uisoundTerminalDeactivedSound
1fe204d6	bSkipCollisionsWithMobsterVehicles
1fe8d41c	disNomadObjectId
1feb6dec	TrackingData
1feec8d4	BreakingBoneName
1ff197bf	uicolorpalettesettingsLocalColor
1ff3179b	uAngleTeshold
1ff32ac0	fPhantomRadius
1ff6cd61	ShouldTriggerRule
1ff8e286	vectorStartPos
1ffa5b05	bDetectThreatMobster
1ffdc184	raidbossblumedronesettingsRaidBossBlumeDroneSettings
1ffe415d	fPlayerHighSpeed
1fff44a8	DelayTimerConfigForCLOUsers
20018224	fFocalLength
2006b69c	fHijackZoneWidth
2008f203	vectorProfilerSquareTargetOffset
200dcf7b	fFoVAngleToAttractTarget
200f3aa5	fActiveMinTime
20127bfa	BankName
20127e4d	SpotlightPlayerTeammateParams
20168b1f	Points
2019f7e1	LungeTakedownRange
20206281	VehiclePartBulletSetttings
20299707	fOffRoadHeatAddInterval
202bdc82	MeetingAttendeeItemProfiler
202dda8c	bIsValid
2030219e	OtherPlayerSpectatorIntro
2036cf8d	fKamikazeSpeed
20376975	fMinTimeForEnemyTag
2041a709	bSkippable
2052b51b	CollectParticlesNegativeCoin
2053ecb2	fAlertHardMultipleDeadBodiesBarkSearchTargetAdditionalRandomDelay
205a4440	selCompareType
205d78dc	curveTargetingPulseTimeOfDayIntensityMultiplierCurve
20646cbe	fBrakeSteerReduction
2071c537	bApproachEnabled
20741189	sndSoundID
207672f3	psParticles
2078bb38	vectorPivotOffset
207b8622	uiShadowGroup
207be10c	sX
207cf03c	bUseDesignedSequences
207dcc46	IdleCycleBreakers
20806996	fMinSoundDelay
2081f72a	fShadowFadeOutRatio
20832670	sndDetectionStop
20832872	fBumpStopMaxVelocityCounterSpeed
20848c27	fBallOpacity
2087f789	Landing
208924bf	selIncident
208d890c	fAboveBelowAlphaFactor
208fafc0	fOriginInspectionTotalTime
2092d399	bForceActorStatusOnSuccess
2093d27d	DestinationAnySettings
20982751	SwitchAllegianceDurationRiot
209a9ae8	bARCloakedPlayer
209ae70e	nethackingconfigClosedCircuitBoxActiveInPing
209c3575	selSettingType
20a187fa	DriverDeadSettings
20a21c14	SoundLimiterSettings
20a84e42	CanUseSpiderThrowTakedownRule
20ab9921	bArmedParticleKillOnStop
20ad2fb2	curveSizeScaleCurve
20ad4490	Alias
20bab1f7	fIdleMoveSpeed
20bcd8c1	strPresetName
20c17c55	vectorMaxAngularVelChangeVertical
20c2a404	Skins
20c33fc6	locstridNoSeatWarningLocId
20c820fb	fOutsideRadius
20cc96b9	RacersStartPoints
20cdaa55	animalcombatparametersCombatParameters
20d090cb	sndvarJammerSignalEnterRadiusRtpc
20d10eeb	fFallbackSpawnDroneDistance
20d224d6	fOrbitZOffset
20d44043	mapicondescMainTargetIcon
20d4da1f	fGIMaxDistance
20d710eb	KickupGoalCompleted
20d83de7	NPCStateRestrictions
20d9707b	mapicondescCarOnDemandIcon
20dfc649	Items
20e02fc9	bLegacy
20e3f24e	fTileScale
20eefa59	fileColorRemapVolumeTexture
20f1149c	fSwayMaxAngle
20fd2bbc	ExcludedAttendances
20ff0453	texturedbobjectDroneDockSpawnScanner
21015302	fRearTyreRadius
21077e51	curveProximityMaxSpeedCurve
2108e176	fMaxDistToUseMobileElementDir
2109acad	physmatPhysicMaterial
210ed592	fWarningTime
21136a7d	Shotgun
2115b231	wolfskinitemdbMaskFemaleCinematic
2115cd1d	fOrbitPosRndMaxTime
2116cfe8	locstridBriefing
211ec20e	vectorEngineOffset
212138f6	bSingleSidewalk
2121d501	archArchetypes
21230cb1	selHackDeterminator
2127987c	EnticerRareShowcaseCellProbability
212992e9	fEffectiveRange
212e2be6	fPitchAngleUnderObject
21339594	bPartIsDamagable
2134cdeb	texturedbobjectRCDeactivationTakedown
21371d16	sndtpArmingVehicleSoundType
21379987	OnFoot
213e0c2e	ClothImpermeable
2142bd54	sndWheelRoll_3
2143522d	locstridUIName
2147e274	bPlayerMustTail
21505709	IssueRendition
2152e702	fHackLineAvoidBackSidePositionFrontPushRatio
2157fefd	fAlertSoftHackAttractIdleAdditionalRandomDelay
215c3742	uimenupageShopMenuPage
21622cc1	locstridItemInterest
2164dd0c	SpotlightSearchNewsParams
21698549	fClosedCaptionsHistoryPeriod
216b8ce6	bNetHackDoFlyingDronePulse
216c7497	fBarkBlackoutTimeToStart
2173b6b6	fBlendTime
217509d5	colorCoopFlashColor
217d565f	PokerGameTestDefault
2182fa2b	NegativeStimsOnAttract
2184621b	bPullRequestBountyTargetInCoopEnabled
218580b3	fileReticleShotgunRed
218780ad	PuppetContexts
218bb3bc	OpNarrationSettings
218c6474	locstridContactRemoved
2196c131	HackingDroneDockChaseDroneSoundId
2197a4e8	nethackingconfigCollectibleObject
21a08b24	PrimaryIcon
21a2186b	bCanBeAssignedToAIModifiers
21a2b2a1	VehicleEntered
21a36605	locstridSecurityCameraTooFarText
21a549d6	InitialPhaseImpulses
21ae607a	entVehicle
21affbe6	nMinWantedLvlToActivate
21b15ce3	ExcludedContracts
21b38399	bUseImpulseOnVehicleContact
21b49842	bRotation
21c7a9c7	selBooleanOperator
21caca12	fDesiredBrakingDeceleration
21cc9683	TargetSpecification
21cce620	vectorWeaponOffset
21d25a25	NodeRule
21d6aa67	SpotlightAiWithCargoParams
21dcfdca	SeaLionGroupBank
21e0df46	StunnedInstantRecoveryRule
21e7fd57	fHighResOverrideTextureSize
21eae223	locsectionidMaleFirstNameOasisSection
21f38948	fHackLineAvoidBackPositionSidePushRatio
21f88ceb	bIsUsingIntro
21f91c35	fMaxInitialDeform
21fab0eb	fSequenceResetDuration
22036d19	Squads
2204068e	fPVPRespawnTime_4Players_2vs1vs1
220f101c	WaveConfig
220f9caf	bCastColoredShadow
2210154b	DownloadInitiated
2210a869	SlideOver_To_SlideOver
2212028a	locstridHudElement
2214530d	fSunMIEScattering
2216c319	vectorFov
221e7716	archOpenedRiftArchetype
221f225b	PerkUnlockedRuleArm
2220d1da	Languages
22211906	bWillSetStartTime
2221aca8	fDamageRatioModifier
222d0242	EscalatingAttractSoundsDAndTypes
222e54e7	fCoverCornerAutoSnapDistanceEnter
222ee8dd	bStartOnShortcut
222fb847	EntitiesData
222fdafe	selMidZoomOutLayer
2231858c	fCoinRotationSpeed
22321bb1	fTopFogMaxDistance
2236e0a7	sndFactionStopSquelch
22398287	fTrickCameraTransitionDuration
223b76bc	vectorIdleBoneDir
2241643f	bShowAttackFlash
2244b5b8	Escape
22457844	fSpecularDetailMapSpeed
224ccd0e	bSunShadowInertiaStartAngleOverride
224feb40	MissionCompletedWindowDuration
2250e332	SpotlightSlots
22582240	HipsHeightAdjustDamp
226086d2	fDrunkStimSendInterval
22659f34	iPerfectHitScoreIncrementer
226615d7	Control
226a1ec4	opslistRaidStepOpConfig
226c0f6a	bEnableTimeOfDay
226c34ea	fMaxShootYawMax
22746adb	bUseLightColorTexture
22761807	NPCHacked_Attrat
227990a7	fBarkThrowGrenadeRadius
227c2ac8	fMinEfficiencyOutsideChaseRange
227ff489	Wipe
2283fc46	pickupgameplaydescriptorPickUpDescriptor
2285f314	fFinalFlankingCoverAngle
22889001	SkinElements
2292094b	locstridStatusLocId
229335c4	sndFirstWipeDroneConnected
22a5cb43	fFleeThreatProbability
22a66454	fLightPollutionFalloff
22ab7091	sndLandGood
22ac372c	dronestrafesettingsLockOn
22ad2134	ArchetypeStylePmsValues
22af43b5	RPM
22b0d888	selBackgroundTileId
22b468b7	WeightedPatterns
22b4c003	teamNameDefaultTeamName
22b5a48f	vehicleentityconfigVehicleConfig
22b7bdf0	selChassisCollision
22bad69e	HearGrenadeLanding
22be0e41	Attendance
22c407da	cameraavatarpresetAvatarCameraPreset
22cbf9db	sndMapZoomOutEnterSound
22d29e30	locstridErasePausedDisplayString
22d5605d	TagCategoriesThatRemovesNonCloOrWalkerTag
22db116f	AvatarBareKnuckleMultiplayer
22dd899f	selRootTypeLookAt
22deab61	archItemArchetypeExplosive
22e18f4c	locstridEventPropositionDescriptionLocId
22e1a0bc	sTargetFX
22e1bc6d	curveReajustPositionCurve
22e62d52	fOrbitPosRndMinTime
22ed699d	vehicleclutchClutch
22eebfb3	bOverridePresetStrategy
22f4af79	sndMapLegendCloseSound
22f8265f	fMaxCameraHardLockRange
22f89afa	sndswvlSoundSwitchMediumObject
22fdf580	fDiskInnerRadius
2314a5f4	fCameraMovementStickMaximumThreshold
2314c409	sndTrollingSoundWhenProfiling
2314cd73	texturedbobjectSmallIconTexture
2318f49b	ImpactHealthy
23196805	colorMinimapOverlayColor
231f039a	sndvarVelocityRtpc
23226f47	bKiloLumen
2329c2cf	bPlayerCentric
232cb2a3	fShoulders
233b303e	fInventoryRcAlly
2342a527	angMaxForwardPitchAngle
23449f0d	bUsePrevious
234aad43	fTurbulenceVScrolling
23512cd8	MultiPlayer_PlayerAlly
2351da8d	fMinScratchSpeed
23584abc	uiLeveragePriority
23642d92	AvatarAimingLeftEccentricFemale
23662f6f	sndHackingContextualPhoneOvereatSoundId
236d1fe4	fMaxAlt
236eb65f	tagcategoryselectionblackboardPreferedLocationsFor4Players
236ebb82	uiRestSpawnWeight
236f0da3	curveConsiderationCurve
236fd8cf	BlendInParameters
2372c2f8	bIsLocked
2373d08c	angYaw
23747c1a	TaxiStars
23796ed2	bAutoRemove
238061d7	iMaxNumberOfFighters
2385d7be	fDropHorizontalAcceleration
238f9df7	mapicondescMapIconDescription
238fa176	DownloadSpeedMultiplier
2391fba4	uiBaseHeatLevel
239347b9	StateInfo
2394d2ad	uiMaxRoadBlockVehicles
23973e12	Chance
23986e80	Sleep_Ground
239a030c	FemaleHighHeelToeBoneToHeel
239a05ae	fBarkDelayMax
239a72cd	fHijackZoneMinHalfLength
23a03b29	colorHackLineColorPortal
23a07542	ScreenGlowDeactivationTakedownParams
23a32e28	LeftThigh
23ab3d52	fUninterruptibleCostFactor
23ac8e21	psDestroyParticle
23b00b63	fAimingDotScale
23b210e0	sPawnEventName
23b24275	degangMaxForwardPitchAngle
23b2c0d2	selMotorModelType
23b35aee	fShieldHard
23bdba52	fScaleToCamera
23bed8fb	PendingDeportation
23c12f18	Tracks
23c43c26	EnemyProximityRadius
23ced38b	fBulletDamageScale
23cf2763	fTargetChangedDelayMax
23db4d2b	fApplicationChance
23dca39a	bIsUniqueDriver
23eb22db	fWaitForNewSubStateMaxDuration
23ed3ec8	HeatLevel3
23ee55a4	fSpecularDetailMapBias
23f3cedc	MuzzleBoneNames
23fcdaea	fActiveMaxTime
23fdc987	selImpactType
23ff4727	texturedbobjectDataDriveVideoTexture
2401fbff	bIsManagedByPgtAffiliationVehicle
24023245	fHackedCivilianRangeFromHacker
240f0ed8	StandAloneOps
24166135	locstridAbandoningBuddyWarningLocId
2417a747	sndTurnOnSound
2419df81	fInnerFalloff
2423272e	LeverageOpCompatibilityData
24245403	bIsParkingEnticer
2424931e	fHackLineStartAlpha
2425d267	RCWheeledDronePhotoCamera
2430220b	ProximityStim
2430dbb5	uimenupageARMultiplayerDSISelectorPage
2438026c	LoftElements
243c0c4d	DroneCommandsGlobalSettings
243c4db1	curveFogFadeInEndDistance
243c723b	TrafficHornSettings
243ce0a7	fOutOfControlLinAccLimitAi
24437f86	fDetailNormalMapScrolling
2443df61	bUseStuckMonitor
244405c9	locstridRaidDescription
24480ec9	ScreenRebootPart1ScreenGlowParams
244818a7	fLateralFrictionScaleAboveTargetNoSteer
2448c6a4	PMS
244b61aa	iClothSizeLimitOnScreen
244d5071	fDetailNormalMapScale
24525da4	Arrest_OnFoot_Occurring
2453a95e	uimenupageMenuFullscreenTutorialPage
24564af1	colorOppressedColor
2456d9b0	bCinematicDialogSuperseded
2457258a	fHandbrakeDisableTime
2457edd9	fMinRotationInputThreshold
2458b987	curveAISmallTargetFocusPosLerp
245fd7e5	AnimationTagInformation
24632448	matWeakpointOnMaterial
24651cda	sndtpMaximumHeatReachedSoundType
246889ca	uicolorpalettesettingsRewardBackgroundColor
246dd489	fMoveAbandonTimeIfNear
247193c4	tagcategoryselectionblackboardLocation
247508cf	locstridTakedownTheThiefLocId
247caf29	LockedBrake
247d237a	nGroupID
2481d844	BreakAnimationsData
24824fbe	IsCombatRollAvailable
2484fa1d	sndInGameMusic
24889cbd	fAscendAbandonTime
248912d4	fRainLightIntensity
248ab845	TrainStation
24910b70	fBulletInitialBreakChance
24959c47	ObjOutcomeForDeadAndUnspawnedActor
2498baf2	fGrenadeSquadTimeout
249a3de5	selPosSysLayer
249c9e41	fTopFogWetnessAccumulationDuration
249e5bdc	fWeightPercentAtPickX
249f06a3	sndHackingRobotAlarmSoundId
24a00024	fRangeFromHackerToDetectPlayer
24a2c0fe	fDifferentAngle
24a44066	PersonCrushed
24afb58a	AttachementTranslationScalingFactor
24b377e7	SupportToSpiderBind
24b90c58	OnHalfTargetNeutralized
24bb6179	KeypadDestroyed
24bb64ec	fm_delayAfterMission
24bbc649	SoundFakeTransmission
24bf8196	fTopFogFadeOutDistance
24c92d06	affiliationreinforcementconfigAffiliationReinforcementConfig
24ca4ec7	ParticlesSystem
24cc6024	fApproachSpeed
24cf5ce9	selSoftShadowQuality
24d2bfc5	DGSceneAttendances
24d3e2af	bAdjustMaxSteeringFromSlip
24d7c566	sCloseCaptionName
24d9d80c	sndtpHackingContextualSoundType
24dcc4a9	bDetectThreatInForbiddenZones
24de6481	fLateralMax
24e3ef56	StatusLightOffParams
24ea66e4	locstridIngredientTriggerRemoteControlled
24eb848d	WorldProperties
24f0d96a	fMaximumRequiredTimePlayerOnFoot
24f0ef90	ObjectiveSurviveOverrideSettings
24f16939	selAvoidanceLevel
24f27ba0	Ingredient
24f572d1	colorFillColor
24f73686	fSearchBarkBeginSearchAdditionalRandomDelay
24fc5a01	CombatDroneSettings
24fe5a9b	curveFVDensityAttenuationRange
24ff1ad4	locstridShopSellAll
24ffd8e4	fFadeAngleCurveExponent
2500db4e	bProbeLocalLightsMultiplierOverride
2506a1e6	bEnableFlashing
2509f6b2	fSpectatorCamLongTransitionDuration
250ab1e0	fFailedDistanceFromSearchArea
250c2124	fTriggerOnProfileDelay
250c564a	Affiliations
250dcc02	fDecreaseWhenShot
25123f57	fBeamScale
251a0e1e	Layer
251a9077	vectorAttractVFXLocalOffset
251da3c9	curveBottomHeightFalloff
251fd3e4	uicolorpalettesettingsSearch
252200d1	uNumberOfDataCards
2523388d	fUTurnCooldown
2524116b	fScatteringForHighAlpha
2524cc81	fBotnetMedium
25255cfe	vectorDamageZoneOffset
252eceb3	fVehicleAlly
25312526	fOutOfControlVerticalLinearComponent
25368426	hid_DTCTH_ClassName
2540cc6b	mapicondescObjectiveType_D
2541f533	colorScrollingLineColor
25433a53	NewsDrone
254959a3	fBoundaryDetectionAngle
2551beb7	SupressShootSettings
255d25b2	PuppetModePostFXName
25650e57	fTrickBarMaxPercentage
2565bb96	locstridEndureObjectiveMarkerLocId
2566895a	ClimbOver_To_ClimbDown
256809a6	fRubberbandMaxDistanceBehind
256b3565	uiMaxCarStrategyPredictCenter
256c3a0d	PerkRefinementEnabled
257863fb	sndSuspensionSoundSmall
257a5aab	fDisplayGaugeDistance
25805212	GenericDirtyGroundLowPorosity
2580a4bd	mapicondescCivilianDenunciationDetectionIcon
25873e42	sndRoomWipeAttackStarted
258ebb3a	fAngleInterval
259b258f	vectorBoneForwardDir
25a68b2b	fGunFightDenunciatorTimeBetweenThreeShot
25aa07db	MissionTypeName
25aac5fb	ObjectiveTarget
25ab0f01	fRandomSearchBarkCooldown
25b0b835	sndswtpReliabilitySoundSwitchType
25b284f2	VehiculeFlag
25b6360e	fRealRpmDownShiftFactor
25b9823c	missionlistMissionThatUnlocksRaces
25c1cd6a	texturedbobjectMusicLibrary
25c3f7b5	fStartFastTickSoundTime
25caa87c	uiStartFramesWithNoBlend
25cc4a2d	uiVehicleTakedownBatteryCost
25cec4c6	fSuspiciousFastSpeedTimerDuration
25d023f7	sndTimerHudElementShowSound
25d6123e	sndtpWipeAlertType
25d905be	nethackingconfigNPC_Ally
25db3d0b	sndswvlNoDamageSoundSwitchValue
25dd4ced	droneconfigDroneConfig
25e44183	fIntuitionOnFootCombat
25e48b38	bBarkThrowGrenadeIgnoreBlind
25e4db66	fKamikazeNavigationStuckTimeDelay
25e89b15	fMaxStressLevel
25eb096f	uizonesettingsFelonyScanZoneFXSettingsJammed
25f2a63d	fKeyLocationProjectionTopOffset
25f83630	psRiftUnlockingParticles
25fa1264	sndHackingLeverageSoundId
260098d6	bUseClutchLockUpFluctuation
2603c4f1	ExplosionStims
2605680e	uiDecryptionTimeInMinutes
2605793b	LeverageAndIntrigueConfiguration
26067e78	selAreaLightType
26069d22	LastDamageThreat
2608bd55	ChanceForPositiveAffinityInOppressedBorough
260c33f5	fShotDotScale
260f3019	fChargeImpactForce
26108e47	locstridFailReasonDataDestroyedMessageLocId
2611db4e	uiMappingPriority
26151626	mapicondescDarts
26152596	selVehicle
2616674e	fPVPConflictTimerDuration
261af901	fEngagementDistFromEvent
26225b7f	fMinimumPitchInput
26233c8f	fRelativeIntensity
26260c90	fSteadyPushingHighIncPercMultiplier
26288175	uiAgeMax
2628a51d	selCheckAllEntities
26296dd2	Normal
2629b3aa	StimModifierConfig
262a79ab	fCaptureInNewsStimConeAngle
262d647c	fTyreShootoutCooldown
262f4797	entTeleportOverideEntity
263167c8	uiMaxSpawnedOnFootUnits
26375b2a	CameraModifier
26395de2	fGestureFilterCutoffCost
2640b76c	bDisableFelonyAndEngagementSharing
264303c4	uimenupageBenchmarkReportPage
264c5aad	fAlignmentLag
265ef24a	fTooLowHeight
26616a25	DrinkingGameHead
266338b6	szSlotName
26685183	fOverchargeFireRateModifier
266925c1	fBoneDisplacementTolerance
266b2b95	fCameraTransitionDuration
26731d8a	iRandomConnectionRandomFlowCountMin
267419b5	bIsSymmetrical
267994be	selFleeType
267f49d4	iNbTickeRaretBoxGiveBoth
268007b7	BroadcastScreenGlowParams
2680ccfb	sndStop
2687afbf	fMaxKmhPenaltyBySpeed
268d425a	vectorShootingPositionOffset
2690ec52	curveMaxSpeedGapCurve
26948023	bRandomizeDirection
26965a24	fActiveHackingBaseDuration
26982057	selHumanMentalCondition
269db089	fMinLookAhead
26a22f90	vec3Offset
26a78893	fSunFlareMaxUniformScale
26a79e30	fCollisionMaxItensity
26a874ee	fMaxRarLateralAngle
26aad488	vectorValue
26b3f052	bTriggerFailOnHumanTargetDeath
26b50d86	SongSneak
26c004ad	locstridStep4Name
26c5c793	fMaximumMass
26c6fe2b	fRamSlotCooldown
26c78a33	Gust
26d36c55	bMustBePropagatedFromIntrigueTarget
26d70e1f	curveEngineResistanceRatioCurve
26dd7133	tagcategoryselectionPlayerCountHardcoopTag
26df7fe8	HeatDecayDelay
26e05ee1	sValue
26e2f6b1	fScanBoxBelowDist
26e4f177	tagcategoryUniformTagCategory
26e72bae	uiappSmartphoneApp
26f26887	VehicleTypeFlags
26f3d2e5	VehicleTypeRestrictions
26f4e656	archPlatinumSolidCoin
26f6f00d	RingGlowLightTrafficParams
26f98e46	fTrafficAnxiousThreatLevel
26fe5b55	AvatarThrowCoverAimingStraightLeft
26ff8c1b	locstridShopUnEquipClothingPart
271038f1	BulletSpeedScale
2710b8c4	selOverridenIconCategory
27118785	sndHackingRobotAttractorSoundId
2713c6ce	Stairs
27140c9a	sndstvlDRAMAConflictLevel2
2714c5eb	tagStartLocationTag
27154e8f	Cooldown
2715b2c0	Others
27163dad	fFadeTime
271c33dc	fRevengeOpErrorCooldownDuration
271f3fbe	texturedbobjectPage3
272015d6	mapicondescMediaBroadcastDetectionIcon
27238be6	bDisableWorldSpawning
272a9a89	RemoteControlModule
272c3ee0	RobotRepulse
27308dca	IdealMid
273381f3	Respawn
27352b4c	locstridFailLocIdDeathByWipeDroneCountReach
2735e5ee	fTargetAimingOvershoot
2736cb9f	curveBallStartAnimationUp
2738586f	fDisplayProfileDelay
273c7503	bUseMinDistanceBetweenIcons
2740c352	fTestObj
27427840	sndtpSFXWipeAttackCondemnedType
2747b0f2	fileProfilerThumbnailOverrideBlackout
274beb37	StateLightSlots
274d1352	bStopAnimWhenBrickStops
274e4dd3	fLifetimeVariance
274ec85a	fLockDriveWheelsMaxSpeed
27558546	bSmoothGunMovement
275a04c5	BossStaticBase
275c0e0a	ShiftPoints
275dccd2	VehicleDescriptions
275ff08a	WeightedStrategy
276b49db	curveAccuracyGainPerSecondCurve
276bfab4	PropGroups
277549e3	uizonesettingsSetting
27758df2	fSlowSpeedDriveTime
2775e413	StumblChallengeFailed
277d2453	clorobotcreationsettingsSingleRobotSpawn
277e2626	Available
277fbd7e	fSWATTruckInitialDelay
27806594	RCDestroyed_Default
278185ec	sndBossVulnerable
278420eb	bIsAllowedToShake
27860f1b	MediaPlayerpages
278f1773	sndAmbientSoundStart
279b999f	sndHackingIngredientShutdownSoundId
279d328f	bIsFullscreen
27a3b3ba	IntersectionBuzzSettings
27a740d0	nMaxOpLineOpLocationHistorySize
27a78250	fHumanRadius
27a97854	fFadeOutDistMultiplier
27ab70dd	OffRoadStationaryCar
27af5692	fWarningThreshold
27b12770	iForcedNumberOfMissions
27b9e0ae	bSynchronizeReactionLatency
27be42f9	fMaxTargetSpeedForShootingWhileDrivingKPH
27c038c5	fSteadyPushingMediumDecPerc
27c2692c	selLocomotionType
27c47056	uimenupagePremiumShopItemsMenuPage
27c7b244	fPersonalRange
27ca42e7	sndLightingStrikeSound
27cef69b	camerasensorconfigDefaultSensorConfig
27cf1936	sndOnEntityTaggedSound
27cf6209	fDronePostIntroTeleportDelay
27d32de1	selAppState
27d6f412	humanconfigDefault
27dbe8b4	bAmbientGroundColorOverride
27dc0192	curveWindBaseSpeedDelta
27dc2b6b	fAlphaMin
27df9361	iDonationAmount
27e2e844	iReputationFeedThresholdPositive
27e39770	ExtraEffectLightAiDetectingParams
27e6d8d6	selPlayerCoop
27f18b03	fShadowAmount
27f29605	SkinDefault
27f46520	archFinalDecalArchetype
27fa4d31	vectorNoiseFrequencies
27fa6836	uicolorpalettesettingsDanger
27fc2983	vec2FollowPYLagSpeedRange
27fece4d	selTrigger
2800d010	LeverageRuin
28019e59	uisoundSelectSound
2801c60b	mapicondescAIShutdownActionDetectionIcon
2806c7d3	nRammingValue
280c9352	MapFilterItems
280e61b2	ForcedFullBodyReaction
280e6f52	Stages
280f504f	fWheelOffsetZ
28104ad9	fResistanceFactorAtMaxRPM
28110615	RootSpringDefaultStiffnessUp
2812d6f8	fMaxChangePerCollision
2816049e	ObjectiveLocIds
28181069	BarkDescriptorsConvoyStop
2819f0d5	fPlayerHeadOnCollisionMaxFactor
2819fb1a	fRandomConnectionEntityFillSpeedMin
282540d4	fRubberbandMinWindMultiplier
28260085	fAssistanceMagnetRangeMinimalMultiplier
2826ba6d	fPhysicalBodyThickness
2827fe51	bTriggerOrientTowards
2829b3c6	SocketUnlockHeight
282d3acb	sndtpFailedTriggerSoundType
282ff3a7	fOrbitPointRadius
2830c723	OnlineCryptoId
2833068a	bEnableCooldown
2835f8b7	itemsSurvivalGuideLink
28365f1e	selProfiledAggressivePeople
283be82b	fBumpLengthFactor
283e664c	texturedbobjectPingLinesTexture
2842582e	vehiclewheeledphyscomponentparamsWheeledPhysComponentDefaultDatabase
284352cd	HeatRules
2844b723	fSpeedNoiseLag
28458a7b	MaxDistanceToFindHero
28477302	fGunGaugeMinOffset
2847e61c	UserSettings
2848fc4d	fSuspensionHeavySpeed
284b47db	Rank
2859b795	fAggressiveTrackingActivationDistance
285c2d31	bShowDuringSearch
285ec168	fProbabilityOfStandAndShootBeforeMoveToForwardCover
2868a819	selDeniedArchetype
2870e27f	locstridRemoteControlDown
28715b4d	Units
28723e6e	SpawnConfig
28806d8a	MoveDownSubState
2881c941	GameplayRules
2883533c	occzonZoneParams
2887a81b	StateLightSwitchAllegianceParams
288e0a81	CLOEvents
2897bfa7	matMalfunction
28987af8	fRequiredPlayersPercentage
2898801e	fCameraMovementSpeed
2898ebe7	bAlignYawOnMovingObject
289cef17	fMaxCandidateSpeed
289fda1d	AvatarSwimmingSprint
28a92528	LastDamageDecay
28abed87	sndtpWheelInWaterType
28b00e41	bClimbDownAnchorUseCurrentSight
28b34083	fContribution
28b34bf2	fStiffnessLoadDependencyFactor
28b59435	fDrunkLevelPerDrink
28b745e3	fSlowerSwitchTime
28b7504f	sndtpPoppedSoundType
28bebee9	vectorRelativeOffset
28bfd138	fSwitchAllegianceTimeSinceDamageWeight
28c00aa1	fClimbOverJogStartDist60_80cm
28c23c21	sndWheelRimSlideStopSound_2
28c68021	fSlopeModifier
28c6840c	ModifierList
28c81131	fLevel2Min
28c89757	yinteractgameplaydescriptorEndingInteractDescriptor
28ccb76d	bIsObstacleAvoidanceActive
28cd5080	locstridUITemplateForPositivePropagatedMemoryAboutOperative
28cfb8d8	texturedbobjectPhoneBackground
28d182c3	fRandomConnectionRandomDurationMax
28d69da7	fLensFocusLagFar
28d99767	fLineColorAlpha
28e218ee	ParrotBank
28e4230b	sndRegenGrenadeUseFailSound
28ea2cd0	sndswvlCellMoodStressed
28ed0fb3	psExplosionParticlesTrigger
28f4ac50	TerrainDefault
28f62eaf	fCoolDownForNoteworthyWalkType
28f711e0	fReticleDisplay
28f98774	locstridOverrideLocId
28fc9db3	RewardIntervalAmountList
2906a8ee	sndAirbagSound
29103718	SimultaneousScan
2911bbe8	bUseTurningCamera
2912a8ca	curveReflectionFogHeight
2915c680	locstridMissionFailedMessageLocId
291647c2	tagcategoryTubeStationTagCategory
29174f4b	sndtpAbilitySelectedSoundType
291bfd97	LevelRange
291c0d14	entMapIconEntity
291c3fa6	censusprofilemodificationtemplateResentment
291cbea6	fAboutToOverheatSoundRatio
291d9ba6	clrLift
2921fe93	uimenupageChooseRaceMenuPage
29224056	PossibleModifiers
292297aa	mapicondescKiosk
2922d878	sndtpTrickChainSoundType
29375888	fLateralOffset
29389788	uisoundOnEnterCombatBadge
293da059	bInteract
294146c1	selMelee
29417068	iHackableVehiclePriority
29469085	fBrakeModifier
294d412f	fNormalFloatValue
2950b5da	bIsTextureObject
2952a26f	sndtpStartType
29663075	iMaleLowMobility
296bf137	fileHoldUpMoveLoop
2971073a	tagcategoryClassTagCategory
29718740	fLineZOffset
29721a50	fEventsGroupingRadius
297b3499	bOneTeamByPlayer
297d5ff3	fTimeToBreachProtectedEntity
297e0c15	fMinimumSteer
297fa98b	AdrenalineSettings
2980005c	MainIn
29801436	fOffRoadHeatAddDelay
29843781	Rare
29882c68	StimsOnDestroy
2988d370	fShakeStrenght
2988df25	fChainExplosionMaxTimeDelay
2989074a	uiRespawnWaveSize
298b2314	fOnReceivedBarkDelay
298b5d8a	vectorMaxAngleProjectileThrowPosition
298c431a	ConditionResults
298f6919	fCoverAimingOverMaxcoverdepth
299675ad	locstridLowercasePMLocId
29a2fdda	fStaticZDisplacementMaxSpeed
29a4ce39	fCharacterBoostDistanceStart
29abbf46	tagcategoryselectionblackboardPreferedLocationsFor3Players
29aefb46	curveAttenuationEndAngle
29af7750	fMassHackNPCDuration
29b0801c	vec2MapIconScale_UpperValue
29b0bdff	sndswvlCellMoodAfraid
29b13c60	FStop
29b20015	fScaleFactor
29b58227	texturedbobjectDroneMalfunction
29b73ce3	SpotlightFallbackParams
29bb81a0	fOverchargeRocketFireRateModifier
29bdc888	fHeadLookatTransitionDuration
29bf0060	selWinCondition
29c111c3	BarksGroupMemberShotAnswer
29c6b737	fSteeringSpeedModifier
29ca7d26	fileReticleSingleShotRedAR
29d003ac	racerconfigRacer
29d38bcf	sndPoppedSound
29db2374	RamSide
29db294f	GunshotLethal
29dd7fe1	selPivotReference
29e1f971	fCollisionVehicleSideContactFactor
29e3ee84	tagUniform
29e4369f	AvatarShootingDriver
29e4beb9	MalfunctionParams
29e5cffe	fGoToLKPSpeed
29ea1a0e	fPvpWeaponVehicleDamageScale
29eb880e	bDisablePlayerInput
29ebecdf	fLowPriorityBarkMaxDistance
29eeedde	OnlineXP
29f0e565	WheelParticlesSystemsParams
29f266f3	SocketDamping
29f650a7	sndswvlExterior
29f7263c	ConfettiParams
29fa48b6	selVideoQuadrant
29fc6c57	opgenanytargetdefinitionAnyTargetDefinition
29fff1cf	FoundWoundedBody
2a008064	fDelayMax
2a00f930	PlayerAttention
2a01004b	fSpeedLimitRatioNearTarget
2a012385	fEmissionDelayBase
2a0cf3b7	sndSuspensionSoundHeavy
2a0d6c7c	SlideOver_To_ClimbUp
2a0e45e1	archDroneArchetype
2a11e978	fFullEffectTime
2a126b94	mapicondescNorthSymbolMinimapPolish
2a14ac61	HumanMentalConditionFilter
2a173e6a	fPreShootingAimingTimeMax
2a175aaa	bEnableDistortion
2a17cad9	fStoppingPredictionTime
2a19478c	fRandomParkingOffsetLow
2a1ceb50	fExplosion
2a2cb6dd	uicolorpalettesettingsDeadColor
2a2d2bb3	fLandTime
2a321885	bDownAndSoakShoreCoordinated
2a345bf0	DroneAudioFromAIStateSettings
2a36916e	mapicondescRimIcon
2a39af5e	WeakpointsOffSetList
2a4135e4	locstridDroneScan
2a41ddee	DayEndTime
2a4320b5	fAnchorRadius
2a4321ea	fileObjectFile
2a49af62	dgscenetemplateInterrogatedSceneTemplate
2a546674	tickertapecurveEmissionRateCurve
2a5ace31	bAllowCapabilityToTakeCover
2a5bdd0b	psShockwaveParticles
2a5c466a	CameraHorizontalBounds
2a64317e	ARCloakFlashbangDisorientedTime
2a6684a4	uimenupageDarts
2a6f3a15	fRightLeg
2a72de97	fOnFootPlayerSprintIntuitionZoneRadius
2a76acde	locstridXIngredientStateON
2a788789	fCoverFrontSneakAngleCorner
2a7cd8a1	SeeDeadBody
2a7f0add	fMinYawAccMaxSteerControl
2a83e743	sPrisonerSquadName
2a843509	Arrest
2a8667f1	fArenaRadius
2a8776ea	bCanMatchNPCDoorActivities
2a87c7f2	iClothMaxModulo
2a8a81c4	DronePickableFallImpactSound
2a90c955	locatebrickdescriptorLocateDefault
2a9274f9	fDelayToEnableHackable
2a972b3c	Story
2a9d73e4	fMinDelayAfterForced
2aa195be	tmplMasterDialogActor
2aa5ff7f	bIsIntel
2aa66553	StateSequence
2aae2cd8	districtBorough
2ab602cb	bPlayerMustLocateTargetToCompleteReach
2abd0800	fVelocityBlendMaxDist
2abd43f2	Id
2ac5e8c2	bRCSpider
2aca48fe	uitagimagesettingImage
2acc689b	plasmapmsPMS_DB
2ad7fb13	Door
2adb1c47	CensusQuirkData
2adde4d8	fOverrideDetectionGaugeFallTime
2ae2c403	colorAddColor
2aec0da0	fAlarmHackDuration
2af4a9ff	uimenupageDirectorCutPage
2af58fee	bUseGameCameraDefaultValue
2af7dc06	bIsCodeDependent
2af92d4f	uisoundOnEnterArrestBadge
2afc8e6a	CallForReinforcementsDelay
2b004dde	bUseSquaredRootInputForSteering
2b005985	fFallHardStimRadius
2b007e26	bAutomatic
2b01678e	IsImmuneToGasGrenades
2b0c1045	fShootingAccuracyModifier
2b0c1fa4	matScreenArrestMaterial
2b110330	bAOAlgorithmOverride
2b12eac8	fRotationPitchCushion
2b14a6ac	fBulletDamageCurveMedium
2b1695f4	fSpawnWindVelocityFactor
2b16e600	locstridRecruitTargetString
2b1bfa99	fUserRadius
2b20e241	CameraContext180
2b226f35	PictureWithPoseProbability
2b2765aa	fBarkGroupMemberShotTimeToStart
2b286f3b	uitagimagesettingDefault
2b28d246	uisoundOnExitAlertBadge
2b2a1822	HackingDroneDockConstructionDroneSoundId
2b2e664c	fTyreShootoutHitChanceMax
2b2ffde7	LootTruckBindBoneId
2b383bc1	archDefaultDebugAnnotationText
2b3b59d1	Threat
2b4845c0	fMinScreenDrawPercent
2b5a12cd	fPowerRatio
2b5f5155	locstridHasTargetNoTitle
2b6189b7	fGlobal
2b640f94	bUseSystemicAgentManagement
2b668039	fsisionRange
2b6f87d7	sndShowWantedRecordSound
2b74ff87	sHackLockStartRumbleId
2b75d258	fCoolDown
2b7a0388	curveReflectionFogDensity
2b7d029e	fileStrategyCategory
2b7e54fe	locstridPDAOk
2b7e8acb	fMinRealtiveCollisionSpeedInKmh
2b819a81	locstridVehicleMarkerLocId
2b82f9cc	iNbTicketCommonBoxGiveBoth
2b84db53	sndPlaySoundOnEntity
2b886786	ChainType
2b8a64c1	fWeaponHeatIntensityMin
2b8af856	fNearSSAOIntensity
2b8dcd46	LookAhead
2b8e1452	fProximityRadius
2b9628c6	RaidGorgonConfigSelector
2b9876c8	HealthPointsScale
2b9b4459	mapicondescObjectiveType_L
2ba334c4	bAutonomousMode
2ba75e01	fNoiseAmplitudeAtMaxRpm
2badc28e	TeamSkillId
2bb3b18e	LeftUpperArm
2bb5f96f	vehiclegroupVehicleGroup
2bb820a7	sndtpJammerSignalDeactivatedSoundType
2bbbb894	bShowInCar
2bc05f9b	colorRandomConnectionRandomColorMax
2bd2c9e3	uiMaxManeuversInTimerPeriod
2bd37285	fDeathShieldTimeInsane
2bd88635	BoatArchetypes
2bd8a39d	tagDesignationTag
2be0f436	curveBankingDistributionCurveReplica
2be15935	selBoneName
2be2532c	itemsSecondWeapon
2be3b526	fAnchorUnfocusRadius
2be428b8	OnMainSwitchComplete
2be4de11	LastNameSetting
2be58ba9	entPlayerStartPoint
2be873fc	bCanAutoBuyItems
2bee4c3d	NormalVisibilitySettings
2bef5bfc	bIsReflector
2bf8399d	vectorReloadingGunDir
2bf99d18	ActivationDelay
2bfa8a3c	fTimeToAmplifyDamage
2bfd44b3	fSteerToFrictionIncreaseRate
2bfe0a78	fBig
2bfe1c52	TargetInStealthVehicle
2c03c2ef	vehicletransmissionTransmission
2c04d948	CoopLeaveProposalWaitForReply
2c07b9c1	fMaxSpeedTargetMaxSpeedRatio
2c086ff6	fStickNavRepeatTime
2c0d130f	fLookAroundCountMin
2c126be8	pwrPowerName
2c13a61a	DroneFlags
2c15330a	ImpactSettings
2c15e6be	sPackageDroppedCallID
2c16b178	AvatarAimingStreetFemale
2c1ba716	curveMoonSpriteScale
2c221974	bPlayerMustInteractWithTargetToCompleteReach
2c22468a	fAimingBeamOpacity
2c254e37	fCoverExitStealthNavTimeout
2c2d52fe	fHackLineAvoidFrontSidePositionFrontPushRatio
2c2dd04d	RewardList
2c31b49d	fileWhiteVolume
2c380dea	fAlertHardDeadBodyBarkSurprisedAdditionalRandomDelay
2c3872d7	Stim
2c3a1299	reinforcementgameplaydescriptorWipeDrone
2c3ac939	fSmootherStiffnessFactor
2c40de50	PoliceStrobeSearchParams
2c4442a3	LandingGearBoneMovement
2c472eed	fSuspiciousFastSpeedMoveSpeed
2c4875b0	fWeightPercentNotInHistory
2c4fa446	DedSecTacticalIntel
2c50e5d7	fAnxietyLevel
2c511f09	fThrottleBrakeFactor2
2c5c0c4b	fHighlightEV
2c608665	LimitedSound
2c62d0cd	iInitialHitsDuration
2c6aa9b5	fVehicleVehicleRestitution
2c6da89e	GrabCounter
2c703970	UIElementsWithLayout
2c71dabd	fHackLineMinAlpha
2c72197f	singleclocreationsettingsSingleHumanSpawn
2c73599b	TutorialsList
2c79f9f3	MultiplayerInfos
2c7bfcbe	fDelayBetween911andDenunciator
2c7c75f3	sndtpBeamStartType
2c7d16dc	fRotationLag
2c7f3ccb	fLiftCdaFront
2c805b24	fZOffsetPerMultiLine
2c84596b	sndFactionStartSquelch
2c876bf6	censusmetaintrigueresolutionbucketOnSwitchActionBucket
2c87be42	fSteerAngle
2c88d0f9	uimenupageDigitalTripsLobbyPage
2c89f9b2	IconVisibilityRule
2c8a369b	Class
2c8beba9	fRotationYawMin
2c9067e8	MaxTargetIconOnScreen
2c92a040	bUseEscapeRadius
2c9495cf	ActivationRule
2c968d61	CompleteRadius
2c9c4c76	fOutlineDisplayDuration
2c9f1943	censusmetaintrigueresolutionbucketPlayerCausedInPrisonBucket
2c9f532b	selActivityType
2ca13150	fAlertHardBarkSurprisedStartDelay
2ca38408	locstridUserDiedMessage
2ca4f3c1	fileBeforeInteractionActivityMove
2ca61826	fGoToLKPNearDistance
2caad884	fFadeRaiseAmount
2cab970c	bSupportEvents
2cb01021	fAlwaysStickDistance
2cb01d9b	fCounterSteerMaxAngle
2cb30279	SDFFontSmoothingMax
2cb5c1e6	fGoDeadcarDamage
2cbb417b	fRightToe
2cbe9060	BarkCombatTauntPlayer
2cbf08b7	phonecommunicationsettingsPostHackSMSMessage
2cc31b70	fGreenLightDuration
2cc5966c	curveInputToSteeringMappingCurve
2cc6f4bc	fAnimDelay
2cc805a0	fAmbientAttenuationRange
2cca6e56	sndvarObjectVelocityRTPC
2cccf06f	SlowEscapeTimerMultiplier
2ccd250a	censusactormemorydefinitionMemoryToApplyOnCrowdWin
2cd08d39	fCamFieldOfViewVariance
2cd0a9c6	fSteadyPushingMediumIncPerc
2cd77022	LightBehavior
2cd88d1f	sndDetectingSoundStart
2cd9012a	uicolorpalettesettingsDenunciationNpcColor
2cd9cca3	LightSlotList
2cde8777	mapicondescSecondaryTargetIcon
2ce10dda	dronestaystatesettingsDroneStayStateSettings
2ce33943	Default
2ce6b40c	uimenupageDeepProfileViewPage
2ce88d33	fDiskOuterRadius
2cecf817	Type
2cf16a9a	fCoinHeightOffset
2cf4a473	AlternativeDeliveryParkingSpotSettings
2cf62ad3	AlertNearbyGuards_UnholsteredGun
2cf68040	mapicondescObjectiveType_H
2cf9cef7	curveStiffnessScaleVsLoadLateralNormalized
2cfba97c	BriefingUpdateOnLocated
2cfda1e3	sndThunderSound
2d0069c2	locstridRewardArtworkNotificationText
2d016f7d	fileHolderSkeletonUrl
2d090a4e	fMinTimeForDiscovery
2d0d6e59	RewardsForHouston
2d10217e	psParticleEmitter
2d10a501	MobileBones
2d10bb92	fThrottleModifier
2d1249d4	fLightHeight
2d1ad958	fMinimumDisplayDuration
2d1ada39	NotificationRadius
2d201b8b	fAlertHardDeadBodyBarkInspectionStartDelay
2d220c22	locstridOrderCompletedMessageLocId
2d2cb9c7	locstridScoutXTargetNameLocId
2d302b3b	sndCallFailSound
2d347a4e	sndMuteSoundEvents
2d37da09	SoundStates
2d4770da	fBrakeCamPitchValue
2d4f2d17	emotionAfraidEmotion
2d51d692	fBulletDamageDistanceEndDamage
2d5207d5	iDenunciatorProbabilityInvasion
2d524cdd	sndPhoneCallIncomingCall
2d52f1a7	fRevengeOpGlobalCooldownDuration
2d54c51b	fHackerMaxDistPercentOfCenterToMoveSearchArea
2d57f24a	fWeightPercentAtHistoryBegin
2d58b4a2	VariationSettings
2d5e73d6	fTargetLostDelayMin
2d609690	selOwnCarStolenReactionType
2d60e252	ArrestOnFootOccurring
2d62b18e	PhoneSwap
2d6631ec	sndNoReverb
2d672482	locstridLockedByAccessIdMultipleWarningMessage
2d692ee6	selTagCategory
2d6be765	uiUnlockLevel
2d7a62f1	locstridKeyLocationID
2d7ccbfe	fBreakColVelocityMinRangeValue
2d7fe08b	SpiderRC
2d820fa7	shopcomponentsettingsCustomizationSettings
2d825aba	uisoundSmartphoneBackSound
2d83658a	mapicondescAccessCodeLockIcon
2d8448d7	OnlineBreadcrumbingOps
2d86975c	bEnableMissionDirector
2d8bddfe	itemsRelicPiece
2d8f7fcc	curveImpactMotorForceCurve
2d9129d9	uiNumberOfSplines
2d924185	mapicondescMicroDrone
2d9e6018	entIntroSequenceCenterSceneEntityId
2d9e6f5d	locstridInvestigateTargetString
2da22b1c	curveFastCorneringCurve
2da2c8d4	FamilyOverrides
2da3d56b	Walk
2da613a5	bProjectVideoAverageColor
2da72913	fLookAtPlayerDistance
2daa8914	ProgressionSettings
2dace43b	fAboveOffsetY
2dad13e3	Language
2db01150	bCompleteOnInteraction
2db20dc6	bIsStealthMission
2db327a8	AvatarCoverRightEntry
2db55a2c	fParticleSizeVariance
2db5dc89	StubbornQuirk
2dbac1eb	locstridRewardNameRandomEventMissionIntimidation
2dbe34e6	fileFinalEmissiveTexturePath
2dbe4783	degangCameraMaximumYawAngle
2dc180a6	archetypeconfiglistGrenadier
2dc73f8e	fLKPDistanceForFrontalReacquireBark
2dc9e96e	fCoverFrontSneakAngle
2dcb9615	fAltitudeWindPadMaxValue
2dce33ff	fileProjectedVideo
2dcefbce	PlayerAbandonVehiclePlayConditions
2dd2be89	fParticlesPlayDistance
2dd5fe3c	bCanDoKamikaze
2de0bce2	Context
2de1597b	ActivationSettings
2de2cc82	locstridBossVulnerable
2de561aa	itemsDefaultRCCustomizationSkin
2de86bbb	fBotnetHard
2de9aa5f	iHowManyStunsMustThePlayerDo
2decc773	fGoToTargetSpeed
2decfaf9	fConvoyMainVehicleHealthModifier
2dedcb6b	mapicondescSecondaryTargetWarningIcon
2df46ec6	UnavailableAssociate_NoLocation_AllDay
2dfd097f	NPCBlackboardDescriptor
2e01dd54	selActivitiesFilter
2e066104	Videos
2e08dd3d	CameraContextReverse
2e0bc466	uicolorpalettesettingsStunnedShort
2e0f17c4	colorNodeSelectionColor
2e127998	bAlwaysTrigger
2e155bca	selVehicleTypeFlags
2e16cdd0	fLateralFrictionMaxScale
2e16edde	fAssistanceAutoLockDuration
2e181dda	clrCausticColor
2e1a5130	TriggerShockwave
2e1e224e	locstridFormerRivalNameFemale
2e201e42	locsectionidOasisSectionId
2e276795	DisconnectionScreen
2e2c2551	fMinDistanceFromPlayer
2e2f280f	LostTarget
2e303e2b	bDeactivateDestinationUIOnEscapePursuersPhase
2e30edce	selRacelineAggression
2e361b4c	TimeOfDaySteps
2e36ef66	WaterMaterialID
2e39148f	uiBroadcastActWeight
2e4221c3	Strategies
2e422e55	SplitLibrary
2e492c12	AdvancedWeaponParams
2e494526	AnimatedCamera
2e4b2f62	fMinViewportVisibilityPercentage
2e4d3218	sndvarWindRTPC
2e4f658c	PmsRestrictionDbs
2e50c77b	bUseFill
2e52ac03	fAirDensity
2e5338cb	curveWheelLockPlayerControl
2e569310	SpawningDef
2e593638	curveAgentCooldownTime
2e596aec	fMeleeHeight
2e5cee34	fFactor
2e637689	fPropagationRadius
2e66e6e7	fMaximumDelayBetweenAnnouncements
2e6b1467	locstridRobotHijack
2e6c64dc	bIsEditableByPlayer
2e6e8328	fRoughnessMultiplier
2e71a8d1	fRandomDamageScaleAmplitude
2e71d4b3	PlantDefault
2e71ee88	sBtn6
2e72724f	Rockets
2e7414ec	WeatherSteps
2e76a298	sndtpLockOnSoundType
2e794d35	CameraFOV
2e7a750f	bLockPhotobooth
2e7ca264	StartStage
2e858e5b	sndShowCallRecordSound
2e88c2a6	ActivityCardVideo
2e89db16	InteractiveTalkerSettings
2e955adf	SpiderDroneJumped
2e983880	fMobileRotorIdleFactor
2ea1f381	ARCloakCooldown
2ea5b571	fMinAabbDim
2ea6a881	fCooldownAfterLaunch
2ea8b905	fMudLimit
2eab7254	Yaw
2eb509b9	coverselectionparametersCoversJammingHuntCover
2eb81ef6	fOutOfControlLinAccLimit
2ec59f36	bDetectThreatRC
2ec8103f	HasGunTakedownAutoAim
2eca500a	sndShowSound
2ecc76ab	bIsTrigger
2ed0c5d7	Operator
2ed1c119	sndStateStopSound
2ed35336	fImmunityDelayAfterBigStumbles
2edbd5e6	humanconfigSniperConfig
2ede8cf4	fEventFrequencyTime
2ee0be30	fChanceOfBeingArrested
2ee48043	bDoTargetingHackLineOnNextTarget
2ee57833	fNodeCameraAlpha
2ee679f8	BarkWipeAttackAborted
2ee6943b	plasmaDialogTemplateID
2efafa98	fFadeOutTime
2efbc6d1	locstridStateLocId
2efee5b4	fFelonyPlayerCamProximityHorizontal
2f02a246	fMediaVisibleAngle
2f05ae14	vehiclebhvsetupVehicleBhvSetup
2f06df68	fFollowYawDeadAngle
2f103527	reinforcementgameplaydescriptorReinforcementGameplayDescriptor
2f1b4d02	fPivotLagDownward
2f1f4497	fSmellIntruderMaxHeight
2f2029ef	FOVDownPitchDegrees
2f209062	VehicleStoppie
2f26bd6c	fDodgingAndRollingMultiplier
2f2a78ea	fMeanderSideMinDistance
2f2bcfa4	relicitemRelic
2f2c14a9	sndHackingContextualPersonalCameraExitSoundId
2f2c8cd5	curveTintOuterAnimationCurve
2f2da816	bOverrideProfilerSettings
2f33b847	LTLHeadshotsKORule
2f353b5d	fKCylindrical
2f388986	fLongVegetationThreshold
2f3fa927	locstridOpName
2f465a73	fRaidCompelteReturnToSandboxTimer
2f46c789	selSpeakerSex
2f48a8da	PigeonBank
2f4961c8	mapicondescNeutralPlayerMiniMapIconDescription
2f4a3e60	Drone
2f4cd182	VehicleBankCollection
2f4cda70	fChaseEfficiencyTimeModifierMedium
2f4eb0b5	fSpeedLimitModifier
2f50a818	fSpecularRoughness
2f525eab	fSteerAngleScale
2f577919	GearShifting
2f59a756	FadeInfo
2f630ba8	fMinDistBetweenHackerAndDangerousHackable
2f67c105	selNPC_Ally
2f67da6a	CombatAISettings
2f69479c	uimenupagePauseMenuHomepage
2f6f71a4	degangMaxAngleLag
2f7aeca0	fAccelerationRate
2f7b055c	fileReactionLookAtMediaBroadcastStart
2f7ccb65	fTargetSwaySpeed
2f80486b	fileWaveIntensityTexture
2f86e968	selPriorityDefault
2f8c85ad	fOnFootCombatRadiusLOS
2f8cf1b8	fAimingBeamDuration
2f908fb1	BountyHunterMission
2f919a0f	bUsePuppetAsSearchOrigin
2f9310a4	fOldOutSightMultiplier
2f983d82	EmergencyResponse
2f9cc023	sndSpotlightToggleSound
2f9d31ae	uisoundChangeOutfitsSound
2fa2470c	selRestrictedTo
2fa78763	censuscontractdefinitionContract
2fa92fc5	fMaxAabbDim
2faaf321	locstridHeader
2fab0399	fFloatingScale
2faddd50	Landmark
2faf7b6a	DefaultExcludeTags
2fb27e2e	fSwitchAllegiancePlayerCameraAngleWeight
2fb39a27	sndNarrativeItemEmail
2fb81625	bBoolean
2fb915a8	Mod
2fb9ef8c	fSearchPhaseDuration_4Players_2vs1vs1
2fba1e0c	fSpeedRatioMinValue
2fc3d0e5	curveSSRFallOffDistance
2fc50342	vec2CatchupSpeedControlCamPos
2fcf838e	Strength
2fd0406d	bIsFOVAffected
2fd39e4d	sndtpAmbientSoundStopType
2fd579d1	fSoundEventProbability
2fdabe68	sndNarrativeItemVoice
2fdd2c70	StatusLightOnParams
2fdd5d15	bHeadLamp_HighBeam
2fe4f306	sndtpJammerSignalEnterRadiusSoundType
2fe71b4c	fIntensityHighToLowCostFactor
2fe860dd	iMaxDenunciators
2fecf48f	tmplName
2ff075f7	drunkeffectconfigHardDrinkerEffect
2ff0bfea	vehiclebhvsetupLeaderVehicleBhv
2ff57597	CoverSelection
2ff933fa	HijackStoppedStressRules
2ffd27a5	tagcategoryselectionLegendaryTag
2ffed589	fileStickerTexture
2fffd293	selSampleStrategy
30059e3c	nethackingconfigCivilian_Rare
30069479	DamageState
3007401b	selColumn
30076f99	PostDeath
300eb8b4	iNumDrinksIncrement
30158741	RCRobotFirst
3015fdcb	NoveltyFactRandomEvent
3018f66c	locstridModeDescriptionLocId
3019060e	fStaticCollision
3019b2d8	sndtpTaserSoundType
301ab727	AutoConnectToSpiderProjectile
301b02a3	colorRandomConnectionEntityColorMin
301b288d	locstridRevealMainSwitch
302226c3	curveArtisticBrunetonSkyVisualIntensty
3026125d	fAmplitude
302bd67b	locstridIngredientTriggerAccessPoint
3030f7f2	publiceventslistPublicEventDbObject
3037821c	fMalwareLifetimeOnImmuneTarget
3038dfba	FXs
30464c8c	uiMaxElementToArm
304ce24d	bHighResShadowFiltering
3056f216	fRotationSpeedMin
3057a3fb	sndStartLosingFocusSound
305ca1c1	uicolorpalettesettingsNeutralColor
306095f1	fExitThreatInstantAdd
30625858	sBinary
3065260d	fClampingPercent
306c8aed	TriggerBhvParam
3071ffab	bNarrowRoadPenalty
30794116	fCooldownDuration
3079aaef	graphickitparttypeHeadPartType
307c1e21	fRandomConnectionRandomDistanceMin
307e7b96	locstridPlacement
3082a085	ColorAnimation
308518d9	fEmergencyFollowLowSpeed
3086a145	curveRecoilTranslationZ
30903bfa	DriftHelper
30905519	fBeforeThreatTime
309496e2	LockedBodyPart
3095eb11	locstridBreachingProgressBarJamCommInfo
3097678e	medicalrecordarchetypedescMedicalRecordArchetypeDefault
309cc991	fTargetIsOutOfRangeDistanceMin
309d9000	bIsLongDownload
309db70a	psTargetBeamParticles
30a4f937	fFollowUpdateTime
30a60236	fVehicleDiscountFactor
30aa1803	fSupressDelay
30ad2962	fDofFocusPointOffset
30af1def	fAttractTimeout
30b513cc	locstridWarningMessageWhenQuitSearchAreaLocId
30b67dd5	fileBarkPanicFacialAnim
30baf4cb	fPlayerRemoteControlObject
30bea10e	bEmitFromUpperHalf
30c33fbc	bUseParentPosAsAnchor
30c723fe	fFadeFovReference
30c8ca53	fDurationFemale
30ca562d	fBountyHunterTeleportMinDistance
30cad60a	fDistanceToEntityToDeliverTriggerDistance
30cdf582	PlayerBikeClo
30d79906	selOpGenIntensity
30dc6c14	SpotlightPlayerDisconnectedParams
30e19bd3	curveSpawnReactionTimeCurve
30e241c9	fOnFootDefaultRadiusLOS
30e3dd54	fRubberbandMinDistanceBehind
30e668b5	vectorPositionInParentSpace
30e72db0	entCheckpoint
30ed2e1d	SoundElement
30ee8fec	bShouldDisplayWarnings
30f58424	DigitalSearchSettings
30f716ad	WobbleParams
30f911af	GoodItem
30fc3452	sPlaceholder
30fc53c6	bDisableLockingEntity
31006633	fCover2AllyWeight
3107c413	FakeCrowd
3107f7f3	vector4DebugDisplayScreenPositions
3112823b	KickupTrick
31147a36	selWeatherForecastCloudAmount
31161567	fSafeDistance
311caf70	sndAdrenalineDeflateTyre_3
311dce22	fWetnessAmount
31218d4f	fSecureOffsetsTension
31223084	bIsDataDownloadLocked
31237d24	bUseKneeBonesInsteadOfFeet
312fdaa3	FightRoundData
31306849	LeaderboardNewSeason
313420e0	EmergencyAlarmStop
31359d0a	fInWaterWarningDeltaDistance
31391a9b	fParkingSpotRadius
313ed065	ScoutXTargetNearby
31449cd6	fMaxDistBetweenPlayerAndHackableToEnable
314aed3f	TrafficSpawningContexts
314bb4e7	VRPuzzleLineSettings
315e4d8d	fShapecastDropFrontOffset
315edd6e	vectorDeathCamMoveDirection
315f1163	fSoundHypeMin
3163ff6d	bMindjackContextActive
316ad1cc	bWindSpeedInKmPerHourOverride
316cf641	matScreenPlayerOwnedMaterial
31779c20	ExtraEffectLightOffParams
3178f59b	SpotlightRebootParams
317eb7ce	sndtpShowWantedRecordSoundType
31805e5b	fAimingDotScaleHoming
31816717	weaponLvlWeaponParam
318fc468	GodRaysData
319300b6	locstridDecryptPackageObjectiveLocID
319344c8	fBurstDelayMax
319641c2	locstridWaitForEveryoneSafeObjectiveLocId
319b99c4	RCFlyingDroneFlyingNear
319be96e	locstridRewardAdditionalTeamSlotTitleLocId
319bfc4c	locstridwarningRoomFailureHeader
319f2882	archArCloakArchetype
31a67c0d	fNearScale
31a6b165	textureWeaponLocker
31a6ec54	fOutOfControlMaxLeanAngle
31a789f2	operativepropertysoundinfoPropertyId
31a9865a	bIsDeliveringDrone
31aaea62	CustomScans
31ad13c4	fFrontWheelieOffsetZ
31ae360e	archDefaultSpawnPointType
31b35b67	bForceAcquireTicket
31b54e1a	fSteadyPushingNoneDecPercMultiplier
31b7ed23	bSkipCollisionsWithTraffics
31c8e69b	fFadeInEndDistance
31cbfb18	hackingprofileHackingProfileAfterBreach
31cf0394	humanconfigBuddyAINoWeapon
31cfa691	RegionHidingDescriptor
31cfd625	FilletProp
31d16aca	fMinDistToOtherPlayer
31d1b2d3	bAllowStateAlertHard
31d1f8e4	sndRejectPotentialTargetSound
31d99e8c	fTweenDelay
31db5385	curveMainSailBoatPower
31de0c51	fMaximumPlayerCameraInputSpeedMultiplier
31e07bfd	fUsefulDistance
31e1620a	GenericGroundLowPorosity
31e966f5	WakeUp
31ea9c57	bIntuitionGaugeIsVisibleInHunt
31ec77e5	bUseHelicopterVision
31ec783f	fLensFocusLag
31f08d14	fWeightPercentForMatchingLocations
31f38b80	sndvarBusVolumeRTPC
31fd0675	fLeanAngleLow
31fd21c9	fSpawnNewsDroneDelay
32020667	sndWobbleVelocitySignChangeSound
32065fd1	sndtpDefaultSoundEventType
3207d227	bUsePartialBlockedLanes
320e8186	bReactOnlyForSearch
321074b7	uiWantedLevelForTriggerArrest
3210cd31	curveSpawnProbability
321359d1	IsHackerpaceEnabled
321b7c0d	nethackingconfigRemoteControl_Enemy
321e942d	sndtpMissionStartType
321eac79	vectorImpactPositon
3221a751	fMinSpawnDistanceFromPlayerInFOV
322552b7	fDamageMassNormalizeFactor
322693d2	tagcategoryselectionHackerPlaystyleTag
322751e1	vec2RepeatBuzzTime
3229f718	fEngineInertia
322bd965	bUseFreeroamPhotoDetectionRuleFlow
322d674f	fLockonTime
322da1c8	uisoundSurrenderHoldStarted
322e8438	bIsTimed
3231e72e	bUseFakeTopGear
3233b4af	uimenupageRelicsPage
32359aae	entProgression
323a13ad	bOverrideDirtValues
324f8469	OnDeliveredBarkId
325119f5	fPlayerZoneInMeter
32575cc4	tagcategoryselectionFirmsTag
325807ba	DTest
325add7c	fPingBackWaveAngle
326533bc	fCoverSlideMaxCoverNormalAngleDiff
32662d2b	bEnableLowerSidewalkForIntersectionCrosswalk
32692229	bUseLocationProperties
326aed92	fAttractResultDuration
326e0d52	fMaxRangeToPickNPC
326f1e5b	fCarAngleMax
3273532a	fDistanceForStimPlayerInWarningZoneInCarMax
3275ad0b	fInvestigateLKPBarkLostTargetAdditionalRandomDelay
327acaae	fAirHeightMax
327ad2e4	locstridKeyLocationLocId
327afe41	SpawnProp
327cf9b0	SecuritySystemLinked
327dacbf	hidWheelBaseTest
327dc925	bServiceVehicle
327e05cc	StateMachine
327e7725	Lighting
327fc414	vec2TargetPitchAngles
32838854	fSteerExtrapolationTime2
32841c4b	pcmenucategMenuCategory
328472ab	psRiftOpeningParticles
328681c6	fGenericAttentionRequestTime
328b9452	selCoverAimingStraightRight
328d87d9	StimsOnActivate
32911fee	fFirstWeaponFireDelay
329322c9	iMinTimeToLive
32953cba	plasmabucketDefaultCameraBucket
32969dab	selAlign
329727c6	fKpThrottle
32a1b84a	fWarningMessageDisplayduration
32ad4fbe	uRichBankAccountIncomeRequired
32ade836	bIsRandomized
32b68194	NextScoreBenchmarkGetter
32b7bdfc	PanicBarkSettings
32c17ac5	fScaleWhenHitByParked
32c25379	bStayVertical
32c911bd	sndReadySound
32c9ad27	locstridExoSuitLock
32c9c169	AnyTargetDefinitions
32cacbf7	fRandomConnectionRandomCatchUpDelayMin
32d31ea9	fSpotAngle
32d95054	locstridEventFailedOtherPlayerDeathLocId
32dbe3b3	fKmhPenaltySpeedIntervalTime
32e00e5d	sndRemoteUnlock
32e0246d	AutoDropRule
32e1279c	iWeight
32e3fcb5	colorAwarnessColor
32e5c2cd	sndtpHackingLockLeftWheelSoundType
32e70007	DamageStates
32eba3ee	fDPSDuration
32f1c4ff	fHealthRegenerationSpeedHard
32f47fa8	uisoundOpenSmartphoneSound
32f4a402	uiMaxCommunityItems
32f4d3ec	fKiThrottle
32f60ff7	fLocationReachBarkCooldown
32fa669f	bSpecifyQuitMindSet
3302e217	bGenerateReactionStim
33038922	sndLockingOnCancel
3303d458	BreakAnimationData
33058065	archetypeconfiglistJammer
33068fa6	scenetotexturestudioobjectDebugStudioObject
33068fb3	archetypeconfiglistDrone_Kamikaze
330746ab	fileSuggestedStrategyOnBail
330b7eb1	fChargeAcceleration
330f839a	sndtpHackingChopperSoundType
331093f5	logmatLogicMaterialV2
331185fa	fKmhPenaltyPerTurn
3312ea24	fAnimationDuration
3326b7e8	uicolorpalettesettingsObjective
33289d1b	texturedbobjectDroneScan
333165e2	hackablenpchackresponsesetupHackableNPCHackResponseSetup
3331ab87	fRollAccelerationScaleUp
3331cbc5	locstridUploadPausedDisplayString
3332281f	uisoundDisplaySound
333288f1	fVehiclePartBulletDamageChanceScaleMax
33407856	sndtpShotBeamStopSoundType
3340bae4	iPhotosToTake
33448f48	bTriggerOnTimer
334721bd	sndtpHackingFailureSoundType
334787d7	bAlignYaw
334b12ad	Maneuver
334ede07	texturedbobjectEngineer
335494dd	BehaviorModifiersAllowed
3355f533	locstridHackText
336034e3	archetypeconfiglistVehicle_Medium
336853d3	fTimeShiftTransitionDuration
33688523	fClearAddsMaxDelay
336b9ff1	fLateralAccelPessimismFactor
336bd964	ExplosiveNearby
336c117d	Player4Commands
337b78dd	StageName
337c4ff6	sndMapEnterSound
337ff9b7	EnabledMotorParams
33816e05	TimeSlicingConfig
338d51b6	GenericBlockingEvents
338e53e4	fOverheatRecoveryPerSecond
338ea679	fMaxRandomNPCFelonyInterval
33907e77	bIsFireAndForget
3393cbbf	AvatarNetSurfing
339d0fec	matDeactivationTakedown
339e3c23	locstridRaidEndLocId
33a0dfe1	fRearWheelieOffsetY
33a2345e	HeatDrainExponent
33a4c027	IconBackgroundBottomRevealAnim
33a99cfb	iOnTargetProximityRange
33ab61c7	fLateralTolerancePercentage
33abc817	uimenupageSettingsAudioLanguageMenuPage
33afacca	DedsecInternationals
33b2471f	sMistPostEffectRadius
33b29009	bIsBonus
33b64ace	DefaultHumanTagSpecs
33b6e8ac	fGpsScaleMiniMapFactor
33b89889	selAccessCodeContainer
33b964a5	TeamMenu
33ba99d3	reinforcementbrickReinforcementDescriptor
33c41596	locstridDescription
33cf7664	MapPitch_UpperValue
33d1ae37	ObservePlayerParams
33d80016	PoliceStrobeTrafficParams
33da2451	locstridEscapePVPObjectiveLocID
33dcc895	Inventory
33e1426e	bBarkSeekingCoverUseConeOfVision
33e4cfd7	uiItemPrice
33f1410c	GameplayRepetitionSettings
33f22ffb	chaselevelparametersCustomChaseParamsLevel4
33fb7689	mapicondescDisruptedDetectionIcon
33fe89c2	sndswtpRegionSwitchType
34010fa4	TeamSpeak
34044a2c	fTargetFoundDelayMin
34055aad	uizonesettingsAIAgentForbiddenZoneSettings
34076ac6	fTurbulenceMask01UScrolling
340adbd0	NameGenerationSettings
340f5aa1	IdleBreakerStartRange
34122836	locstridDroneDockSpawnDelivery
3415b11c	SpecializedIdentities
341786b0	fFavoredAngle
341d3740	drvstylecfgFelonyLvl4
34202852	sndClutchInHandbrake
3420ce56	JawBones
3423e2f2	uimenupageSettingsOnVehicleMenuPage
3424431c	Invalid
3424b953	locstridSecurityCameraStateFriendly
3432b528	iMaxSeenOccurence
3436a771	fTriggerTeamSpeakRadius
343b2b30	Exit
343c4e82	GenericChannelMaterials
3440464c	WorldSettings
34404bfe	sndregRegionId
3444fc34	iVerticalMargin
344753e3	AlertNearbyGuards_HackEscalation
3447c4ae	reinforcementgameplaydescriptorRepairDrone
344ffe84	fBreakablesStaticToRigidMassScale
3450a6ec	bIsProgressBarInverted
345477db	fMaxDistWithHackerToStart
3454a19f	StateDetecting
3458bf5d	uInvalidRoomFrame
345ba396	TriggerBehaviors
345e2e4b	fMinDeformLandSpeed
345febdb	DroneSpawnInfoInVehicle
34614bed	fPMCsMaxDistFromPlayer
3461b0fc	sndswtpFabricSwitch
346212d5	fAngularDamping
34642301	bAllowPersistanceOverride
34671b16	fLateralMidRatio
3470e6cd	fFailMessageDuration
347750e9	iNumberOfDrinksToPassOut
347a779a	fCombatHeight
347b90b3	fWeightPercentOutsideHistory
347d493f	ProximityBhvOffset
3482f3a1	opgendronedescriptiondefinitionDroneDescription
3483554b	CombatBallistic
34856913	bUseRemainingRatioCondition
3485cc2a	FogSettings
3485d35b	accuracyconfigAccuracyConfig
3486c790	curveSpawnEfficiencyCurve
34870e16	atlastypeElementType
348a154a	HighlightColor
3498a538	selWinning
349a8e74	fStiffnessIncreaseSmootherStiffness
349c496e	fFollowHorizontalOffset
349d0ee0	texturedbobjectDefaultSmartphoneBackground
349e8fff	sndBulletWizzSound
34a23a82	fScrollingLineStrength
34a8fd60	fReactChance
34aba735	gameplayconvosettingsDefaultTalkerConversationSettings
34b2bc14	uimenupageWeaponItemsPage
34bd6ecd	demoDefaultDevelopmentDemo
34be7db7	archDefaultZone
34bfeaef	Sets
34c26fac	fMaxImpulse
34c4a2a0	itemlistNormal
34c67d4e	sHackLockStopRumbleId
34c9189d	sndMapPlaceWaypointSound
34c9c4e2	curveCollisionRadiusVsDamageVelocity
34ccd736	iTextureSliceIndex
34d481da	SDFFontThicknessMax
34d696c6	MapIconAnimationDataRunning
34d8f522	coverselectionparametersCoversAssaultSecondForwardCover
34da75a0	fGaugeTimeToReachTopPlayerBlackoutModifier
34db6616	fSpawnRadiusInGame
34db9c65	PropagandaInfo
34de8bb9	fPackageMaxDamageLvl3
34e182db	uBias
34e37069	fVisionGainSpeed
34e54a0c	sndWeaponUnlockedSound
34ec0193	fRecentRoadBlockSpawnRadius
34f3f43c	fMaxDataCloudDensity
34f7480f	GravityScale
34f8984f	selSex
34fa17d2	bBlocksExplosions
34fec729	bSecondWeaponFullAmmo
3502cae1	bDestroysVehicleParts
3505e633	bUseConstraintMotorWhileHanging
35084206	fEmissionSpeedVariance
350a8f46	fDelayTimeRandMax
350ae5f5	AngleLimits
350db8bf	vec3FramingAdjustmentAtMin
350e9070	fileLightTexture
3511323f	Sequences
351a65cb	DoesEntityEmitHVCProximity
3520d41c	fForwardBrakeBalance
35261f0e	Grapple
352835e9	sndPackageDeliveredSound
352b8b8e	fBarkValidateLKPTimeBeforeConfirm
352edc7b	IntenseRainStart
352ef348	psRiftTeleportedParticles
3530563d	sLabel
353be5db	Variable
35418295	fDartsNotificationTime
3543ba34	locstridOrderCanceledTimedOutMessageLocId
354c6930	selWeaponGrip
354ca3a2	uMaxExposePoliceHackAtSameTime
354ce46c	selDifficultyTier
3550de87	bInstantStunOnHealthDepleted
35527034	skycolorsettingsSky
35561601	EscalatingAttractSoundsEAndTypes
355758b3	locstridRewardAdditionalTeamSlotGainedDescriptionLocId
355a2fd7	StateConflict
355aca89	RespawnPriority
355b2e6f	fNoiseFrequencyMaxRpm
355d558d	fLifeTimeMinSpeedValue
355f6c69	ConsiderationCurve
3560c5d7	fTransparency
3562b3cb	fMovingTowardFactor
356522e1	ReticleAssistSettings
356c45b1	angRainVerticalRotation
357b728d	fPatrolCombatSpeed
35816279	fLockOnTime
358518cd	bPlayAnimLoop
3585afe4	bDisableSpiderBotARCloak
3586156c	AvatarCoverAimingRight
358b7a58	fScanPassiveRadius
3590970c	uisoundTeamSpeakStartSkip
359384d3	SwitchAllegianceStoppedStressRules
359c19d9	fGaugeTimeToReachTopPlayerInRunningVehicleModifier
359c4bdc	VentDoctor
359ca2e3	degangRainVerticalRotation
35a35dae	vec2ChanceAtTolerance
35addc28	sndAccessCodeRewardFocusSound
35ae3dd9	archetypeconfiglistElite_Grenadier
35aea41e	sndLockBrakesSound
35af7940	mapicondescDiskIcon
35b18c9b	SunRiseTime
35b4f3c2	fAgentCooldownTime
35b9e13d	fileEmoteAnimation
35bd4b6c	curveTriggerChanceModifierVsNbrCollision
35c22d87	OneSideConvo
35c2c345	sndtpFinishSoundType
35c39b8a	fCriticalHealthRatio
35c75d49	bUseBlockyOverlap
35c82e2c	fMinHideDistance
35c8ad56	DeliveryFailedBarkId
35cb19a1	colorHackLineColorOrange
35cd8d12	AffectedSettings
35cd9882	locstridStepStateCompleted
35cef518	fMinImpulse
35d0fb3c	curveMaxSpeedRandomNoiseCurve
35d1371f	uMinimapTextureSizeWidth
35d358c6	fWaitDurationMax
35d6f162	CapturedTimeouts
35dc981a	LoadoutParamsRCs
35e41645	fStartWheelieThrottleThreshold
35e42f60	uisoundOnExitDetectionBadge
35e48918	archShopKeeper
35e7b72c	fSunElevationNightMin
35e876f6	MaxNbrProtector
35eda905	fMaxLinkedEntities
35f17244	matScreenDeactivationTakedownMaterial
35f50b17	selInitWeaponType
35f7af5a	KeyLocationDiscoveredMapIcons
35f88f69	fHighQualityKillDistance
35f9dff2	SupportedTypes
35fa8879	fMinAttractToGatherDistance
35fadc0f	HintPath
35fdf276	locstridBankAccount
3600aa50	fBulletBurstDurationCharge
3602f7b3	bProbeSaturationOverride
36058740	bEjectFromDroneOnDeliver
360ccf72	fFlashEffectMaxIntensity
3611ccb0	fEngineOverHeatDamagePercentage
3612dcb5	locstridActorName
3612e3c8	locstridInACloEvent
3616331f	UniqueNpcGraphicKitTag
361b0f26	selPMCRole
362433f0	bCanMoveAndShoot
36257f44	RootSpringOvershoot
3626e11f	fileReticleAutomaticRed
3629079c	objectivetransferdatafreeroamTransferDataObjectiveDescriptor
3629e73b	fHeight
36329de0	StatusLightPlayerLocalParams
3633f13a	fScanSelectRadius
36394bbb	FleeTransition
3639f826	fOverlapFactor
363b7102	fAutoPingOnThrowTime
363c8cb2	Chapter
363d6b34	fMaxCoolDown
363fff57	sndtpHackingRobotLoveBullSoundType
364744a5	fMaxTimeTooFarFromTarget
3648ab3e	ShopCategorySettings
364915dc	progressioncollectablecategoryCaptainKillCollectibleId
364b32af	fMinimumVelocityRatio
364c2c77	bIsPriority
364cad35	fTileXSizeMax
364dd39f	fTendrilMask01UScrolling
364fa7d9	vectorDynamicLightPosOffset
36516398	DebugGunsList
365432ee	iLoadingLimit
3654a279	selStatus
36566c44	locstridLogPackagePickedUpLocId
365e6913	fChaseEfficiencyValueModifierInsane
365f677b	fMinDistanceForSecondCoverSelection
365fabb9	sndWheelSlideSound_1
3668f4f3	PerkRequired
366c1a9f	SeeWoundedBody
366e727b	States
366eae42	bCanBeOccludedByMapGeometry
367ed720	vec2MinBuzzTime
3685ed6d	fMinDistFromEntityToFleeTo
36889a14	fInitialStrength
3689ab7e	Dive
368cd137	fEthnicityIndianSubContinentExposureOffset
36987bfc	locstridHard
369f1c73	bIsManagerEnabled
36a10845	PostFxList
36aba1b0	fRubberbandDefaultWindMultiplier
36b39aa3	Gradient
36b3d2a3	itemHandle
36ba6573	CLOActionBlackboardDescriptor
36bb2e88	vectorXYZRange
36bb716b	AvatarInteracting
36beb326	selVehicleHealthBarDisplayMode
36beea01	efficiencymodsEfficiencyModifiers
36c2d83e	LockedEntity
36cc5ee1	fRedistributionAmount
36cf3ce0	nethackingconfigIntelObject
36d05091	locstridEngineer
36d217a8	vectorShakeTranslationSpeed
36d8ea85	TimeSkip
36ddbb5c	possyselementObjectiveMarker
36e1c798	fNightSkyGradientGamma
36e59f20	StatusLightPlayerLocalOverchargedParams
36e776c9	bRevealAttendanceLocation
36e7ba9c	bUseCurvedBasedLag
36eba2cc	fVerticalScaleRange
36f32e7c	sndScanLevelStartSound
36f596e5	BarkWipeAttack
36faf5e7	sndLawEnforcerStopSquelch
36fb3d2c	archShadowVehicle
36fbcc0d	fHardSpeedLimit
36fe02c4	ClimbUp_To_SlideOver
36fe4bfd	possyselementTrackedTargetMarker
370547b9	selHackableObject_Large
3708cdf9	fSwitchAllegianceDetectedBonusRangeWeight
370b7d52	locstridNarrativeHook
370f5a7f	fDisplayTimeMax
370f9bb8	bUltimate
37178920	curveAmbientGroundIntensity
3723a205	fMinAngleBetweenNextGrenades
3729f2db	fRainSizeMultiplier
372b5190	CLOActionActivity
3732b683	CLO
37330288	iSandboxDistanceVisibility
373393af	curveExposedPlayerPreShootingTimeModifierCurve
37343a56	HackingDroneDockMedicalDroneSoundId
37386845	bNoTractionControl
373c557e	fMaxTimeForBagleyHackAfterMinorEvent
373dac26	locstridDroneBroadcast
373f04ba	fCameraWeight
3743758d	fClampHudClosedPos
374653bd	JumpOverGapMaxDrop
37476620	SocketLockMaxWeight
374833c7	fLargeBumpIncidentSpeedThreshold
374a590c	iMaxTwoSidedConvoInRadius
374b8c67	sndtpHangSoundType
3750634f	curveSwitchAllegiancePlayerCameraAngleThreat
3754e86c	psFxLockedBrake
375500b3	SpotlightSelfDestructParams
37560a26	entFallbackEntity
3765013a	stimsDrunkStateLowStim
376f8c71	PartTypesToOverride
37712439	locstridGoToYachtTip
377560fb	fClearCrouchAfterSprintTime
377b01f3	sndTextEffectSoundScramble
377c83a6	FOVRearCombat
377e4b9f	fOrbitZOffsetModifier
37828d98	fPriority
37855963	fMaxDistanceBetweenCars
37891296	curveFogFadeInStartDistance
3789b635	fileReticleAutomaticRedAR
378aff83	fVisibilitySize
37931d6e	sndtpHackingLockBrackesSoundType
37978aef	DeathDelay
3799e839	fileFireResource
379e2ce1	locstridEscapePursuersLocId
37a60458	ActivationDamping
37ad35b5	reinforcementconfigDefaultReinforcementConfig
37afb569	OnTimerStart
37b47821	locstridCLOEventNearbyNotificationText
37b529f2	HUD
37b7aaf8	uiMaxNumK9Units
37c1187c	DefaultSelectionTagCategories
37c685c0	drvstylecfgWander
37cb2ac0	psRiftCubeSpawnParticles
37cf95bd	BoneAnchor
37d093c9	bResetVelocityReference
37d37c46	hackerSound
37d524c3	itemsTutorial
37da6ceb	ArrestForcedOutcomeFlee
37e2bb8e	fEndAlpha
37e782b9	TakeDown
37e8a042	Table
37e8f84f	ExitSoundsAndType
37ef5ed9	fBlurFactor
37f6b4a5	DronePickableOutOfContext
37f8e895	Mode
37fab626	selRoleAttachTo
37fe1653	selEmitterRole
3803bc5a	matScreenAiWorkingMaterial
3806a168	fVehicleColVelocityMaxRangeValue
380ef5de	fMaxPickupDroneSpeed
380f03b3	SeaLionGroupScoutXBank
38118eec	FakeScheduleStrings
381348a9	fWindTime
381b6532	entAccessDoor
381f4c5e	phonecommunicationsettingsIntroBriefing
38268973	bDisableInvicibilityWindow
3829bc3e	fCameraOrientationTime
3830264b	bIsFactionAffiliate
3831a8d3	itemsGoodItem
3838e4b3	sndtpOverheatStartSoundType
38394479	sndShowRobberyRecordSound
3844d260	fileBarkAnxietyFacialAnim
38460e10	selBodyPart
3849cfe9	archShotBeamDotArchetype
384f5573	fStaticZDisplacement
3851d592	fReinforcementLowSpeedRangeReductionThreshold
3851f4e1	LocalizationId
3852ba81	locstridRoom1
38554e88	Dirt
385b8a07	itemlistsItemList
385dc4e3	iHackableCivilianRareRewardPriority
38679295	fDamageMemoryTimeMultiplier
3867c154	fShadowEV
3868229a	locstridReachLocationObjectiveLocId
386ab9ca	colorNegativeColor
386aca7f	colorHackLineColorBlue
386bd04c	locstridSettingName
3870ec9b	ActionsToHappen
38733732	HeatLevel3End
3874d2f1	texturedbobjectRemoteControlDown
3876c86b	StatusLightAiSearchParams
38782a1b	fHighRelativeSpeedScore
3879698d	DGSceneActorBlackboardDescriptor
3879fd3f	bUseShortcutLanes
387c4adb	fPickupCylinderRadiusFpvMult
38827a43	locstridFeedbackOkLocId
3885c0fc	floatingvehiclebhvsetupFloatingVehicleBhvSetup
388bcdc7	mapicondescUntrackedIcon
388c56d8	bAllowTurnManeuvers
3891f5ac	PlayerProximity
3895b234	bDetectThreatWithWeaponInHands
389630df	curveAmbientSunBackIntensity
3896fa39	BroadcastData
3898cc38	fLinkedPropSpawnChance
3899ac85	locstridButtonLocId
389b5098	bAdjustForHeight
389f6da7	hidKey
38a1e2fe	bAutomaticHeatIncrease
38a55777	vec2StartMovingTime
38adb72a	fOrbitMaxDistance
38ae16f5	BarkRepaired
38b17551	End
38b61497	bAllowCapabilityToWatchDeadBody
38b705fb	uizonesettingsFelonyScanZoneSettings
38b975e5	fMaximumYawAcceleration
38b9885a	ObjectiveTextSettings
38c12f40	deliverybrickdescriptorDeliveryDbSettings
38c1acb2	curveRecoilImpulseYaw
38c7ce87	fEmergencyShootingMinDistance
38e229a5	VoiceGroupName
38e7194f	GaugeResetDelay
38e79f93	fRainStreakColorLevel
38e981ef	texturedbobjectIconLarge
38e985fe	fMinimum
38e9bd40	DisruptCom
38f210a7	UnpoweredSound
38f3f679	bUseDefaultVisualStereotypeOccupationType
38fa6f21	fLockOnDuration
38fa6f58	ShouldShowHUDTips
38fea9ee	iIconsOnMinimap
39073945	fMinInitialPropagandaDelay
390f3628	locstridDisplayName
3910a34b	mapicondescHighlightedCameraMapIconDescription
39147152	fMinBarkTimeout
39188fa6	vec2Cover2AssaultPointDist
3918c62e	League
3918f457	ModesQuickPlay
391d4eb5	fPitchDamping
3920a477	fAccrueTimeInterval
3922f6a0	bAutoDetectPlayerToFollow
392e333a	tagcategoryselectionCrimeOrganizedTag
3932bc4a	EscalationAttract
3936561c	AsianLanguagesNumberChars
393999e1	fUsefullRange
393c012a	LastChain
393f3932	fNPCRadioDopplerScale
3943a2cf	fHighProfileCooldown
3949b1c0	ObserveSideComment
394a72c0	fHandBrakingTorque
394a786a	searchingZoneDecreaseDuration
394dcdb0	fForceFullBodyOnExplosionsFactor
394fec80	Sound
39527eb1	SkillTreeSkills
3957285e	bInAVehicle
39585085	bNeedLanePermissionToSpawn
39593705	bDetectThreatAlly
395df024	locstridXPGainedDescription
39636a25	fVisibilityPercentage
39657047	BlendTimeBetweenLookAtTypes
3967d43c	bThrowing
39682132	fThreatDistanceWarningDuration
396b6e07	fIntensifyDuration
396bee72	fStaticZDisplacementMaxSpeedFactor
396e9019	sndOverchargeStartSound
396edb58	bMustSpawnFighters
39715caa	selCloseUpLayerBlendSettingsID
39731e03	fBarkGroupMemberShotAnswerRadius
39762b5e	FilteredFullZoomOutIconTexture
3978661e	fCollDamageFromVehiclesPerKgMs
397b7aee	fIconForceRevealedShowRange
397bcb03	vecTagOffset
397bed65	ActionDroneSettings
3984e6af	bAllowAsynchronousAcknowledgment
39890c2f	sSniperArchetype
398a2541	conversationinteractionKickoffConversationInteractionSettings
398aa507	sndHackerStopConnectionLinkSound
3992b295	fHalfHeight
39942827	uimenupageTeamAppRCCustomizationPage
3995b1b1	fDegreeCollisionMax
3999f5ab	texturedbobjectIngredientTriggerRemoteControlled
3999fb39	bUseScore
399b8270	bUseShapeCastSensor
39a081ee	BagleyHackActivationRule
39a318ba	fMinDistanceToStart
39a64c8e	SoundEffects
39aaea51	sndHackingContextualRewardSoundId
39ad2d0b	fFulcrumRadius
39b51412	sndBackFireExhaustFireSound
39b71201	fVehicleVsStaticDamageScale
39b7bfd5	fChanceOfBeingInjured
39c00287	fCoverInputFreezingAngle
39c0427c	sndRevealSound
39c47666	fStandAndShootBeforeEnteringForwardCoverProbability
39c4bcfc	AvatarDead
39c7cabc	vec3Target
39cdf18d	fAnimationCutThreshold
39cfb09f	selStartAlign
39d5cdf3	HappeningInTheFuture
39dae946	fScaleWhenHitByAi
39df6132	SfxGroupName
39e80a60	DayStartTime
39ed8633	fGroundFrictionReduceMaxAngle
39f40838	bOffroad
39f54908	sndBollardsAnticipation
39fa9046	mapicondescObjectiveExplosion
39fcb043	locstridIngredientTriggerExplosive
3a0347ec	fJumpOverGapIdealWidthWalk
3a05a713	uimenupageARMultiplayerRankingRewardsPage
3a08b0c5	fMotorMaxRPM
3a0e32ca	uitagcolorsettingColor
3a0f5c23	BoneIntensityInput
3a11ba8a	fGaugeTimeToReachBottomAlert
3a136599	MemPositive
3a171fbc	CivilianNPCDenunciationDetectionFireUiBlobTexture
3a18bcd0	entLapCheckpoint
3a1a48b9	DedSecWorldStory
3a1d9df4	AudioEvents
3a206bef	humanconfigTaserPolice
3a20fdbd	vehiclecombatconfigFelonyLvl4
3a2aae33	SpotlightAiIdleParams
3a3064e4	PressurePlates
3a313c78	fIntroCinematicTimeUITriggerEnterShort
3a424a08	sndShockwaveSound
3a4790e7	SpotlightLocalPlayerParams
3a4c41a2	texturedbobjectDisableCallReinforcement
3a4f57e5	fSilverIntensity
3a50e1cd	Parrot
3a522890	fRetryMaximumDistance
3a54bd24	bLaunchHelperShakeEnabled
3a5aa0ad	fMinimalSpeedForCollSound
3a5b27b0	uiblendFrames
3a5cf0b1	fCloseCombatDistance
3a66b877	DefaultCivilianDensity
3a670592	TeamBoostLineSettings
3a6d38ba	locstridInADgScene
3a7c57c0	DisorientChance
3a7d1d8b	TargetRole
3a7dbedf	fLevel1Min
3a859031	fVegetationGridResolution
3a8a512b	iNumberOfTracksPerSet
3a8ba0fb	companiondroneactiondefActiveAction
3a8c7298	fFlashbangRadius
3a99e43b	fAlertHardMultipleDeadBodiesBarkSearchTargetStartDelay
3a9a4ac2	archWeapon
3a9c4380	LKPCombatStateThreat
3aa16e77	fMaxWidth
3aa30559	mapicondescCOOP
3aa3508b	humanconfiglistHumanConfigList
3aa8b630	OnExitBark
3aaacc8e	nTracesRatio
3aac0827	fManeuverTimePeriod
3ab0653e	fDroneRadius
3ab7fee0	fMinVehicleMassWhenBreaking
3abcf185	bSmellPerceptionEnabled
3abf0525	fSkipTextCoordY
3ac34387	fHackLockLinePositionSmootherDelayOnHack
3ac355bb	Blurbs
3ac4f6a1	NeutralizeSettings
3ac5cacc	fMotorTargetAngleAlpha
3ac8b413	fProfilerPanelOpenMaxSpeed
3ac90f07	Abilities
3ac9419e	fBlendDistance
3acce251	TagConflictGroupEntries
3ae7e602	error6
3ae8ed5c	objectivepressureplatepuzzleDescriptor
3aeb26e0	selActorType
3aed96b4	PoliceSearch
3af23bde	Water
3af29603	gameplayconvoruleItemType
3af34320	bOnlineHackingIntruderEnabled
3af3d473	fFollowPYSpeedThreshold
3af585f8	fMinLateralDist
3af77431	fVehicle
3afdeac9	sndswtpEntityMovement
3b0288df	sndWheelSlideStopSound_3
3b067724	fPMCsMaxDistFromHostage
3b06e962	PlateIndex
3b091151	sCensusProfileFieldNameOverride
3b131ee5	bCanCountForProgression
3b149965	selAgentType
3b15c816	bCanPropagateToRivalRelations
3b169cd8	curveDistanceMultiplier
3b1a65b1	fMaximum
3b1a6698	bUseReinforcementFeedback
3b1e88fc	fSideRamMaxSteeringAngle
3b1eddc5	bEnableGameClock
3b267249	fDriveToTargetZoneRadius
3b27412a	bAlignPitch
3b279fc3	fHackLineAvoidFrontPush
3b363080	AvatarBareKnuckleMultipleOpponents
3b37ebe1	LowBudget
3b3bf536	vectorDirectionInParentSpace
3b437f0a	fFrontWheelieFailTargetAngle
3b46ae14	TailSettings
3b474fd7	iMediumDistance
3b4765c0	fShieldInsane
3b48ad5c	fSteerLowSpeedSlipThresholdMs
3b4911ff	locstridIsExDedSecsLocId
3b4b1359	CarStateAnimationList
3b508c06	ProfilesDefinitions
3b52419f	uimenupageDataDriveContentPage
3b53d86c	CurrentCoverRevalidation
3b5ce9fa	uimenutileTile
3b5f5ad3	bRearFog
3b5fd162	ListeningActions
3b600fe9	bShowBattery
3b626ba8	bCoverFreezeInput
3b62796a	uimenupageOnlineVendorAppPage
3b6463b5	fChargeEffectRadius
3b665fbd	fLookAtValidLKPDelayMin
3b6c7797	ObjectName
3b6c9336	ShopParamsHat
3b6cb596	LapCheckpointsList
3b721c94	vectorBeamStartPosFpvCamOffset
3b73d754	AimWeaponSpeedRule
3b749b20	Abort
3b7ac376	WeatherModules
3b7de8d8	fileTextureHitOverlay
3b7f98d2	fMassHackIngredientDuration
3b823cd2	selTargetRole
3b88ca7f	sndtpDetectingSoundStartType
3b8aaede	ProgressionTagsMission
3b8f5cae	MinorDamageLevel
3b9030fc	bRandomizeSequence
3b922c13	fCameraJumpFactorForSpike
3b927de1	WDCreditsCurrency3DSmallQuantity
3b9545f7	fFadeDuration
3b98fa8a	selWeaponPerkType
3b9b3273	fBarkTargetKilledAnswerTimeToStart
3b9d895d	fMesurementHotSpot
3b9e4a00	archARCameraArchetype
3b9edbfa	AtlasType
3ba0ecf2	bUseIncludeTags
3ba103a4	HackingInventoryEntry
3ba21598	videosPDAExtractVideoBinkFile
3ba95a26	skinshopparamsShopParameters
3baaf03a	musiceventsLoadingMusicStart
3bb104f2	bOnSpotOnly
3bb3328b	OccludedIcon
3bb3fcdf	locstridEmail
3bc24ff3	NPCSceneSettings
3bc4f163	Tag
3bc5f3d9	fStartDist
3bc6ba27	curveEngineOverheatPlayerControl
3bc971a4	texturedbobjectStateSearchEnforcer
3bc9d163	disUniqueId
3bcf8e04	selFullZoomOutLayer
3bd333f9	fEndDist
3bd33a83	VehicleSpawnInfos
3bd68d8b	sndReverb
3bd76700	fDrunkEffectsBlurDefocusRateMax
3bd78829	fFakeGearShiftDownTransSlowingDownLag
3bdad890	locstridVoice
3bdb0bc4	fFadeInDuration
3bde3d5a	sndStopSiren
3be1533c	locstridMainSwitchText
3be45bc2	fSteerMaxSlipAngle
3be89c86	locstridUITemplateForRivalPropagatedMemoryAboutOperative
3bf1d260	EndTime
3bf4c6f4	possyselementTeaseIcon
3bf68b20	fParticleFadeOutTime
3bfb458e	fIdleLookAtTime
3bfca4e7	MaxSpiderBots
3bfca892	FOVDetection
3bff4d2c	Occlusion
3bffa4df	HeightMin
3c004ffc	degangMaxRotationRate
3c053d37	texturedbobjectRaidDisplayImage
3c06539e	archetypeconfiglistElite_Captain
3c0b5fab	ImmediatelyRecruitableConversations
3c0ca83d	fMaxOffset
3c0df65f	fHandBrakingMaxYawSpeed
3c0efe73	fStopCombatingDisconnectedDroneDelay
3c1459ad	scanpasslibraryScanPassLibrary
3c1950ea	fReticleLockMinDistance
3c1b5e79	sndLockWheelSound
3c241cf2	bIsCustom
3c242a86	fHoldBehindLerp
3c313fba	curveMaxSpawnedUnits
3c32632c	RestrainFree
3c33773a	fTimeWindow
3c3b8db2	fPlaceholderDuration
3c3f679f	DemographicDistributionTagCategories
3c435848	bDofStaticFocusPoint
3c4679c4	uiMaxPointsPerStat
3c4f0275	bIsInvincible
3c53e6bd	DisplayInformation
3c54f7b9	fRecoilStrengthPlayerControlled
3c557746	EventAndResponse
3c59b804	colorHudDotOpenColor
3c70b398	ResearchTreeUniqueIngredient
3c73de4e	fScoreOffset
3c7ab27d	AtlasProperties
3c800480	sndvarWheelSlipSoundSinceStartRtpc
3c925cc0	fFrontBackDistMin
3c930a03	CameraLightFilmingParams
3c941c69	sndHideScanningSound
3c98e16a	fNodeSize
3ca07d44	selIntensityInputMode
3ca4b4ed	sndtpTimerFastCountdownType
3ca7317d	fClampCloseDistance
3ca7721d	raidwipedronesettingsRaidWipeDroneSettings
3ca7c67e	CameraDetectionFireUiBlobTexture
3cb00b18	bRelationCompatibleWithRoleA
3cb483b4	sMovieClipDPS
3cb4cdf6	fWantedLevel4
3cb53bc9	RaidGhostConfigSelector
3cb61207	locstridFailReasonDownloadCompletedLocId
3cc51be3	fDistanceIdealMax
3cc8a74e	fDropMaxHeightToShowUI
3ccb09a0	CensusEncounter
3ccb9e94	fInputFadeZone
3ccc8444	bUsePrioritySplineElements
3ccd2ed2	archTunnelSkin
3ccd7d0d	tagEndLocationTag
3cd06b6c	Radius
3cd344f0	archKeyLocationProfilePath
3cd45a9e	iBound
3cdb8f8d	sndtpVehicleArmingTriggeredSoundType
3cdca93e	bInterpolateinput
3cdee01f	fReentryTime
3cdf416e	GameSessionInfoConfig
3ce51c7e	sndvarJumpTimeVar
3cec8345	fTriggerFactor
3cecea78	curveFlashingIntensityCurve
3cee103b	phonecommunicationsettingsRestartVoteBriefing
3cf0d886	sndvarHornSoundRtpc
3cf20599	iZoomFilterVisibility
3cf6cde7	fSpikeSpeedFactor
3cfba4a2	locstridLongLocId
3cff02b9	fileReticleAutomaticFriendly
3d0229b6	sndFireBeamHitStopSound
3d04d103	fDeathCamGlitchBinkTime
3d08910f	DetectorMaskTextures
3d08d01b	fBloomLuminanceOffsetEnd
3d0b49d0	Values
3d0b7a89	fRegularBlendTime
3d0f487c	bPlaySound
3d10daee	iMax
3d15d75d	fDroneRecoil
3d1adebe	sndtpMixingStateStopType
3d1ddfcd	fInvitePopupDuration
3d1fdbf8	fMeterSize
3d24c602	fCollisionCorrectionTime
3d255eb4	fMass
3d26ee5e	fNextEffectDelay
3d2c2341	fBulletHitVehicleDamageRatio
3d2c9a9a	fAutoTriggerInitialDelay
3d2d4c42	bDeactivateOnDestroy
3d33f378	PartsToToggleNames
3d345a85	humanconfigConfig
3d3dc155	vecBBoxExtension
3d41df8f	DebugDrivingList
3d4764fc	PartTypesToRemoveForInvasionAttacker
3d4b7d67	selEmotion
3d520fab	locstridPodExpiredLogId
3d5372b7	fWeightPercentIfRight
3d5abc8d	sndSteeringLoopEndSound
3d5ad8e5	fCornerEntranceSpeedModifier
3d5bc74c	fSpeedMultiplierWalk
3d69c3fa	fMaxDistanceFromPlayer
3d6b570e	crimesettingsCarThief
3d6f7de6	SupportedModelTags
3d72cc0b	bHasChanceForEqualReligion
3d75d05c	bProbeLocalLightsMultiplierInteriorOverride
3d7b9157	UIDataRoleA
3d7f872d	fOrbitLerp
3d8027a8	fOutOfControlWheelieLinAccLimit
3d82d706	fApproachDistance
3d849d15	iPierceStrength
3d86cdfd	sndswvlSoundSwitchFastObject
3d875e29	psUnderwaterResource
3d8a221b	error2
3d8afe6e	selTeamMode
3d8d2a01	PartTypes
3d8d3a5d	vec2PitchAngleLimits
3d973b94	texturedbobjectStateConflictEnforcer
3d9af1a0	sndHackActivatedSound
3d9bcbc8	bTargetShouldBePlayer
3d9d7c60	PreviousPlot
3d9e4fac	bCanBranchFromAnyChain
3da1977b	Ratio
3da27973	bWip
3da307bf	fRandomConnectionRandomCatchUpSpeedMax
3da70c1e	fNormalCoinPickupDistanceVehicle
3dab13b9	fMapAlphaFactorForCharacterHead
3dae9426	fRubberbandMaxWindMultiplier
3dafbab4	fMaxDistBetweenPlayerAndHackableToEnableForLight
3db160e0	MaterialMappings
3db89eb3	AllSeeingRadius
3dc2aa8e	fAmbientSunShadow
3dc7fd7f	LastNearMissThreat
3dcadfc8	fIntensityNoiseRatio
3dcffba0	itemlistSpecial
3dd16677	mapicondescOnlineObjective
3dd19094	VehicleCollision
3dd354d3	tagcategoryIsPlayerTagCategory
3dd999ed	sndDeflateTyre_2
3ddb37b8	fPauseWarningDuration
3ddc9f0e	bIsGasGun
3ddeb061	OnProgressionToDestination
3de6d7a2	fMaxDistanceToConvergeOnHunt
3de819c5	fStartRpmFactor
3de82965	sndHackingDroneDropCargoSelectedSound
3dea7a6d	fMaxFireAngle
3deda817	locstridModeLeaderboardeRequierementLocId
3df401fa	ExtraLegLengthForHipsAdjust
3df66a9b	fIdleBreakerJogInterruptDelay
3dfe883e	FabricTagSwitch
3e001f68	colorPingBackWaveColor
3e035c5d	fLeanAngleMax
3e04c97e	sndWeakpointStopSound
3e0d012c	fBeamVolumeScale
3e0ddd02	fileReticleLauncherFriendly
3e0e6ace	RepulsionDuration
3e0ef0b3	kartraceraisetupAiSetup
3e0f58c2	fStayInVehicleDuration
3e17b1f9	uimenupageCTOSDBPage
3e17e227	bark
3e1ec501	curveSSRFallOffLength
3e1f6f2f	LowerLayer
3e29c71d	ingameMapID
3e3152cc	bDisplayInWorldMap
3e3160ae	fOrbitRightAngle
3e32a021	Specializations
3e344dcc	locstridTriggerRacePathHintText
3e3d9e5c	bIsSpecialCLOFallbackContract
3e3fa1f3	colorPuppetLinkColor
3e3fd736	sUp
3e40ef47	curvePingSpreadCurve
3e43fe2b	selVsmResolutionMax
3e47d48a	sndChaseStartedSound
3e4abf6c	FruitMachineDefault
3e4bf95c	fTurningTranslationLag
3e5082ac	tagcategoryselectionMaskDownTag
3e540459	fFrictionLoadDependencyFactor
3e572127	Chapters
3e57898f	matCloudsMaterial
3e6221b1	vehiclepartsdamageDamageParams
3e6225eb	sndtpSFXWipeAttackGoOutType
3e680345	fChanceToHave3Relationships
3e6955f2	IntensitySettings
3e6b320f	Sky
3e6cdff6	fPostDeathCinematicDuration
3e7230d1	fGearShiftFrontTransSlowingDownLag
3e72604a	SlidePart
3e7301ec	iMinAwakeFarCLOUpdateCountPerFrame
3e75e227	PoolSelectors
3e7a46dd	fCriticalHealthSpeedModifier
3e81022a	tickertapecurveColorA
3e840abb	ProfileSavingContactsEnabled
3e85ff10	uimenupageSettingsMenuPageYetiSpecific
3e8cd0e3	CollisionInsideReaction
3e9720b3	archVisualSigns
3e9af043	bIsUsingData
3e9dd0ad	iNeededCountOfNeutralizedTargets
3ea0916e	TeamSlotId
3ea1eb14	bWorldAOMultiplyOverride
3ea4f3d9	ProgressionBaseConfig
3ea55d7e	bSoundOccluder
3ea8b643	PlayerControlledTargetingParameters
3eb00384	RewardChannelProgress
3eb12009	fEmailActivityPanelDisplayDuration
3eb29d97	fTime
3eb9524c	sMin
3ebdbb13	fDelayBeforeSearchStart
3ebdf7cd	ScreenGlowRebootPart2Params
3ebe996e	sWeakpointMaterialSlotName
3ebefa03	peopleinfoPeopleSpawnInfo
3ec52f55	fMoveAngleMinDeg
3ec60a47	Playing_Accordeon
3ec63eaa	destination
3ecb89f5	fPlayerGunLockHackUnlockTime
3ecfc831	NbTriggerForCompletion
3ed124e1	bTruck
3ed24c71	fMaxReverseSpeed
3ed4ffbc	itemlistsOptionnalObjectiveRewardList
3ed6029c	fHackedDamageModifier
3ed6580c	bWaterHeatIncrease
3edcfa00	PerfectCompletedTrigger
3ede2c4d	uiMaxSpawnNPC
3edf96f5	disGearNumber
3ee12474	fEnticerRatio
3eed8bf0	locstridMissionFailedLocId
3eef5883	ProtestBehaviours
3ef23c34	CarCrashPileup
3ef6fa4d	ComboStrikePercentage
3efad920	fCoverTurnMinimumInputForce
3efbfab0	AvatarAimingStreetMale
3eff466c	sndHackingContextualHackExplosiveSoundId
3f016904	DRAMA
3f02d628	sndtpSFXRocketLauncherGoOutType
3f05a1b2	fEnableDelayMin
3f064aff	MusicEvents
3f0a9abd	fRangeVisibilityThreshold
3f0b78d0	WalkieTalkieSounds
3f10b7de	Lights
3f110d0f	vectorBoneRotationOffset
3f114d5c	fVelocityBlendAvgFactor
3f127c20	fWeaponRotationShortAngleThreshold
3f132e74	selBlendType
3f16b12b	bHub
3f19617e	SpawningEntries
3f1d04f8	bRevealByPing
3f1d9dbf	Tutorial
3f1fba17	fMinimumAnimationTimerInterval
3f1fe833	CLOBhvSettings
3f270ae0	Condition
3f2e8394	locstridLargeContentText
3f349386	bIgnoreWhenStanding
3f3671c6	fNormalCoinPickupDistance
3f3b3538	fEthnicityBlackExposureOffset
3f3e018e	ScrambleOptions
3f465b5f	fNoLookAtMinDuration
3f4e2452	bAllowReactionToSeeGrenade
3f4f9e78	fNoInvestigationWaitTimeMin
3f4fcc3c	fVirtualPositionSegmentMinimumLength
3f52afc9	fFrontWheelLongitudinalFriction
3f55e0ee	StatusLightTeammatePlayerParams
3f5688ca	censusattendancedefinitionDefaultDGSceneAttendanceDef
3f56be46	droneconfigRaidBossDefault
3f5ae2b9	curveTriggerChanceVsDamage
3f5bfd0d	fRPMMax
3f63dfb7	fFrontDetectionDepth
3f6531a7	GenericIntroPhoneComms
3f6b4849	StopAndFire
3f72ee40	psMuzzle
3f78d65b	curveSpeedRandomNoiseCurve
3f7e8ab0	fDefaultAnimationWaitDuration
3f8634f0	sndContractCountdownSoundId
3f8f88c9	IOPSystemicBusEvents
3f8fe0a9	fOutOfCurveBoundariesWeight
3f90b2dd	progressioncollectablecategoryParcelFoxCollectibleStringId
3f960b5f	sndMixingStateStart
3f9c2264	waveconfigWaveConfig
3f9ca875	PipValue
3fa908c3	uielementsettingsUIElementSetting
3fa9e586	fEfficiencyHandicapMinHighSpeedDuration
3fb563c9	ExtraCreationOverrideVector
3fbaee45	fPelletReticleSpreadAngle
3fbc606b	iNumberBurstPerShotMax
3fc35827	texturedbobjectDroneSwitchAllegiance
3fc7857b	bJumpingAllowedInTurretMode
3fcb2ac9	fTotalDurationMin
3fccc4f2	CommonBoxRewardTicket
3fd15509	bSecureUseReference
3fd60723	bRestrictToCiviliansDriver
3fdf310a	psActivationParticleFx
3fdf3897	TagCategory
3fe1c8b1	camerasensorconfigCameraSensor
3fe3fd08	fNominalPitchAtZeroSpeed
3fe51c39	AnchorPartNames
3fe78352	fHardDrinkerLevelLimit
3fed4fb6	psParticleSystem
3ff05e9e	curveBagleyIntesityPerMinuteCurve
3ffb71ef	humanconfigAdvancedNPCHumanConfig
3ffd2854	fFollowRearMinDistance
4004c8f2	BarkDescriptorsDestinationReached
4006bbe4	NpcGears
400dbb3f	sndTrollingSoundWhileUsingSecurityCamera
400e3f3a	uisoundChangeHatsSound
401485b0	fShakeAmplitude
401a8276	UITagCategorySelectionClassID
401c6590	bShouldBeTrackedOp
402c40fd	AlarmUnpoweredSound
4032d814	mapicondescAssociateSchedule
40338c21	fMax_speedCff
40353067	sndtpHangingVelocitySignChangeSoundType
40381450	sndAboutToOverheatStartSound
403c7dd0	locstridHasTargetHasTitle
40427e31	fStaticReflectionGIDayInfluence
40440d5c	censusmetaintrigueresolutionbucketInHospitalBucket
404a8991	LTLHeadshotsDisorientRule
40527c80	bIsShowcase
4052f286	CustomDownloadSettings
405b1a8f	fSearchRadius
405d690c	DrawWeapon
405df46e	Checkpoint
405e391e	PlacementLocIds
40607500	sndConfirmPositiveSound
406089a4	Action
406388c8	tagcategoryFactionTagCategory
40648d35	selHandsType
40659a26	fFleeProximityRange
406810f7	coverselectionparametersCoversNormalFirstCover
40686b27	bUseDynamicAgentLevel
406949d1	selButtonMapping
406b3e78	tagcategoryTraitSpecializationTagCategory
406db889	iNumberOfOperativeSlots
406e2aae	bUsingEnginePowerSplit
4072c001	UnitGroupList
4074dd46	fWaitMin
4075f3d5	SideLightSlots
407668f7	Player2Commands
40784dd2	fDriveTowardTargetRatio
40785ce5	RCSpiderWarBoost
407e4e05	bLmaInteriorEnabled
4080daaf	uimenupageTeamAppOperativeDetailsPage
4081cd67	locstridArtist
40833de9	archDefaultPlayerVehicle
40869545	matWeakpointOffMaterial
40898802	fTrackedOpColorAlpha
408a5e68	CameraPlaneSideSelector
408ae162	fbulletImpactDelayAtMaxDistance
408c5066	uiBatteryUsedForAttract
408f9bca	vec2SecureYZFrontOffset
4092b2b6	RCProximity
40947e86	selStateType
409750d9	uiTopLightSlot
409988d1	fMinimumValue
409ca14c	fTakedownRespawnDelay
409f16d4	fWindStartRadius
40a33a4c	HazardousVehicleRestrictedToDrones
40a5ff14	MoodInitiatorAngryZone
40a733e5	fChargeImpactDamage
40a9bc06	RandomEvent
40aa5264	SpecParticleFX
40aaf5e0	fCursorSnapToMarkerSpeedFactor
40ac2893	ExitSounds
40b3be3b	TeleportEntities
40b3ddcf	fDamageTakenMedium
40b6e0cd	EntityProgressionItem
40b913f4	fVehicleVehicleSideFactorMaxSpeed
40ba176a	fTurnSideAccel
40bcdded	fInputMaxFrontAngle
40bd6fb8	fRechargeTime
40c0cfcf	psParticleEffect
40c727d0	locstridBuddyLostLocId
40c87021	ShockwaveDisorientDuration
40c9913e	fMinDistanceScore
40d174e7	KilledByCar
40d1c20e	ExtraEffectLightAiCombatParams
40e0ed64	TakedownSoundStimRadius
40e16729	curveImpactStrengthDistance
40e19c3b	fDefaultAnimationOutDuration
40e1ad6d	bDisableDrunkEffect
40e87e91	fCoverSlideMaxDistance
40e8825d	NoAssociate_HasLocation_HasEndTime
40edc17a	NamedOperativeTeams
40ef7c8b	Tutorials
40f5a717	locstridFailLocIdDeathByWipeCriticalHealth
40fa9449	fClampArrowEllipsePercentage
40faa9ee	uiLightColorTextureIndex
40fc1ff3	operativepropertyitemListPropertyId
40fc275a	fIntensityNeutralCostFactor
41058f95	fApproachSpeedDistance
41084b3d	sndtpWobbleVelocitySignChangeSoundType
4108e5f5	StatusLightFlashingParams
4109eb4b	fDynamicObjColVelocityMaxRangeValue
410ea185	fPositioningTimeMax
41118da6	archPickableArchetype
41148bfb	fRightTurnMaxAngle
4117c6a7	LeadFootQuirk
411aa2e9	PartTypeSpecificParams
411b8476	AlertNearbyGuards
4127bf74	ExplosionTriggerDamageOverride
412a39de	fRestrictionRadius
412c664d	RingOfSteelCrossing
412df5ee	LeavesTweaks
4135ea5d	fBarkCombatTakingFireRadius
413663b1	tagcategoryselectionblackboardExclusionTags
4137b59d	curveAdrenalineBulletImpactDelayOverDistanceCurve
413a9abd	fInnerMorphDist
41421ead	fIdleLookAtSpeedModifier
4143c442	fSwitchAllegianceRangeWeight
414c8d19	fTargetHudDistanceScale
414e2dc2	HeadDetailTextures
415791dd	sndMultitrackSound
41593eea	fColorDuration
415a1efe	LungeTakedownAvailable
415aba98	selValidAIType
41604d5e	AccessCodeRewards
4160b6ee	fMaxYawAcc
4162ceb7	ExtraConstraint
416467d1	AvatarCrouching
4167d871	ReinforcementTerminalsData
4168272a	fAltitudeMinForWindPad
416c8579	fDelayMaxTime
416f519e	sndCallStartSound
41707b6d	vectorSunPositionBias
41754d27	RecallCooldownTime
41768876	fAlphaVariance
417f16fb	iMinCellSize
4183b7ce	fRotationPitchMin
418513be	curveProbeSkyBounceMultiplier
41870e75	locstridCharacterFirstName
418c1b92	fMinimumLevelPerSecond
419176c8	fNormalExcentricity1
41922cd9	fHeatLevel4IncreasePercentage
41930920	fTargetVelocityFactor
4194752f	sndtpBeepingSoundType
4198c379	unitconfigUnitConfig
4199693d	fileInsideShopMenu
419c7fa3	TimedAutodestruction
41a18d16	HitByRCForkLift
41a61481	selIntersectionType
41a86f09	fSoftShadowMaxKernelSizeForMoon
41aaecdb	fIndexOfRefraction
41b8f9df	sndSirenSoundStop
41bdbf49	RightThigh
41be6115	fV2TurnSteerSpeed
41bf03b9	Recruitment
41c2c637	locstridPhoneOverheat
41c32aca	Target
41c8a418	texturedbobjectTraitImage
41c8b819	curveProbeSunBounceMultiplier
41cf4d23	vec2GrenadeThrowTimeout
41cfac0e	StandardSearch
41cfb65b	locstridUIDescriptionTeam
41cfe822	locstridEventCompletedLocId
41d5912a	fMinSpeedToSpinOut_kmh
41d66608	gradSunLightColor
41d68dcc	fWeightPercentAtDonutMin
41e29c69	LockedEntityList
41e40f84	selLogicType
41e4c1e1	selAbilityInventorySlot
41e62258	dexeventBounty
41eccf80	fVeryHigh
41fb483c	bProbeSkyDirectMultiplierOverride
41fb5098	FramesPerRaycast
41fde3d4	bIsHidden
420100ff	wolfskinitemdbBlankDNA
420199d8	ThiefDescriptor
4204f30d	bKeepCurrentRefRot
420895cf	fTendrilFadeOutEnd
420a39c7	videosVideo
420af246	XPSettings
420bea6e	vectorMaxVelocity
420d6b92	selDeathBehaviour
42137b3f	fileEquipUniformAnimation
42147025	bEnabledIfTargetSlow
4215a978	ExperienceNeededRule
4219b94f	entEntityId
421b59d4	tagcategoryselectionSmallTag
421eebf5	fInjuryTimeout
42207e9e	fSteadyPushingHighIncPerc
4226bcb8	ChanceForOperativeToAvoidJail
422881de	fAgentsToLanesLeaveSceneRatio
422d98fe	iPossessionPctNeededForRewardPct
423425ae	fMaxTurnRateMoving
42435c73	selConditionMode
42473f8b	locstridEventFailedLocId
42488612	sndAffectedByJamComStopSound
424d5bc9	sndHackingAttractSoundId
424dd7c5	fBulletBurstDurationRest
42552a39	fSuspLength
425a1c60	curveGaugeMaxDepthFOVvsTimeModifierCurve
42609ac7	sndTrailFailed
4260f29e	bPullRequestBountyHunterInCoopEnabled
42615cc9	sndvarScanLevelRTPC
42631ef0	dronemalfunctionsettingsDroneMalfunctionStateSettings
42670912	fNightSyncSecToGameSecRatio
42674e19	ActivityCardChat
42683ae8	bUseDampingForcesWithPacejka
42689b39	sndMollowersComponentAcquireSound
426e3ec3	fRightFoot
4273f30f	fLocalPlayerInRange
427722e2	FallDisplacementsSPRINT
427799ce	fHackLineAvoidJoltDelayMin
42789f91	fVsmVariance
4278a131	hidNumberOfLayers
4280dd1d	bUseRandomAdjustmentFactor
4282d92f	chasechopperparamsChopper
42845bde	ObjectiveDestroyOverrideSettings
42921b6b	FOVSettings
42949f5f	iReputationFeedThresholdNegative
4297ed53	FullZoomOutHintTexture
429f6536	fDelayMinTime
42a7b45e	locstridEventFailedPlayerDeathLocId
42ad95fb	vec2DynamicType
42b0672d	psTyreDetachParticle
42b0ddb6	ChaseOnFootTarget
42b34569	fLateralFrictionScaleAboveTarget
42b6dbee	bEmitFromSurfaceOnly
42c130eb	vectorTintOuterAnimaitionMin
42c3f780	nethackingconfigAffiliatedCivilian
42c447cc	fCamDistanceVariance
42cd3623	colorPingRadarColor
42cd3e65	fNearTrackedOpObjectiveDistance
42cef810	sndvarOcclusionRTPC
42cf0546	MaxNbSpawnedEntities
42cf09c5	RaceYacht
42cf8cb1	bAdrenaline
42d0b5a5	SDFOutlineWidth
42d60fec	fLeftTurnMaxAngle
42d63ebd	bDetectThreatInIntuitionRange
42dab826	Block
42db6cd5	bShowMapIcon
42dc2ee1	UniformItemSelectionTagCategories
42ddafc5	locstridDescriptionLocId
42dfed32	fMultiplier_Durango
42e04105	uisoundDrivingStopAimingSound
42e98f73	locstridContentLocId
42eb353e	CivilSettings
42eb7fca	fUnitRadius
430557d2	ProfilePortrait
4309f014	fPreload
43140c6e	selLocation
431a07d6	drvstylecfgFelonyLvl5
431dc3e2	fChargeDeceleration
432442f6	bReflectorUseSun
4328f9b8	fCrouchingMultiplier
4331d3a2	fTranOutTimeScaleFactor
43326953	iIntensity
43359732	texturedbobjectSecurityCameraHijack
433a2926	bTriggerCLODataGeneration
433a7a58	LocationDamageMultiplier
433c133b	fRPMScaleFactor
4346be9f	ModularObjectiveOverrideSettings
43496056	DeliveringEntityLocateDescriptor
43498ff5	stimtableStimEffectTable
4350975e	sndtpHackingRemoteControlSoundType
43551782	selResponseType
4358cca5	vehiclehelicopterphyscomponentparamsWheeledPhysComponentDefaultDatabase
435a0085	MissionDamagedVFXBoneName
4366696a	fFlankDistanceOverride
436712f9	fBackwardSpeed
4367b4f2	fileTurretLayeredMovePath
43691725	fEmotionNeutralCostFactor
4378beeb	sndtpNitroOptionalSoundType
437cbeb4	HitByProjectile
437e8877	censusactormemorydefinitionOperativeDeathMemory
437fbd2c	fTargetIsInRangeDistance
43803d38	fSmellIntruderLostRadius
438109c4	fOcclusionPerMeterOfPathDifference
43848b58	MinFacingAngleConsiderations
438626ff	locstridDisableCallReinforcement
43879cb9	texturedbobjectIconSource
438b4659	fileIdleMove
4390ae6b	psArmedParticleFxAlly
4396a2a7	SoundInfoProperties
4398331e	sndtpAnimationSoundType
4398db74	chaselevelparametersCustomChaseParamsLevel1
43a29bab	fNoLerpSpeedLimit
43a5397c	sndtpRepairStartType
43a580a3	FrontHandbrakeAhead
43a67995	sndPatrolStartSquelch
43abd2ef	censusactormemorydefinitionPostHackMemory
43af85ba	VisibilityThreat
43afa68d	fAlertIdleTimeoutAdditionalRandomDelay
43b27460	fApproachMaxDistanceToTarget
43b31ddf	TagCategorySelectionBlackboardDescriptor
43b6f2ba	iPolyphony
43b948cd	fCinematicFadeRaiseAmount
43bf3c4d	uizonesettingsPlayerSearchZoneSettings
43c02807	bIsVendingMachine
43c1c600	fWheelieMaxPitchMoment
43c33242	HysteresisStairLockDistance
43c470a3	PuddleSplash
43c69f86	RudderBones
43d33c6e	selHumanTargetAIMindSet
43d3d006	SeeTargetLTLArmed
43d50e42	bBlockConversationTeleportation
43d64785	fSwitchObjectInUIPageSensitivityThreshold
43d9bb2f	fPackageMaxDamageLvl2
43dcd69a	bIsHackable
43e1a568	MotocrossRaceSpecifics
43e3244f	bIsMandatory
43ed3c1a	bIsBoundToBone
43f7e4d8	OccupationTypeGenerator
43f90469	uiWitnessKillCopWithCarNbr
43fa0202	locstridInAConversation
43fad147	PivotOffset
43fb3f34	fDefendDistToStopMovement
43fb4260	fStrengthFactor
440194d0	AttackTrackingRotationSpeed
44048696	fMaintainCountSpawnDelay
4405e406	logmatSidewalkLogicMaterial
440b9e6c	Zones
440d3f24	LimiterMinSoundDuration
440ff290	DamageTakenByEnemy
441049cc	sA
4413491b	fAreaRadius
44166dde	locstridStateEntryHUDLogLocId
4419d801	fBurningChance
441a15bc	bIsPlayerRCsCanAlsoProgressDownload
441aa816	fProxyHackWarningRange
44213bf4	fProfilerAdditionalTargetScore
4421edc7	locstridPlayerLose
442529f5	PoliceStrobeHijackFpvParams
442f2f9f	TagCategorySelection
44325765	sndtpCooldownStartSoundType
44389176	uicolorpalettesettingsDisruptedColor
443b5bbc	droneconfigConstructionDefault
443db3da	sndBoundingWallStop
4440c863	phonecommunicationsettingsFirstIntro
4442a553	fPickableMoveToleranceIfNear
444a2103	IsManualTurretAllowedRule
444d8771	bUseAutoNavWhenOnFoot
444f18bb	ArrestForcedOutcomeCombat
4452dd03	fOutOfControlEjectionScale
4453789e	fAlertCompletedByAIGroupIdleTimeoutAdditionalRandomDelay
44571fe1	uiMinKillsBeforeReinforcements
4458263e	fMinCooldownToSelectSameDrone
445dbd87	fMaxCameraHackingDistance
445de0c8	uimenupageOperativesAppPage
445ecdee	fSlowObjectLimitt
4461500b	fCoverCornerPeekDistance
44615106	VoiceAnnouncements
446811ba	fInFrontHeightRotationSpeedModifier
446bbf50	fStrafeRange
446d8ad2	locstridPlayerWonFullHealth
446f821f	fInventoryRcEnemy
4472f897	IconAboveFireUiBlobTexture
4474e0ab	fMaximumPuddleStartAmount
4477c3cf	drvstylecfgFelonyLvl1
4479473e	fPanickingReactionProbability
4479c7bb	bUseHighlightOnOperative
447a731d	PersonAttackedMiss
447c36df	fPointRadius
4480f46b	curveLimiterShape
44828d6d	fHackLockRumbleIntensity
448720a1	GameElements
4488e0ed	fRecentOnFootSpawnTimer
448bb8ff	ShopCategorySetting
44985c04	fMaxTyreTemperature
449c3da7	bLoadOnStart
449f33ba	uitagimagesettingLeftyShoulder
449f676a	uisoundSwitchTabSound
44a23db3	sndT_13
44a47d77	fMaxSpeedChangeRate
44afaad6	fileMediumCheckpointTexture
44b9dea9	AvatarCoverAimingRightOver
44bcfd22	ItemProperties
44c3a1a5	bUseWalls
44c49450	bAlertGaugeIsVisibleInHunt
44cc8910	uimenupageWardrobeVarietiesPage
44cf7282	CoopLeaveProposal
44daeecf	MobileRotors
44deb75b	locstridLogPackageDroppedLocId
44e01a5d	fPeekOutProbability
44e82650	SinglePlayerOpsList
44e993ba	bNeedsToEscapePursuersToComplete
44ea2040	PMSValuesAND
44eb161c	InteractingBarkId
44eb8bec	locstridUIText
44ed3cd8	sndLKPBrokenSound
44f1f647	fBallRadius
44f51f6d	chaselevelparametersCustomChaseParamsLevel5
44fac182	InteractToUnlockGameplayOpSettings
44fbda64	sndtpAboutToOverheatStopSoundType
44fd0dfa	RewardSettingsPerkProfilerOptimized
45006548	selInGameMenuHomepageGlassTileId
4500baf1	curveToShoreWaterMovement
45023651	sndCollectCoin
450374fa	locstridContactAffinityDecreased
45048e40	fThreatSpeed
4505268d	fBelowHorizonCloudsLighting
45174033	sndcondConditionType
451f87e0	CategoryItems
4525048a	uicolorpalettesettingsDangerEnemyLevelColour
452967ec	ObjectivesOverrides
4535ef9b	selState
4537bd82	progressioncollectablecategoryShoppingCollectibleStringId
4538b1f4	Boolean
45396eaa	curveTargetLuminance
453f203e	bIsDynamicGroundSupport
4545b7f1	iMinCharactersPerLine
454622cd	bKeepTargertingOnOperativeChange
454a11c3	ActionOnNPC
454b5fd5	npcidentityIdentity
454cbe42	IconTranquilizer
45517b7f	FakeRearDeformation
455783b8	sndtpBeamStartAiType
4557a18e	SetItem
455c7db9	CurrentlyTravellingToDelayed
455e9b17	fShapecastFrontSpeedOffset
4560d5e5	locstridSequenceSuccessLogMessageLocId
456842d4	locstridRelationFullNameRoleLocId
456a83da	uTimeToSwitchRoadworksState
456aae13	SafeRewardGraffitis
456dc87a	NewPerkSlot
457aec89	fLeavingDistance
457bfef5	BonusWinRewardRulesmith
457f9425	iMinCharactersPerLineAsian
45812b73	FOVSides
458611b9	sndGhostPurgeSound
4586321d	BoneAttachements
4588a390	Combinations
458c0e08	curveCiviliansDensity
458c7914	fGrazingSizeFraction
459019f3	censuscontractdefinitionDefaultDGSceneContractDef
459534d7	sndHackingFailureSound
459b7eb6	fBarkGroupMemberShotRadius
45a1d6f1	AnimationSpecificData
45a8b2e7	fPointBlankDistance
45a94773	fOnTargetProximityRange
45aa589b	sndFireBeamStartSound
45aa7f48	bShowClampedDetectionBadge
45b19831	fNodeVirtualAlpha
45b62f91	sndHackingFeedbackTargetEnterRangeSound
45bfaa3a	selSwitchOperativeTileId
45c340a7	OnReachComplete
45cfc647	sndvarSpeedSoundRtpc
45cfe2d5	sndtpHackingIngredientTriggerSoundType
45d04734	sndBoatStopSquelch
45d0afd4	fPushingPercMinimalMultiplier
45d2a9fc	FlyingDroneProximity
45d93cf1	locstridWardrobeTitle
45dbecfa	bEnteringVehicleUnitStartTransfer
45de9f0b	archAvatar
45e57d32	sndBoatStartSquelch
45e79640	Resource
45e96187	fRandomConnectionEntityAlphaMin
45e9858d	StateData
45f126f0	VeryLow
45feb08e	UpresProbabilities
4602eeb8	PresetRotationOffset
4604c206	LogicProp
4607582c	vector2ConeAngles
4609d92b	locstridSynchronizationStartLocId
460ff2fd	JumpOver_To_ClimbDown
46101a71	selSpeaker
461261cc	fMovingPushingHighDecPerc
461385a8	RainSounds
461563cc	GlobalLimiter
46159141	SlotSpec
461b9fe6	sndAdrenalineDeflateTyre_2
461e44d1	FloatingCameraDefault
461f54d5	AvatarHackerspace
462c0af6	fileOutroWithTradeMove
462c5bfc	sndCrowdPositiveSoundEvent
462ea13e	fRoleSelectionMaxDuration
462ec087	selShopTutorialType
462f6e87	fHackTriggerRebootDuration
46346004	locstridDroneHijack
4635485c	bStaticReflectionIntensityDayOverride
46355f36	sndWheelSlideSound_4
4637658c	bStartAnimationOnInit
4639125d	DronePickableGlobalSettings
463c6e02	fGotoInVehicleSpeed
46402ddd	VfxInformation
464481af	fMaxInitialDelay
46452708	fDetectionRadiusRatioOnBlackoutReaction
4649aec7	selSpecialDemoCharacter
464c6f8b	EscalatingAttractSoundsCAndTypes
464d0b60	FollowEntitySettings
464d2ce8	IncomingRunner
464f29bb	bUseSpeedForMaxAngle
4650ee01	fFoamTerrainContourFactor
46572ee8	locstridVehicleLostLocId
4657c042	EnterSoundsAndType
4659cff3	tagcategoryselectionOldTag
465d2165	fRunTurnBeforeStartDistanceThreshold
465dd74f	BriefingUpdateOnEventStart
46610145	bLocalSpace
46643f4a	MedicalConfigSelector
4669ad56	bEnableFishEye
46754ade	uimenupageDebugAppMessagePage
467be7bc	PMSValuesExcluded
467d9c59	fReliabilityLevel
4680b441	iNumFlareElements
4682e27b	curveLerpDonutSizeReducerCurve
4688bb7c	fLookAtDurationMin
468bc18e	fV2CounterSteerSpeed
468bc708	selSmartphoneGlassTileId
4694cf15	DenunciatorSettings
46983ad6	LoftInfos
469a866e	fChargeApproachSpeed
469b9d0c	sndPlayerChaseStoppedSound
469d5dd5	WorldSpawning
469db647	RingOfSteelTurretBulletHit
46a28028	fileFacebuilderDefinitionFileName
46ac583f	AvatarAimingTrainedFemale
46aded75	fileProfilerPortraitPoseRes
46b7e05b	locstridObjectiveRewardText
46c0a02c	bPerceiveIfInFOV
46c1f25e	fFramingFOV
46c25b64	WaterSplash
46c639d5	uitagfontsettingFont
46c7804e	uisoundStart
46c94843	MaxAffectedEntities
46cf302c	fHandbrakeMaxFootBrake
46d6f03b	sndDecrementGiftValueSound
46d9dd52	ReactionsToAllyOnly
46e80e8b	bUsePerFrameLightData
46ec98ce	EmergencyScanPass
46ee20d0	locstridCurrentlyTravellingTo
46f261c2	selCollisionFulcrumAxis
46f4300e	fTargetingPulseRotationIntensityMultiplier
46f662c4	fZoomFactor
46f9be6e	TutorialItem
46f9c3e1	JumpHelper
46fa56db	vectorOffsetMidBack
46fc1fa1	LevelRatio
46fe47ac	TextureStateSwitchParams
4700a724	ThiefParameters
470121bb	selFollowRReference
47038d6c	sndStartOpSelectedSound
470a62bf	iMinCivilianKilled
470c9bb6	BarkWeakpointOpened
4718edad	tagcategoryselectionblackboardRestTags
4719f2e5	IsInGoodSamaritan
471b0f46	ExplosionSpeedScale
472849b4	fFriction
472924f9	selDefaultAppState
472d9dd0	iMaxOneSidedConvoInRadius
47304921	SpawningMandatory
47317235	PersonElementInfos
4737e082	entRacePath
47399478	DefaultIdentities
4739bb3b	selTraitCategory
473f61b0	PanelOffsets
4743e815	fMaxDamageSpeed
474b51d8	iVersion
474c0821	uiFirstChapterPlotHistoryMaxSize
474caf71	fMaximumDampnessAmount
474e2785	sndPressTrigger
47530ada	StressLevelRule
4763a554	curveCheatGapCurve
476754f2	MultiSandbox
476fe675	fSpeedScaling
4771c6a3	bfleeFromPlayers
47746101	selArchetype
4774df1d	fSpindDiffLSDConstant
4777f50d	CommonData
47796671	sDispatch3rdCallID
477dd08f	PatrolSettings
47884d95	StateLightSelfDestructParams
478d1025	CommunicationDisrupted
478d6943	bIgnorePedestrians
479079e7	sndMovementStart
47963d32	humanconfigSniper
479765bb	selIconId
479c6a94	sndRiftOpensSound
479f79fa	aispawningtypeDroneArchetype
47a035a3	fMinHeight
47a21787	fBurnStartTime
47a982db	RainCascades
47abd560	Pairing
47b0a129	KickupHighScore
47b179c5	bOffRoadHeatIncrease
47b37086	sRightTrigger
47b4e8dd	fPlayerVisibilityInCarDistance
47b6934d	Exhaust
47b8d3d2	CanBeRepairedRule
47bb7913	fPeriod2
47bb8148	RequiredTags
47c6b7d6	PortraitSaveSizeHeight
47c9c3b1	DSICurrency3D
47cf738c	Guns
47db2220	DefaultSkin
47e068cc	vectorMaxAngularVelChangeHorizontal
47e11276	uimenupageAlarmClockPage
47e7b344	fInvestigationStimRadius
47ee43b1	fEmissionDelayVariance
47ef3207	fRandomConnectionRandomFlowTimerMin
47f1b7c1	PlayerShieldTime
47f4fb82	DensityDuringDay
47ff8aef	selUIOpType
4802caa6	selSpawningPoolType
4804a3b4	RestrictedZone
4804b3d8	curveFog3DBlendFactor
480568a0	opgenthemeTheme
4808d6d1	StateLightInvestigateParams
4809bbaa	bHypeAdditive
480a756e	bProximityBehavior
480bded2	tagcategoryVisualStereotypeTagCategory
480beaff	selDestroyBehavior
481063e5	Excluded
4812475b	colorMissionTrackedSinglePlayerColor
48128212	selStateEntityOfInterest
4812f00b	ProximityBhvSettings
48197c75	fDamageChassisRatio
481985d3	fPlayerYawInertiaHelpScale
481a82e6	tagcategoryselectionEthnicityCaucasianTag
481d1a67	StatusLightStandbyRebootParams
481d49fd	NPCHackedAttract
48227bec	sndHandbrakeSoundStartID
48236e45	fSpeedScale
4824d9bc	selMissionMessageType
482726f5	MoodInitiatorProximityAngry
48285674	uiMaxRoadBlockNPCs
482d8374	sndHackingIngredientLockedSoundId
48321862	selDrivingContext
483997bd	BulletWhiz
4839cbc8	AvatarAimingLeftStreetFemale
484713f3	bAllowAlreadyProfiledNpc
484dbf35	DefaultDamageOverride
4850b613	fMotorDamping
4853d05d	fHoldFrontLerp
4854ec71	TexturesHDR
48558180	fSelectSpawnedNewsDroneDistance
485781ad	nCaptainLocation
485bb638	Rules
485c454e	fFadeInClutchTime
485d79a8	fReactionRadius
48618338	IntroAnimationData
4864545d	nethackingconfigInteractiveDoor
486e9870	selBhvPriority
486eca6e	fPatternStartDelay
4875e8c8	bUseEscalating
487be69b	bRandomDeath
487e39d9	curveBackwardMovementCurve
487ec90d	colorEmissiveLightColor
488205db	selPhotoType
4882ebe7	locstridEscapePursuersFaaSpObjectiveLocId
4888ec19	fCameraSpeed
488d1d69	fChaseEfficiencyTimeModifierHard
4890d8f3	uisoundCinematicSkipSound
4890e7cd	fCooldownTime
4895b377	GeneralProperties
4898eebf	VehiculeFlags
489bdd75	fPingRevealRange
489ed542	CameraContextJump
489f53f2	LockedGraffitis
48a25de7	fMinSpawnDistance
48a4204d	AssociatedButton
48b3f2d1	degangAngleStep
48b95f9e	GrenadierIsUnlocked
48bbd9ea	fMaxInvestigationTime
48be66b3	selHighwayPosition
48bf25d6	fDownloadProgressRatio2
48bf9e6c	BulletImpactLTL
48c04378	vectorContrastInner
48c0fae6	sndvarRTPCId
48c75427	sndswvlEntityMovementForward
48ca16d7	fTimerduration
48ccde69	locstridUITemplateForRelationalMemory
48ce93ea	fInputYawTopSpeedBlendTime
48d6e469	fPawnColVelocityMinRangeValue
48d73162	bExtendExtremity2
48e4a722	Shockwave
48e57ba6	fFlickeringAmplitude
48ed9b8c	locstridRewardRaidModeUnlockedSubtitle
48ef7044	LookAtHD
48f3e7c4	fCameraDefaultFOV
48f6cc74	sndBeamStartAi
48fba6cf	bUseOcclusion
48fddfee	sndCheckedInSound
48fe9d68	TargetHideInsideVehicle
48ff9e07	fTransferDamageToNPCScale
48ffdb57	fHandBrakingTorqueScaleAtMaxYaw
490ce11e	selPivotXYReference
490f70c6	part
4911ffd9	DerivedProperties
4912ea9e	iMaximumStoppedVehiclesOnLane
4914b844	sndBreachingHackableStartSoundId
4914f5c2	bStaticReflectionGISaturationOverride
49152465	selReflectorTimeCurve
49152e5f	prefabPrefabToSpawn
4916912d	opgenchapterregroupRegroups
491d5859	Overrides
491e05b0	curveTimeOfDayCivilianSpawnDensity
491f8dab	bShowClampedAlertBadge
49282cf5	matEffectMaterial
492d537d	texturedbobjectIngredientEnable
4930ef9d	fSteadyPushingHighDecPerc
4936ac90	ContentPerAffiliation
493dc1f7	cinematicmodeColorFilter
493fa7f5	fMoonInscatteringFactor
494b0ff9	vehiclebhvsetupVehicleGoToSetup
4950b54a	fMaxSpeedForShooting
4954601c	fMaxSpawnDistanceFromPlayer
49569e56	fThreeDDrawingStartingThreshold
4957ee1d	curveVertexAOIntensityCG
49584e8b	fRampUpTimeMax
495af34b	bHasMainRoadPriority
495fe9a9	psBuildupParticles
496103ca	MaxFootHeightDifference
4962a129	iMaxDronesInFront
496dc932	fMinCollisionDamageForTakedown
497b9662	mapicondescArmedByHostileIcon
497ba445	bIsShopBroadcastForbidden
497c0d50	ContractDefinitions
497d7765	Reward
497f2ca3	sndExplosionSoundTrigger
497f42e9	BroadcastStims
4983ea36	bDead
499099ff	texturedbobjectPersonalCamera
49913e0a	fMaxThreat
49924ca3	dominobrickdescriptorDominoDescriptor
49925eac	sndtpHackingTBoneRightWeaponSoundType
49932eb7	uimenupageCarOnDemandHomePage
4998dd66	fFleeStopperArenaDistance
499a27f5	fDownloadBlockedDuration
499c53cf	onlinedifficulties
499e5bfe	vectorCollisionShakePRYRange
49a0210a	Process
49a7d0fd	selActivityTyp
49a9bc2a	SoundType
49b05319	GunShotSettings
49b0624b	bShowCone
49b45a11	fMaxGripModifier
49b6cb3e	fDistance
49b6d93b	fBulletDamageCurveEasy
49b9ecd2	singleclocreationsettingsFallbackAttractorCreationSettings
49bb6296	Far
49bf3666	selType
49c8d6ea	SecureOffset
49cac469	AICapabilities
49cd5694	fNodeUpdatableDistance
49cd846c	selLayerType
49ce4b2e	Parameters
49d89601	fGradingColorFalloff
49ddbc01	NPCDescriptionID
49e3acc7	fImpulseForce
49eedbc5	sndtpBossInvincibleType
49eee0e8	EngineSounds
49f0754f	Curves
49f7b77e	texturedbobjectCallEnemyFaction
49fa3c89	DisplacementStages
49fa5c7b	mapicondescInteractionButton
49fb1bf2	selProgressBarType
49fe2f05	AvatarRagdoll
49ffa0aa	AnimationInfo
4a01eda2	PickingThresholdPercent
4a037c86	selRescuerRole
4a04ecf1	IsPlayingDartsWithPlayer
4a0c596d	fCylinderShapeZOffsetBottom
4a0ea235	RareNPC
4a12def9	fIntensityMultiplierStops
4a144e85	curveProbeSaturation
4a16c318	ParallaxProperties
4a18a424	Sliders
4a25705f	MainOut
4a27701c	tagcategoryselectionRoyalGuardTag
4a27eefa	fShutdownTime
4a2b6052	fActivationRadiusDrivingBoat
4a2be1b6	locstridTutorialHackLocId
4a2f940c	fDeathShieldTimeHard
4a322e1f	ActivityCardAudio
4a3385ed	selInitialState
4a3b0d8a	bAllowAutomaticZoneLocking
4a3d186b	FleeFromPlayers
4a420c2c	emotionRelaxedEmotion
4a422bf7	VehicleUnderwater
4a467999	fBreakThreshold
4a492085	TagSpecDbs
4a4a0932	vehiclecombatconfigFelonyLvl1
4a50a53d	iMaxNumReportedPhotos
4a5a1160	fVelocityForStimPlayerInWarningZoneInCarMax
4a5b182a	bSeoulIsActivated
4a69a1ba	fExtraDelayDuringCalm
4a6bd4b7	fRearWheeliePitchHelperMinAngle
4a6e99a0	MotionBlurMultiplier
4a72293a	fCollisionRadiusScale
4a775d68	BoneLinks
4a77c561	fSideDistMin
4a798a4c	bPlayReloadSoundBetweenShots
4a7c1dda	bBarkTargetKilledAnswerIgnoreBlind
4a7de095	selFocusOutlineVisibility
4a8d128d	error3
4a8eb02f	selSteerCurveMapping
4a943848	CurrentlyTravellingToArrivedEarly
4a97c36a	bHasSpecular
4a9cf381	fDeadzoneDegreeMin
4a9eb8e6	sndInvalidHackSelectedSound
4a9ee83d	fMinimumWaitTime
4a9f59c7	selActivityFilter
4aa52727	AvatarCrouchAiming
4aa6fdab	bMilitary
4aa9748a	ShopParamsJacket
4aad7d5d	IsValid
4ab44ba9	fPackageDroppedWarningTime
4abc4bce	sndHackingContextualPersonalCameraSoundId
4abc89ea	fWakeUpLookNearPlayerAngleMaxDeg
4ac0ebb1	bUseDefaultModifier
4ac2bc8f	fDistanceDeadzoneRampMin
4ac72273	fSubsurfacePower
4ac8aa5c	CarPaintDefault
4acb8a77	sndChangeAnimation
4ad0807c	bEnableStats
4ad0bf04	plasmapmsPMSComparator
4ad0cf31	B
4ad609d0	LTLKillCivilian
4ad71414	curveArtisticBrunetonSkySunLobeGamma
4ad77dec	uisoundCloseSound
4ad797a0	GlobalCryptoMultiplier
4ad9688b	ObjectCollisionNoise
4adea97b	sndDeflateTyre_3
4ae0d062	fAccuracyFactorMinCrouched
4ae4532e	fTargetVisibleTimer
4ae54352	fIntuitionOnFootThreatDrivingVehicle
4ae7986a	fAutoHeatAddDelay
4ae812de	fDelayTimeDrunkEffect
4aea8573	MotionDetectionDisabledRule
4aeae608	CarCrashBigPersistant
4aecb7cc	fMaxGIBooster
4af0b2d4	fLockedObject
4af8d438	DebugParticles
4aff2966	OnlineQuickOps
4aff5224	DrinkingGameLookAtDefault
4b06ffb4	fVehicleUpwards
4b0a34a2	locstridIngredientAttract
4b1094f3	RobotConfigList
4b15368b	bEnableAutoNodeDrop
4b1c0307	fDiscoveryInterval
4b1ff1d0	IncomingRCToyCar
4b24ac43	fMassHackIngredientRumbleIntensity
4b2be286	bReticleLockIsPitchOnly
4b2e1677	TerrainHighPorosity
4b388dd8	fEngineScale
4b3987c4	fChanceForEqualEthnicity
4b3ab8eb	fVehicleVsVehicleChassisDamageScale
4b3df734	VehicleNormalMultiLeft
4b3e690b	fPuddleExtraNormalMapIntensity
4b40b88e	sndHackingTBoneRightWeaponSoundId
4b44b7ed	fRainEVMin
4b451108	fPlayerMeleeMaxDistance
4b4737be	fWallHeight
4b47801b	OnLineOfSight
4b4c2524	tagcategoryselectionblackboardFeatureTags
4b4f29f8	MediaBroadcastDetectionFireUiBlobTexture
4b506815	fInBetweenDist
4b53c67a	bAddVisibilityRule
4b577eb1	fInFelonyEngagementDistanceToOtherPlayer
4b5b5918	curveBrake
4b5c394e	GunShot
4b5dad4f	bHasElectricBackup
4b6396a6	fClosingOnDestinationTriggerDistance
4b6553bb	fOptRPM
4b68aaf9	uiPlayerCount
4b6f6f9d	locstridGetBackInVehicleWhenPursuedLocId
4b72f06a	DrivingJobs
4b75f797	texturedbobjectIssueRendition
4b78e9b9	fTimerHudElementPulsingThreshold
4b883d3c	uimenupageARMultiplayerDigitalTripSelectorPage
4b920c34	fWaterFriction
4b936428	iMinPiercingStrengthToDamage
4b93c81d	mapicondescBar
4ba00de8	bDJSystemEnabled
4ba38c45	fDownshiftRPM
4ba552d5	itemsItemDbObject
4ba6ba81	PartTypesToRemove
4babafb7	Wheels
4bb15fc4	bForceUseExtraDistance
4bb3fd60	fWantedLevel5
4bb50354	RelicPieceFoundBarkId
4bc0ca43	PropagatePanic
4bc0fb1c	StateParticlesSystem
4bc4ef52	districtAreaOfInterest
4bc71211	bUseForceDisplacement
4bc92bfb	bUseReinforcementSystem
4bc9e11f	fFlashEffectTimeLength
4bcd3119	bIsFilteredFullZoomOut
4bd04e4b	fRandomAiSelectionMinDistanceFromDeliveryEntity
4beb0bb6	fNodeHackableAlpha
4bf06fc6	dronelandstatesettingsDroneLandStateSettings
4bf1d052	matScreenAiAwareMaterial
4bf72e99	fMoveLookAtSpeedModifier
4c05b849	sndWheelSlideStopSound_2
4c0699a4	fModifierRatio
4c081788	fConvergePositionHeightOffsetOnHunt
4c09be83	vectorAngularVelocityBiasMax
4c0e7065	droneconfigConfig
4c0ee56c	mapicondescArmedByAllyIcon
4c0fb3f6	selOnAnimEnd
4c1050f4	bHalfResolutionOverride
4c150acd	tagcategoryselectionInfiltratorPlaystyleTag
4c161bcb	fRepairAmountPerSecond
4c16221a	IntercomBarkUnavailableMelee
4c166e5b	vec2VsibleAngle
4c17f4e8	texturedbobjectIngredientTriggerElectric
4c200934	sndFireSound
4c21949a	bAllowCrossingTheLinePost
4c2303db	locstridLongDescription
4c289770	fMinDistToPlayer
4c294a45	TotalInjuriesBeforeDeath
4c2e7936	OnFootSpawnRules
4c2f404f	fClassDamageScale
4c3072e7	fSilverTime
4c36c639	animalconfigPoliceDogDefault
4c3a043e	fARShroudBodyRadius
4c3e4434	fWaypointMinimumDistance
4c483263	fAvailabilityBlockAfterExclusiveMissionMin
4c48bcbf	MeleeShockwaveSpreadDuration
4c4ad12b	locstridUIDisplay
4c4c04a2	fChaseRange
4c5049ac	NbEntitiesToInteract
4c51a034	fAutoTakedownTriggerRange
4c5390f4	fOppressedMaxCooldown
4c566d3e	bAllowCrossingTheLinePre
4c634a2d	fMaxDistanceToHideIcon
4c693a07	bIsFamilyRelationship
4c766eff	nMaxValues
4c7b4397	fBaseValue
4c7c72d4	tagcategoryselectionRareTag
4c7e2295	HeatLevelSettings
4c83128c	nethackingconfigSecuritySystemObject
4c87b72b	sndTimerHudElementWarningSound
4c8e9181	fHandbrakeMinRearLateralSlip
4c93c977	sndswvlMinorDamageSoundSwitchValue
4c9524d1	selTimeFormatType
4c970d56	SeeARCloakActivate
4c9bd3cf	fSearchBarkAlertSoftInspectionAdditionalRandomDelay
4ca1d11f	progressiontagRewardedProgressionTag
4ca1d881	uiLookatStartupFrames
4caa2ba7	locstridMissionIntimidation
4cab3f56	colorWallColor
4cab7a29	TooFarPhoneBark
4cb0df97	StimTypesDamageOverrides
4cb3a729	locstridScreenOff
4cb3a7fa	bOnlyDistanceCheckThreats
4cb4a1a9	sndtpWipeCondemnedType
4cb9b20c	Faction
4cbbba9b	sndHitInvalidTarget
4cbd466c	GoToVehicles
4cbed1be	sndvarHackingCompletionRtpc
4cc31bed	fSecondIntuitionTimer
4cc9a9c1	Cover
4ccd0515	fVariationLifetimeMin
4ccf75d2	Descriptor
4cd2da65	iMinimumAvailableBodyParts
4cd405f4	OverlayIcon2
4cd564b5	MaxRegions
4cd7c00f	selAttractorType
4cde3979	fWantedLevel1
4cdf7056	Pilot
4ce34821	PlayerExitAnimation
4ceac416	DartMiss
4cee6dea	locstridSharingErrorMsgTextLocId
4cf05172	fAssistanceConeThreshold
4cf07268	fAntiRollBarStrengthUncompressed
4cf49363	bFixedStanceId
4cf51668	AffiliatedCivilian
4cf5263b	bWanderAnimDriven
4d01cfa1	tagcategoryselectionGraphicKitTagSelection
4d02ef41	fMaxCooldownToSelectSameCivilian
4d02f0cf	fMovingPushingHighIncPerc
4d04288c	bClearWorldSpawningOnStart
4d13e18c	WarningLightOnParams
4d1658be	sndZoomStart
4d17e61a	Dead
4d18acaa	locstridShopCustomizeParts
4d1db30f	bRequireLOSForProximityReveal
4d1f750b	nMaxX404OpLocationHistorySize
4d2261de	fDamageModifierOnVehicleContact
4d243b4c	fDetectionGaugeFallTime
4d263510	locstridDestinationObjectiveMarkerLocId
4d265eb0	Reinforcements
4d27cd2b	vehiclecombatconfigFelonyLvl5
4d2e6989	PlayerPhoneVehicles
4d303430	RareBoxRewardTicket
4d33ccd0	fWetnessAccumulationDurationMin
4d33df57	locstridMissionObjectiveTitleLocId
4d33ffbc	iNumMaxPlaying
4d3a506f	fEnginePowerModifierForBurnoutSpin
4d3c1e92	bRegisterOnGameStart
4d3e5889	fSearchInFrontDistance
4d415415	PatternReinforcementData
4d426894	HackSuccessOdds
4d47fec8	PmsValue
4d4a59d4	CriminalRecordType
4d50b8a5	sndvarScratchSoundRTPC
4d55d5f9	selSlotID
4d5a70b1	texturedbobjectNoDamageEngineOverheat
4d5a9c91	bCanTriggerFlee
4d5bc3e1	fVisionLossFailureRatio
4d602ff5	fBrakeChance
4d60e17c	sndCollectedGiftSound
4d615666	sndtpFireBeamHitStopSoundType
4d694af1	selCooldownMode
4d696c46	TerrainDirtyHighPorosity
4d6ae875	mapicondescLabelIconDistrict
4d6ece58	bossabilityconfigAbilityConfig
4d77dff1	archetypeconfiglistBoss_Drone_QueenBee
4d790744	fStartSize
4d7af044	uicolorpalettesettingsColorCheckpointAggressive
4d7fe70c	fAttractorRadius
4d822b01	vectorOfflineGunDir
4d8ad3e1	humanconfigGruntGrenade
4d8af38b	fNewsDroneSeenEnoughTime
4d8fb7e5	FOVConflictConfig
4d8ff95f	fWeightPercentForDifferentIntensity
4d91c3a2	TargetsTypesAllowed
4d993f8b	uisoundHoldStarted
4d99d566	fCivilianHackFrequencyTimer
4da33ab5	BuildingDefault
4da3bc85	RouteNodeRules
4da40122	texturedbobjectRobotAlarm
4da52b76	matScreenCombatMaterial
4da57e81	Occupation
4da66cf5	bUseCollisionDetection
4daa59dd	uInitialPageIndex
4dacdc8d	fMinValue
4db34f2b	censusleveragebucketLeverageBucket
4db835b3	fSkipTextCoordX
4dbce0fb	bExportToAtlas
4dbd9548	fShowInSightDistanceFactor
4dc8b1c0	sndBeamStopCancelled
4dcf8532	TeamSkillInfos
4dd34d2c	fAttractStimRadius
4ddb34ee	Texture
4ddfa5e3	sndAiEngineThrottleLoop
4de26e22	NanoConfigSelector
4de2d408	fBaseParkingAngle
4de524ff	vec2FovPitchDownAngles
4debb9ac	HasCoinAmmo
4df17797	texturedbobjectRobotLoveBull
4df580ef	fInputDampDown
4df7b6eb	fThreatBasedBehaviorsMinTime
4df852fa	fCollisionLagCompress
4dfbcf4a	bUseForBullets
4dfc4e88	fTransmissionRatioHeatFactor
4e098622	bReactToCollisions
4e09e6b9	bDarkFiberEffects
4e0c6d62	locstridWarningHeader
4e12a6b1	CollectibleDescriptors
4e156004	Plots
4e1791af	bIsVisible
4e185c52	ShallowWater
4e186ef1	turretsettingsTurretSettings
4e1ce5c6	fDoubleVisionFactor
4e25400d	fStartWheelieLeftStickThreshold
4e35e859	fTerminalActivationDelay
4e391e40	censusmetaintrigueresolutionbucketPlayerCausedPendingDeportationBucket
4e448484	LeaderboardDivisionChange
4e478020	MoodSettings
4e483b77	OptionalConditionGroup
4e5242d7	BarkIdOnCargoStolenBarkId
4e52960f	DurationMin
4e55a285	bNPCStunned
4e575afd	bRepeatable
4e5bfad1	ReticleDisplay
4e6887dd	fileReticleAutomaticNormal
4e69c1d8	fPositionLightsOpeningTime
4e6a6d3d	curveNonPlayerExplosionDamageMultiplier
4e6cc2af	selStartState
4e71df26	Waves
4e728786	sndHoldStartSound
4e72dc9c	selBagleyLineColor
4e755d7d	fMeanderForwardMinDistance
4e78b061	bIsBoat
4e7d28da	fWheelVelocityScale
4e7d5fc7	iNbTicketDockNoSpawn
4e80236d	HeatRule
4e850e4d	fileFile
4e855645	mapicondescDeadPlayerMiniMapIconDescription
4e88da4e	GrappleHitDamageRule
4e8a0927	fRotationStartMotionRatio
4e8f612f	degangDiskMinTheta
4e8fc0d4	fDeliveryDestinationSearchMaxDistance
4e941ba0	sndTrollingSoundWarning
4e9471cb	sRightBumper
4e956340	OnlineCoopOps
4e9a8336	mapicondescNorthSymbolMinimapMexicanSpanish
4e9db3a7	fPathSpeedDropCautionFactor
4ea1469e	GlobalSpawnRules
4ea4bbd9	Particles
4eaa5382	bUseDirIncar
4eac35ea	locstridOnABoat
4eadb3df	sndClutchOutHandbrake
4eafd57b	RepulsorPersonality
4eb0b4a6	fLaserSightNoiseSpeedMultiplier
4eb25819	iMaxOfflineLocalGifts
4eb35402	EditMode
4eb3ab45	vec2PitchLimits
4eb3ac94	selBehaviour
4eba40e5	fDistanceDonutMaxDistance
4ebc91b4	fMinSpeedForLookAhead
4ec1d4d3	HackedSquadVehicleMalfunction
4ec4aaee	fDesiredThrottleAcceleration
4ec4b2dd	LethalKillCivilian
4ec9ae47	fOutlineStartDelay
4ed33f92	sndBulletHitSound
4ed54391	TagRestrictionSettings
4edb77ef	iWipeDroneCountMax
4edbbaa1	fReturnToStandbyTimeMax
4edf8a9c	colorHackLineColorWhite
4ee4e446	bPosition
4ee741ed	PlayerWorldMapAnim
4ee804f5	vec2FollowPYRefOffset
4ee8952c	locstridRemoteControlLeft
4ee93aac	MeleeCombatOccuringPersistent
4ee97ea3	fMaxAngleChangeForNextSway
4eeb0067	fHintInitialDelay
4ef318dd	angMaxRotationRate
4ef4c7fb	vectorProceduralAxis
4ef7fafa	CProgressionModuleSharedInventorySettings
4ef9bac0	fSpeedWhileSpottingPlayer
4f000c34	fBaseTransmissionRatioModifier
4f062670	OpActorID
4f0e5358	AIAgentConfig
4f136570	selIntensity
4f14acde	fSuspensionDampingSpeedMaxAcceleration
4f176bf3	vec2FovAccelShift
4f1c4634	SixSense
4f1caf09	fDofFocusRangeLong
4f1d53ef	ReachLocationActivities
4f223405	entSpawnCenterPosition
4f26c26a	PoliceStrobeOffParams
4f2de620	locstridRewardRaidModeUnlockedTitle
4f2f3651	phonescreenmatDefaultPowerScreenMaterial
4f317f4e	texturedbobjectHitman
4f31a463	DroneConfigList
4f382eba	fForceCombatOnTargetDuration
4f3dfbc4	fileReticleShotgunFriendlyAR
4f3e8d86	CantReachPlayerBark
4f47c238	bVertexAOMultiplyOverride
4f4837e4	sndHackingIngredientTurnOnSoundId
4f544aac	fHackRadius
4f54e95c	LookAtMoveState
4f598022	locstridDisruptComm
4f5a91e6	fRadiusSquared
4f5a9958	fHoldRearPositionTime
4f5d76f7	ExplodedEntities
4f62c196	fToShoreWaterSpeed
4f644398	locstridActionTargetText
4f69f9d7	Criteria
4f6f2dcd	progressionatomAtom
4f716060	bUseEmitterAsInstigator
4f72fa0e	SoundEvents
4f74d3dd	sndMaterialImpactSound
4f76b60d	nTextureStateIndexForRemovingCollision
4f77f8b3	locstridRelationDescription_Operative_NonNormalStatus
4f799e4a	CountdownTime
4f7a8bfc	bUseTimedAutodestruction
4f7bd8cf	nMaxIterations
4f806cdf	locstridTrackName
4f80fbf8	PointChallengeNodeRules
4f834e7c	iSmuggleDiffLevel
4f84d6e9	IconPreviewRule
4f85964d	ClipPlanes
4f85d1b1	YachtRaceSpecifics
4f8c3f7e	progressioncollectablecategoryKickupCollectibleStringId
4f943631	bGaugeIsEnabledInUnawareAlerted
4f9dfef8	fMatchmakingTimeout
4fa10028	matHighLightedMaterial
4fa37d63	JumpOrInAir
4fa6bba0	fSearchZoneRadius
4fa6d24c	fMaxHardLockRange
4fa8a6ce	RewardSettings
4fa8ae3a	coverselectionparametersCoversJammingFirstCover
4facdca8	AmplifiedDamage
4fad52bd	datacardpanelarchetypedescDataCardPanelArchetype
4fb09c13	fMaxCooldownToSelectSamePMC
4fb156d7	vectorProfilerScoringQuadSizeModifier
4fb1a26a	bShopPlayerCanSellValuable
4fb3b0e7	InputYawExtraSpeed
4fbce280	fLeverageKickoffDelay_Retry
4fbdb286	clrExtinctionColor
4fbfdec3	sKeyword
4fc4c0a9	selParkour
4fc8ca27	TraitVariable
4fc8d23c	fBigReactionStressThreshold
4fc9caa0	fReferenceSpeed
4fcc9cdc	fMovingInWaterDirtMinSpeed
4fcfb773	PostFX
4fd0920e	fCloseRangeDistance
4fd0f3bf	uWorldmapTextureSizeHeight
4fd32978	fTorso
4fd34658	uimenupageGamepadRemappingPage
4fd435ad	ChatReadSpeedSettings
4fd964fd	fPlayerImmobileRadius
4fd9e07b	MultiInstanceMode
4fdf9fc0	textureWardrobe
4fe07151	HasCrushAttack
4fe20ba7	fMaxLookAheadDistance
4fe218e6	DataDriveAppCategoryPage
4fe28292	psPingBackParticles
4fe4175a	nethackingconfigMotionDetectorCone
4feb0d81	fTargetLostReturnTime
4fee442c	InputProperties
4ff4ef6a	fAggressionLevel
4ff52a51	fMovingAwayMultiplier
4ff54e51	fFakeGearShiftingTime
4ff70ce1	uimenupageOperativeContactPage
500122b7	bOnFootMedium
5001250e	locstridShopSellAllDescription
5009cee4	uisoundChangeMasksSound
500a52f1	bOverrideSpeeds
500e2e77	fTrafficDuckChaserProximityDist
500f629a	clrColor
50129ad9	fileOnlinePathTexture
5017e6a8	fFirstTargetAimingNoiseRadius
50180f28	texturedbobjectPage2
50182aa8	curveStaticReflectionIntensity
501ddf0d	texturedbobjectFight
502d55e7	OpLineOps
50322ef4	fSpecificSpeed
503277f7	DetectionMultiplier
5034c1a3	iNumberBulletPerBurstMin
5036e890	archLaserBeamArchetype
503761ff	fMinActivationRadius
50376a0b	fBronzeTime
503a6af6	sMassHackVehicleRumbleId
503beb77	fDamageRatioLoss
5041d4ba	fMinimumPlayerCameraInputSpeedMultiplier
504700f2	tagcategoryselectionHighHeels
504df03a	nethackingconfigEnemyVehicle
505703e7	NonPlayerTargetParams
505ac1b0	fMinAngle
505b08b9	OverheatSkin
5060f35a	InitialDroneStateConfigs
50645de2	unitconfigBlockerVehicle
506487d1	EnabledRangeTypes
506bc3a6	fCollisionFulcrumOffset
506c5253	bIsMissionDamagedSpider
506d7baa	fLookAroundTimeMax
506e892b	vehicleaerodynamicsAerodynamics
506f57d2	fAirSpawningVerticalRange
506f95fc	fReachOrbitLookAtDistance
50719b71	fGripDecayMaxYawRate
5074966b	fApproachDistanceMin
507b0c3f	uiMaxAgentBudget
508211db	mapicondescLocationGameplayIntrigue
508c86dd	vehiclebhvsetupDefaultVehicleBehavior
508da534	MaxModulo
508f9962	bGaugeIsEnabledInUnaware
50996382	sLineStartBone
509a2078	fNoLookAtWeight
509e5209	selSeverityLevel
509e72b2	curveTopHeightBase
50a0beb8	bBountyTargetEnabled
50a1a5fe	selRoad
50a21615	fPackageHealthThresholdForDamageBark
50a3a72d	bSpotLight
50a5dcc3	sTextMessage
50a7d09d	sndtpJammerSignalExitRadiusSoundType
50ae055d	RingGlowLightHijackFpvParams
50aee58a	Dodge
50aff434	sndtpRewardSelectedSoundType
50b0a17b	locstridRCReturnToOwner
50b816dd	HardDrinkerEffects
50b939c2	RingGlowLightSlots
50ba2da9	archSniperScope
50bbd747	fIncompatibleAngle
50bcc5fc	fBumpStopMaxPenetrationCounterSpeed
50bd364d	fMassHackCoolDownTime
50bdc979	Dare2Threshold
50c0f03d	tagcategoryselectionBlacksiteTag
50c41a04	CanTrigger
50c470fd	uisoundChangeGadgetsSound
50c8c9de	Protect
50c98104	Setting
50cb0084	fRideHeight
50d0ef20	bUseSpeedNoise
50d4e557	RequiredMetaIntrigues
50d57e11	IsAttackAPowerHit
50d5d3e8	selAimingContext
50d8e315	JumpOverGapMaxElevation
50df366f	possyselementMarker
50e5f201	fDetectionRadiusRatioOnBackup
50e70824	VehicleDescription
50ef3404	sndSwitchToFullCombatSoundBegin
50f49123	fTextureAnimSpeed
50f9cf2c	fileRoadShakeAnimationPathID
50febdc9	fHackLockLineWidth
50ffd8c5	aispawningtypeReplacingArchetypeForCaptain
5100b41a	colorDefiantColor
51061254	bIsPolesAndCornersDetectionActive
51138b78	locstridRCEngageTargets
51195127	fSearchZoneCenterMaxOffsetPercent
5119aeea	bExplodeOnEnemyPlayers
5119e5aa	fMaximumMoveDisplacement
511bb37a	MaxNbSpawnedEntitiesInGame
511d2de9	PostStrategySelectionRatio
511d50e4	fProximityIncidentMaxDistanceZ
511e4f11	locstridHackObjectiveMarkerLocId
512079e8	X404Ops
5125d024	ShiftPoint
51268ce6	MenuProperties
512860dc	PlasmaResources
512940e0	vectorContrastOuter
512c23f5	IndividualFights
512f9866	uicolorpalettesettingsSearchEnforcer
51308fb2	objectivetransferdataStageBasedTransferDataObjectiveDescriptor
51353d4b	TranqDartsShouldShroud
51374b6b	High
51377bc8	EscalatingAttractSoundsBAndTypes
513924e4	colorDefaultFlashColor
5139a400	uiSpawnBiasFront
513b32ca	fMinDistToMainRoadTraffic
514285f5	LockingEntity
5144e07d	bPlayIfTopLevelOnly
51460353	bCanTriggerCelebrationModule
514a7734	RecruitAvailable
514bcc23	selPlayerEnemy
514c355c	SamaritanCallout
514d3101	fStandAndShootBeforeEnteringLateralCoverProbability
514edd75	bEnableKeyLocationProjectionEffect
514f69cb	AttackIndicatorTime
51537084	vectorOffsetMidLeft
515cb818	fHighImpactStrategyTime
515d6339	fVolumeExtrudeFadeDistance
516005f2	sndHackingContextualDownloadSoundId
5166b33c	uimenupageTournamentCompleteMenuPage
516dacaa	fMaximumRelativeZPosition
516f9453	locstridSequenceFailed
51723154	LastFiredGunThreat
5172a733	bDeactivateOnDeath
5175c3cd	fHypeDecreasePerSecond
5177a0c7	vectorTranslation
517bd32f	Ideal
51856283	bRestrictByDistrict
518e4f9f	IncomingRCCrane
5191c018	SpecParticleFXs
5192cbc3	sndtpAmbientSoundStartType
51964edd	locstridEventAbortedByAnotherPlayerLocId
519692df	fObjectiveHighlightAreaXMin
519e7627	mapicondescPickup
519e8618	fTakedownOverHeatTime
51a2388f	tagcategoryselectionPrivateSecurityTag
51a49d87	fMaxShootPitchMin
51a4a264	SpotlightCombatParams
51a4c9c3	fInteractionBufferDuration
51a7e1e8	LightsAffectedByMalfunction
51a7f634	fTargetMid
51a8c6d1	vectorSpawnPosition
51a92898	matScreenWithoutCargoMaterial
51ac01c4	VehiculeNormal
51acf4c2	sndvarFadingRTPCVarId
51aea31d	selTargetsAffiliation
51af7b16	utilityactionActions
51b5af34	PMCProximity
51b6956e	bDisallowSubCategories
51cc8bdf	matScreenAiMaintenanceMaterial
51d312c0	fileReticleLauncherBlockedAR
51d545f9	CameraVehicleList
51d5b37e	uizonesettingsAIAgentRestrictedZoneSettings
51d77ca3	angDiskMinTheta
51d7edac	fTargetHudIntensityMin
51d8293b	fWindGustThreshold
51dedb40	GlobalModifierList
51dfca79	MachineGunTurretConfigSelector
51e02e27	IncomingRCScissorLift
51e0ce38	selNotificationDisplayType
51e1ece6	TargetAimingStiffness
51e75b6a	psShockDamageOnModelParticles
51edca9f	fCoverEntryDistanceAiming
51fa1ca6	fNearWidth
51fa3a81	Release
51fa47e4	actiontrackeridActionTrackerId
51fad0e6	fImpactMagnitudeRangeMax
51fe1afc	fHorizontalVisibilityRange
51ff7196	LimiterMaxSpeed
5202920f	bMuniTrain
5203cc98	fRandomConnectionEntityCatchUpSpeedMin
5203d233	bReactToBollard
52074b81	ChassisNoiseFromRpm
5208eb89	ARCloakDamageBoost
5209ddad	TimeOfDay
520c5b1a	AimLockOnParameters
5213fec1	drvstyleDrivingStyle
521832c3	tagStoreTag
5219ef55	nMultiZLineNumber
52286a5e	DataDriveAppCategoryPages
522878be	SFX
522c7c0c	bPreviewMode
52321587	Vars
523b2884	VerticalMove
523d0a8b	locstridDSITokensGainedTitle
523ff454	sndCOOPWarningMessageSound
52407087	locstridResetSettingsLocId
52419909	vectorStimOffset
52423bc9	fDeathCamOnCollisionSideMovement
52427edc	fMovementSpeed
5246754d	Range
5247fcfd	mapicondescObjectiveType_E
524834db	fReinforcementLightsDuration
524e2219	fShotDelayMin
52514cc5	fMaxConnectRadius
5257010b	DetectionSettings
525af691	fTargetSwayRadius
525c0e94	bUseMPEGEncodingArtefacts
525d29ea	SpotlightConfiguration
525e7b80	vehiclebhvsetupRaceBehavior
525f9a65	curveSpeed
5262d62e	bPlayOnLocalPlayer
52659fb1	selBlockingEventMode
526c34f3	ResistanceXPModifierRule
526ce1b4	locstridAlarmColorShutDownWithInvestigation
526d351a	sCensusProfileFieldSurnameOverride
5270412c	bAI
5273eeb1	bIsLeverageTarget
5275483c	bEnabledIfTargetFast
52757e75	dissndStop
527f4cd1	chaselevelparametersChaseLevel2Params
52867e8d	fAntiRollBarStrength
5286f20b	bUseUnspecificTargets
528ae5c6	fMaximumDistance
528e80f3	locstridWipeScreenSubtext
5290cdc5	OtherPlayersMinDuration
52917fe0	fNodeConnectionDistance
5291bcf2	RecordTarget
52954d8a	sSoundTriggerDialogEvent
529a14d1	AvatarCoverAimingStraightLeft
529e6835	Perception
529eb620	bSpawnItem
52a3a9be	uiNameOverride
52aa73c6	sndvarPlayerInVehicleRtpc
52ab26e4	selMode
52adeb97	fTurningBigRollReturnLag
52b36a7b	fMinWeaponYaw
52b43dad	fSafeDrivingSpeedMatchHysteresisMs
52b55f9c	fImpactStrengthDistanceStartDistance
52b59820	iPmsId
52b5d5fe	InterfaceLayerDescription
52b7c170	fCiviliansMinDistFromPMC
52c0c948	HackingBehavior
52c44340	dronedetectionstatesettingsDroneDetectionStateSettings
52c7229f	fInitialHealth
52c82e13	fMinimumSpeed
52c931c5	sndWheelInWater
52c9bbab	Modifier
52caa51d	bExcludeLoMoCiv
52ce2bb9	curveMainSailBoatSteering
52d390d3	fWitnessKillCopWithCarTime
52d80cab	fMaxPitchDegrees
52d994ee	selLayerMode
52daff8a	CanAutoTagCaptains
52e1748e	fBackWheelLongFriction
52e4fee2	fIconFramingMinZoomDistance
52e57dd4	MaxStanceForAnyHeightDiff
52f27af4	ProgressionRanks
52f2efdb	fBankingAngleDeadzone
52f3ab18	psFxDeflateTyre
52f4f752	entGameplayResetterId
52f81d93	bUseFollowingInteractionDetection
52fabe29	fEndFrame
52fb0be1	fMaximumSlipAngle
52fd2dd8	locstridDroneDockSpawnMedical
53021a18	itemsRelicTutorialTip
53060e4e	bNeedsToGetOutOfVehicleToComplete
5308cd30	InputPitchSpeed
530ec1cb	Spine
53148c03	sndvarWallaHypeSoundRTPC
53152c90	fDisplayMissionResolutionTime
5317d30d	fApproachAbandonTime
53181439	sailboatpathfindsetupPathfindSetup
531907e7	GaugeTimeToReachMaxModifier
53196407	bHasBeamLengthOverride
531b7540	LowerSidewalkInfoForAnchorCrosswalk
531c8d56	fAssistanceAutoLockDistanceThresholdStrongMultiplier
532edfa4	Progression
533563a7	Activation
5337ccc9	fStickNavTimerDirectionSame
5338fd88	archSmoke
533e85a0	fileBlackScreenIntro
534128b2	AnyOperativeInSilverOpSwapCooldownMinutes
53412efd	fAggroOpenAreaPeriod
53422176	sndtpPreSelfDestructSoundType
534332ca	bExclusive
53467e30	Stun
53497c52	vectorDefaultCombatGunDir
534b4794	bBypassesOpDiscovery
534eead1	selFileType
53505bdd	fFog3DNoiseWScrolling
53512f25	texturedbobjectCloneAccess
535cf19b	MaxSpawnDronesDuringNight
536374a3	mapicondescDiskMapIcon
53677cb3	locstridIngredientTriggerVRPuzzleNode
536cf3ba	Rotations
53735950	timergameplaydescriptorEntityToPhotographTimerDescriptor
5375e185	SwitchAllegianceDurationChase
53765378	fUpAccel
537b1fa1	sndNoAmmoFire
537c61d7	vectorFixedCameraPositionOffset
537d2920	sndDepletedSound
5380879b	locstridAbandoningVehicleWarningLocId
5381afd2	mapicondescCash
5387ca47	HeatLevel6
5387de08	profilingpathpresetDiscoveryDefaultPreset
5390cda3	locstridModeNameLocId
53961559	selPhotoMode
539bd2a0	sndtpHackingStartSoundType
53aaac77	fKickoutFromCameraWarningTimeThreshold
53b10c90	ConditionList
53b123f3	WarningMessages
53b2a50f	InnerColorAlpha
53b30da6	fDiscoveryMarkerRemainRange
53b541b6	Contextualisation
53b7ef83	selWeatherForecastRainAmount
53b8284f	bEnableClipping
53c2a1cc	selAffiliationB
53c3cf3b	FOVDefault
53d72ef6	itemlistsOnFailGenerateReward
53d8d8ba	sndFelonyChannelMessageSound
53da5a27	sndtpArmedSoundStopType
53db42a7	bRevealIconPersistent
53e0f78f	TwoLevelDecreaseDelays
53e1ff12	TagConflictGroup
53ed7531	fMinTimeBetweenManeuvers
53ee0f11	fPhoneCommunicationDelay
53f0b27b	fChassisInertiaRollCoeff
540a538f	bOpenShops
540a9748	sndActivityStartedSoundMix
54128622	Assistance
541ec3b1	fGreetCooldown
5420c6b9	iMaxMissionExpirationTime
5420fd0c	vectorPivotOffsetFemale
5424757a	bAutoTrigger
542547cf	fRaycastHitMinDistance
542a977b	bAmbientSunBackColorOverride
54350049	sIconTextureName
5438d27c	fFloatValue
544d51c1	uicolorpalettesettingsColorRCPassive
544ee946	uitweensettingTobiiCleanUITweenSetting
54513c16	colorNetHackWavePulseColor
54554d2e	BlackboardValue
5457c2f0	locstridIsRelationLocId
545c7082	fMinScanDuration
5462bc01	locstridEventNeutralizeHackerLocId
54686248	patselectPatternSelector
5469b325	bIsPartOfAScenarioOnSpawn
546d75a9	cameralensconfigLensConfig
54722304	sndShopCancelSound
54745a64	texturedbobjectDecreaseWantedLevel
54782b43	fClimbDownWalkStartDist1M
54794751	RCTargetFactors
547a4582	selIntrigueType
547fd550	bIsRestrictedToBehaviorModifiers
54812d75	VehicleTypesAllowed
5482155c	bUseMaintainNPCCountCondition
548980f0	fMinRearLatSlipAtMaxSpeed
548b9d56	sCarOnDemandRewardTextureName
548d6a02	fMoveRangeMax
548ddfca	bGhostExplosionVisionLossProportionalToDistance
548ec738	fSteerExtrapolationTime
548eccfc	tagcategoryselectionIsPlayerTag
548feffe	NumHealthBarSegments
5496d8db	sndtpWobbleVelocitySoundType
54983ae5	uimenupageARMultiplayerRaidSelectorPage
5499f610	fRamSlotMaxTime
549bb757	iHowManyStunsMustThePlayerDoLocal
549e6756	bLowerSidewalk
549eed9a	fFoamTextureScale
54a4d962	fNormalAirDrag
54a734cd	SpotlightArrestParams
54a9029c	MajorDamage
54ac51a5	fExposureMax
54ae9282	uicontexttypeBaseUIContextType
54b2f40a	AffiliationReinforcementConfig
54bbe44e	locstridShopEquipClothingPart
54c237af	selElementsType
54cb6470	sndswvlDogSoundSwitchValue
54cf1168	locstridWarningHeaderLocId
54d1de02	fMovementIntervalMax
54d7c255	CTOSDB
54d83034	uisoundAudioSource
54dac948	OverchargeParticlesBoneName
54dcf191	fASRStartRtpcValue
54e3ba55	VFX
54e47c2d	WorldId
54ea0e5e	HeatLevel2
54ecd1d7	sndstgrDRAMADirection
54ed15c2	locstridNemesisTitleLocId
54ef7766	Considerations
54f31a21	vec2CoverMovementRepeatTimeout
54f510f4	colorObject
54f5ce5c	sndvarObjectVolumeRTPC
54f9b0b8	fMinRPM
54fcfbce	archRobotWatcherArchetype
54fe7252	fMaxDistance
55019e97	sDestroyedStateBoneName
5501fd91	OpLineCompleteUI
55026b0c	Activity
550e6ff6	ClipPlane
55131ec2	curveRecoilRotationZ
5515f4bd	GenerateExplosion
551b2bb9	fSaturation
5520618f	vectorAutoNavDestinationLocalOffset
552249ac	RelicDescriptionParagraphs
55240b76	fNotificationMessageDuration
552681d3	fDefaultThreatDecreaseRate
55278c24	selNavigationBarTileId
5527ace3	Contexts
552a38e4	mapicondescObjectiveType_A
552bbad5	TrafficeDamageReceiver
552dcaed	sndZoomEnd
5530e537	fOpenLightHour
55315a70	fConstraintTauFactor
55315faa	VariationSetting
5531b56d	DefaultStance
5538914f	iFragileDiffLevel
553a0613	fDetectionEasy
553ad8c9	LockedBodyParts
553f2e79	Provoke
553f8fe3	fEarlyRecoverTime
5545f17e	fDelayAfterPause
554ab976	fFragilityBonusPercentage
554afd6f	StatusLightFpvParams
554ff5cd	SuppressAddRemoveContactsNotification
55522c6d	selEmitDirection
5555da69	fHealthTreshold
55561ae4	fHackLineTextureUVSpeedBurstDuration
5568927f	mapicondescNorthSymbolMinimapFrench
556be544	sndtpSFXRocketLauncherGoInType
556dc24b	RainEmitters
556f2819	sndvarTimeOfDay
557006e2	fTractionLowerSlipThreshold
55706143	uisoundSurrenderHoldFinished
5575a5d5	fConeAngle
5577bb1f	ArtworkUnlockedBarkId
55798a92	fMoveTimeMax
5579d148	AimingLags
5582b089	rigidbodyctrlpresetsPresetDbRef
5591563a	uMaxAttrackHackAtSameTime
5595373e	fFilterCutoffCost
55ab4f56	bDetachParticleUseVelocity
55ad99e2	bEnableSubtitles
55ae7ab0	curveAISmallTargetLockOnPosLerp
55b1a32f	censusprofilemodificationtemplateTemplate
55b55f6e	fProximityIncidentMaxDistanceXY
55ba65d0	fLockTimeToLive
55bc8d2a	PhoneCallSettings
55c0e5c4	yinteractgameplaydescriptorStartingInteractDescriptor
55c89d99	iDedSecAffinityChange
55c8c5fe	AllItems
55d70a0c	sndOverHeatSoundPlay
55d7cabe	ModelTags
55dc55b5	SpotlightStandbyParams
55e03ba3	locstridItemVarietyDescriptionId
55e0d0c9	vec3DollyStart
55e1d6b1	ObjectiveConditionParameters
55e37034	fMidRangeWaterMargin
55e67bca	fileScatteringTexture
55e95b49	iRoundIndex
55ea1c21	psFxWaterSplash
55eed0c9	locstridLockBrakes
55efaa95	fileLandingShakeAnimation
55f9fda6	hidTextureTiling
55fb21f7	digitalsearchsettingsDigitalSearchLevel1
5600cefe	sDebugName
560192c7	vec2Cover2EnemyCutoff
5603cd8c	fHackLockStartRumbleIntensity
5605821e	fPlayerToLKPDistance
56095533	bReadyForProduction
560aa245	bEnableAlphaBlend
560bb844	selFelonyType
560c2ef9	fXPPerSecond
5610027f	ForPoliceSniperOutOfLOS
5619dffe	fMinDroneDefense
561b797d	fSearchPhaseDuration_3Players_2vs1
561cefc3	fElapsedTimeSinceLastTransitionShort
561e3c29	ReactionExposedAtoms
5622e6c3	VehicleJump
5627620b	archRobotGreeterArchetypeTidis
5630c54c	TalkingActions
56325558	filePlayerInteractionMove
5633f150	vectorPositionOffset
5634df04	fCollDamageFromBoatsPerKgMs
56402577	angvecSpawnAngles
56425a84	selZoneType
56436036	FakeCrash
56458dc2	sndWheelRoll_2
564734f8	brickcontextsettingsSetting
564b843d	fYawMax
564c0dea	bDisableLightEffects
56568978	bLocation
5656c462	StunnedInstantRecoveryCooldownTime
565a6533	OverrideSpawningPoolConfig
5668e9c2	disPriorityValue
566befb6	fForceCombatOnTarget
566cce43	HackingDroneDockCtDroneSoundId
56778f1d	bFeedbackEnabled
567b1d30	locstridClosedCaption
567f021e	bHuman
5684bbf1	ClimbOver_To_ClimbUp
5686d656	FOVFrustumConfig
568cf38d	uisoundWheelOpeningSound
568d3259	fAdrenalineRateOfFire
5693e46d	Drones
5695eb1a	fLateralZDisplacement
56964407	fCombatVerticalPathOffset
569a3977	AnimationsData
569acfcb	bFlashbangEnabled
569d0afc	SpawnInfo
56a3b542	PowerSplit
56a56ae7	bDisplayMarkerAndText
56b4c80c	Theme
56b92617	curveFullBodyTriggerFactorOverTimeTranquilizer
56b9354b	ChanceForOperativeToAvoidHospital
56b9e63d	fCollisionDamageScale
56c23259	nDefaultMin
56ca1cf0	bUseInnerFill
56cd00a4	sndtpEngineFireSoundType
56ceb1f4	MeleeAnimationStyle
56d5d3e0	fSunAndMoonViewAngle
56d9d0af	locstridTextOnProgressBar
56dfa434	sndTriggerPressedDestroy
56e24474	uimenupageClothingItemsPage
56e3e2bf	fTurningBigRotLag
56e5056a	gameplayconvosettingsDefaultGameplayConversationSettings
56e5fefb	fLastMoveDirProbabilityModifier
56ed24b5	fRUpperArm
56f92850	mapicondescObjectivePublicEvent
56f9ead0	bCaracasIsActivated
56fac1c9	fArtefactBlockShift
56fb2fce	fWaterFloatingScale
570172e7	mapicondescDeadPlayerMapIconDescription
57030d5c	Teams
570554f5	ArchetypesToPreload
57069bc5	curveDistanceXYWeightFactorCurve
570806e8	fMassHackNPCMaxDelayPropagation
57087246	FriendlyFireOptions
57092a9b	angAngleStep
5709d724	fTalkersCameraBlendOutSpeed
570d7cb4	Player3Commands
5719295a	HealthRegenerationDelay
5719fba9	bIsWater
571a378c	fEthnicityCaucasianExposureOffset
571d1dfa	RaidOps
57299223	fSpikeOffsetXMedian
5731ea5a	bNotInWater
5738154c	sndMuteExternalSounds
5738ee2c	fCombatAiBoneAngle
573c149d	Chase
573fe439	uitagimagesettingLefty
5740cedb	bPlayAnimSitExit
574586a5	ActorStatuses
5745ec64	fRelicLifeTimeRatioLossOnGhostExplosion
574b6b38	mapicondescHack
574fb808	fSteerLookAheadDist
5755a7cd	FOVVehicleConfig
57573562	FireRateRule
575d9e09	fLockOnRangeMax
575eb40c	fLumenValue
575f98df	fTimeOutsideMaxDistanceThreshold
575fc478	sndUnmuteExternalSounds
5760c6e4	bUseDefaultTaggingSystem
57613bca	sndAwareState
5767671b	fAttachedBoneYaw
57694102	maneuverdbManeuverDatabase
5769a278	fileDefaultNightReflectionTexture
576cf832	vectorOffsetMidFront
577a523e	OnTalkComplete
577b7771	fHackLockLineJoltVerticalIntensityRatio
577c435a	vec2TargetMidOffset
577cd19a	sY
577dbbe6	fWaterDragCoefficient
57844d0b	fSpeedForMaxSteerAngle
5784ab30	bZeroDensity
5785858e	fTeamspeakProximityTriggerDistance
578bc679	PackageDamagedBarkId
5794a4ea	fTrafficBoatsInitialOffsetCff
579e452e	mapicondescDedSecConvoyEvent
57a2eb8e	fFrontAxleGripModifierForJTurn
57a58be0	fFog3DNoiseUScrolling
57ae78ec	EagleBank
57b491f9	fRollingResistanceScaleNoThrottle
57b6eecf	vecMarkerOffset
57b7f425	bPromotionalItem
57bd4f4b	ConstructionConfigSelector
57bff15c	fMinTurnRateMoving
57c0c720	bBarkSeekingCoverIgnoreBlind
57c1a347	DroneDescriptions
57c4db93	selWanderInteractiveMode
57c4f8ba	bDoubleWheels
57c88488	vehiclesbankVehicleBank
57d0695a	texturedbobjectIngredientTriggerVRPuzzleNode
57d232ae	chaselevelparametersLowEscalationParams
57d6043f	BarkCombatTakingFire
57dcadd8	bTestIntuitionInVehicleUnaware
57e72c4f	sndtpMaterialImpactSoundType
57ea369c	fAssaultSecondCoverPreShootingTime
57fa0744	uicolorpalettesettingsPlayerFontColor
57fb7616	fTimeToDeliver
57fd374d	TacticalOPSwap
57fd5a2d	sndtpOverHeatSoundStopType
57fe1f07	fAiVsParkedMassScale
58017a3c	fSpawnedCooldownMin
5801f37a	sndAppStart
58024f9b	AlertHardDeadBody
5807d95e	uimenupageARMultiplayerRaidSettingsPage
58083c28	bReticleLock
5809b068	PlasmaMADTemplates
580a87e2	sndIOPDisconnectSound
5813ee0f	BaseExclusionFilter
5817fd36	fYellowLightDuration
581cc70d	fNewsReminderBarkIntervalMax
581d0792	ShootingPattern
5822639f	fHalvingPeriod
58271191	censuscontractdefinitionDefaultOpContractDef
5827a0e0	TexturesSDR
58291c80	mapicondescNorthSymbolMinimapGerman
5829b5ff	bUseAbsoluteRelativeLeftRightSpinDiff
582ca112	fShootTimeout
582d3a63	uiclassupgradeUI
5831140f	bBus
5832e19c	Probability
583424d8	fDropMoveChance
58384105	sndStopBuzzIntersection
5839b2e8	psConfettiParticleSystem
584279b8	curveTargetSpeedMin
584d460b	CProgressionModuleGadgetSettings
584dc950	BarkRelicPicked
5853521a	fMalfunctionMinDistBetweenShots
585a23e1	fTranslationSpeed
585f2c5e	StickyThreat
585f8dd0	Stumble
5860837f	bIgnoreCollisions
5861944f	pawnerssettingsPlayerSettings
5865e4ce	MatchingAgentSubCategories
5866c412	IndividualFightsVector
5867a9a3	ExtraLegLengthForClamp
5868881f	fMaxSpeedHeadingScore
5868b0e0	fSpeedFactorWalk
586a5a73	NameByRoleList
586fb527	PremiumStoreShopId
5871ea78	sRelicName
587280fe	fHealthRegenerationDelayHard
58731951	EnableFOVRearDetection
58782b02	angvecCameraAngle
5879be7a	selHackableObject_Medium
5883eb9a	fFakePanicSourceDistance
58886762	fMaximumVerticalDisplacement
588b11fa	sndtpHackingActivateFlatbedPlatformSoundType
588db9d0	MergingLogicStrategiesConfig
588f1d5b	PostDeathEntities
5890e359	Perched
58959578	Combination
58988870	LeftFoot
58a3278c	SetBonuses
58a37b76	fTrajectoryInitsize
58a8238c	SearchBark
58a9c409	PositioningSubState
58aee317	fTurningTranslationMultMaxValue
58aeed7c	fRangeToReachTarget
58b2449a	mapicondescBreachLockIcon
58b8618f	bCanHang
58c09f1e	CategoriesPrioritized
58c0e365	archFelonyChopperEntity
58c1d8dc	sndToggledOffStart
58c59d26	locstridLockedByLockboxWarningMessage
58c68cac	iBulletBurstCountMax
58cc098f	fHackLinePositionSmootherDelay
58cd02f6	fCoverInnerTurnLookAheadFactor
58cd3d65	fCiviliansMinDistFromClanKellyMember
58d30457	bHalfResolution
58d53776	fMaxSteerSpeed
58e1d3ec	Children
58ebf16b	locstridGenericErrorLocId
58ece0f8	entSequenceDisplayEntityId
58ed6e22	sndtpAimingBeamStopSoundType
58f09cb7	stimsDrunkStateHighStim
58f65261	bIsInteractionUsable
58f6a784	OnFootConfig
58f6f7c5	DroneDefinitions
58fb86a2	fUnbreakableCloakTime
58fd8159	fMinYaw
5900aa0f	uisoundPingStartSound
5905630d	bCountOkHitsForAnimationSpeed
5909e35c	tagcategoryselectionTagSelection
59108888	fMinRoadBlockDist
5912c73f	fChargeEffectOffset
591a942a	sndCollectCoinNegative
591aa06d	strDebugText
591bbc41	bResetTrackingData
591e45e1	fileConvTableFile
59204b39	sndCollectCoinPlatinum
5921fb2c	bGhostExplosionRelicLifeTimeLossProportionalToDistance
59293f2c	CameraAnimations
5929f2a1	sndtpAttachSoundType
592da4d9	vehicleentityconfigConvoyMainVehicleConfig
592efef2	locstridBottomText
59310cc7	fileDistantLightsTexture
59340295	OtherPlayerSpectator
5934d245	uimenupageClassSelectPage
593dd49b	WDCreditsCurrency
593ec925	IsBeingBlinded
593fbbfc	DroneParams
59467b9c	fMotorStrengthAtMediumSpeed
594a86c3	ClothingItemOptionalSelectionTagCategories
594ada17	bCanHaveTaggingBullet
594b268d	bIsPaintBallGun
594dfdf3	fDelayTimeDrones
594f3825	objlayHackerSpaceLayer
5953ac65	fSoundEffectStrength
595f2f7f	entBossCarcassArchetypeSpawnPoint
59667e56	fEnvironmentSpawningRadius
5968cd76	lobbycinematicparamspresetFailCinematicPreset
5969760b	MinimumRankNeededId
5969c9c2	fFocusMatchCostFactor
59744bda	DownloadStartedOnlineNotification
59749f88	fRotationTimeMax
5976de1e	sBtn7
597bb2f7	fCarDemandCooldown
597db0f7	selResourceSizePlatform
597ef5e1	fMin
597f4ab6	nLevelXP
59805842	RaidRecommendedLevel
59816741	ExcludeTags
59821bc8	fDragCdaSide
59a0c191	selRestrictionType
59a15935	fCallFailTime
59a25e0d	fPatrolCarDownCooldownTime
59a4e6d4	locstridCharacterLastName
59a97f26	bSwitchTargetInMachinegunSequence
59a9c0c8	fCombatSpeed
59acb3ae	RCDroneNano
59b056f3	fSpottedWarningDuration
59b0b8c8	sndTrollingSoundWhileUsingDrone
59b413c6	locstridIngredientTriggerElectric
59b440c7	AggressiveStateActivationDialog
59b6eadc	bProfilableOccludable
59b8e31d	drunkeffectconfigEffect
59bc358b	SpotlightActiveParams
59bf5d37	fRandomConnectionEntityDurationMax
59c32db9	StaminaCalculation
59c43787	ClothDefault
59c582ff	colorFxCenterColor
59c7682e	bIgnoreChassisPitchForSuspensionDir
59c939cd	fTargetDistanceMinToUseVehicle
59c9ac45	bPingFeedbackEnabled
59cb896b	fLightRadiusLength
59d15041	Animals
59d1bcca	PlaneTransDamp
59d54e62	MaxWeaponCapacity
59d9fcf2	TriggerCondition
59db5f7c	TakePictureObstruction
59df4935	locstridInputWaiting
59dfe467	locstridPlayerWon
59dfe8fb	locstridIsInBuddyAI
59e19431	profilingpathpresetDiscoveryEscapePreset
59e46abb	bCanBeAssignedToOperatives
59e5052e	iMaxImpactSoundsPerMaterial
59f2984f	Generic
59fd9f7a	discoverysettingsLocateObjectiveDiscoverySettings
59fdbc5f	CooldownCivilianConversation
59fe3ca9	MovieClipEffectsMapping
59ffe759	fCollisionVisibleRadius
5a01f19f	fStep2WeightPercentAtAboveLevelDiff
5a01f91b	humanconfigDefaultCivilianConfig
5a07862a	curveCloudMaskIntensity
5a0b2249	fFogSmoothFadeTimeSeconds
5a0e4438	fCycleTimeProjectiles
5a0eef6e	ThrottleAdjustedRpmCff
5a13307b	locstridFailLocIdMindjackVisionLost
5a14f863	curveThrowAngleByReticleAngle
5a18af72	fRunSpeed
5a1fe0fc	bUseHardBrakes
5a261c9f	locstridWarningReinforcementsCalledMessage
5a275e24	opgenlocationdescriptiondefinitionLocationDescription
5a29e31e	bCompleteDeliveryOnInteractionWithTalker
5a374bc0	sndvarMusicVolumeRTPC
5a394545	bSmallDrone
5a416184	AutoTagSpecialEffects
5a4cd4ee	sndLawEnforcerStartSquelch
5a550a58	fTrafficPanicThreatLevel
5a587cd0	Modifiers
5a59dd9f	fCoverHeightAnticipationStiffness
5a61a029	curveFromShoreWaterMovement
5a625dbd	FallDisplacementsJOG
5a652195	bIgnoreAllStimsOnPrisoner
5a65ae0e	archGasExplosionArchetype
5a6e3136	BarksGroupMemberShot
5a6e6103	digitaltripcustomizationitemEmote
5a6f4cac	AffectedByIllegalApSounds
5a7705bb	selReactionCategory
5a785a01	fBoxHeight
5a7f293e	fMinTimeAhead
5a8fcbb3	fCover2FriendsWeight
5a99f904	ReturnSpiderCooldownTime
5a9e2f4e	sndtpTimerOverType
5a9f3061	LimitedSoundList
5aa0dc32	MaxRainIntensity
5aa4910a	censusactormemorydefinitionPositiveOperativeRetirementMemory
5aa66357	vectorOffsetMaxRight
5aabc8d5	bInhibitDirectionChange
5aabd4ad	fAboveOffsetX
5aae08fc	locstridBuddyNotFollowingObjectiveOverride
5aae90a7	locstridIntel
5ab02736	fHackLockLineReplicaFillSpeed
5ab77ccb	fVehicleVsVehicleDamageMinSpeedChange
5ab985c4	AlertNearbyGuards_Download
5abbf1ef	sndTargetHighlightedSound
5abcb9da	fAlertHardBarkSearchTargetAdditionalRandomDelay
5ac060dc	bOverrideFlashing
5ac5239f	Facts
5ac59fe6	CaptureBySIRS
5ad39891	sndTextEffectSoundStart
5ad40287	bDisableStunnedHud
5ad5a630	PartType
5adb604a	uicolorpalettesettingsStunnedMedium
5ae1e2c1	fDrunkLevel
5ae51063	locstridCoopLeaderObjectiveLocId
5ae65091	bBeamTextureProjection
5af036dc	locstridRcOvercharge
5af2a3b4	fFollowPYEnterTime
5af3834c	bKeepFirstRefRot
5af4f217	GlobalPercentage
5af54327	fMaximumForce
5af9e2be	fChanceToDriveInStraightLine
5afae19b	fClimbDownJogStartDist3M
5afdc75f	fUnspawnRadius
5b0373eb	BackgroundIconBottom
5b0e042c	texturedbobjectIngredientAttract
5b0eedd3	Secret
5b13d8c3	fExtinctionForLowAlpha
5b15b22a	fFollowPYSpeedMaximum
5b16755e	bCanShoot
5b18186b	progressiontraitcategoryChallengeTraitCategory
5b1c5b1c	sndtpShotBeamStartSoundType
5b205b4c	fBlurDefocusRate
5b211610	fDenunciatorMaxDist
5b28dcc6	bFirstWeaponFullAmmo
5b293348	fCoverCornerSnapInMaxCoverNormalAngleDiff
5b2be317	Level
5b2d3a83	fReticleTaggingDuration
5b2d5040	fWindSpeedNoiseDeltaInKmPerHour
5b314460	locstridRewardNameBankAccountRich
5b334899	bIsActivated
5b35c529	LastFiredGunDecay
5b3653c2	vec2ThreatInstantAddDist
5b3af245	iRotationRef
5b3df349	entSpawnPointEntity
5b43fb51	uisoundSmartphoneNavigationSound
5b457d35	CProgressionModuleOnlineSettings
5b483697	bUseSpawningPools
5b48f036	RocketSequenceDuration
5b4a072a	locstridRewardArtworkNotificationTitle
5b4d7367	fDirtGamma
5b4e1b0f	droneconfigRiotDefault
5b5c99a5	fRelativeSpeedMin
5b5ceb1b	fActivationRange
5b615c46	ShootingType
5b6207ce	locstridStealBotnet
5b635618	fJogInteractionMinDist
5b66a09e	fileBlackScreenOutro
5b687c87	CombatBehaviours
5b6ec383	sndProgressionCookedSound
5b73c83b	DGObjectiveLogicDescriptor
5b746f74	iXIngredientPriority
5b795443	fUpdateDelayTime
5b7d7851	fPlayer
5b866081	fAllPlayersInRangeCoef
5b89db67	iMediaObserveProbability
5b8adb0c	AnimalConfigList
5b8e3b6c	failTimerMaxDuration
5b8eeac6	AIControlledTargetingParameters
5b903458	fExceedingDamageRange
5b91f304	sndHackingContextualSoundId
5b93bba7	fFirstRoomMessageDelay
5b9422cf	filePlasmaResource
5b9d7325	bUseReset
5b9e423f	fKeyLocationDuration
5ba754e1	fPingDuration
5ba9c411	sDecryptMoreFelonyCallID
5ba9f808	fileRainHeightNoiseTexture
5bb2697e	fMaxGunPitch
5bb5529f	fRareGiftChance
5bb6f188	uisoundCinematicResumeSound
5bb80e97	characterdeckDeck
5bbd106c	fLandSpeed
5bbf6429	sndLockonStart
5bc2d343	LeverageSecrets
5bc754fd	sndBoys
5bc7dab8	StimConfig
5bd62df5	nFollowersComponentsGiveOnReach
5bd6fecc	FollowerDroneSettings
5bdef69d	tmplDialogActor
5bdf4ad0	bForcesGravity
5bdf75a2	RotationMove
5be269a6	curveCloudIntensity
5bf1b0d6	mapicondescObjectiveType_I
5bf54777	tagCinematicRestrictionTag
5bf6c8f4	fNoDeformationPlaneDamageRatio
5bfdd88f	sndHandbrakeSoundEndID
5bff8960	fProbeMinAmbientLimitsMultiplier
5c01dbee	fileNeutralLUTHDR
5c04faa2	PriorityWeights
5c0539ec	fTimeBeforeNewFleeAttempt
5c08b483	phonecommunicationsettingsWrapupTeamSpeak
5c136c76	iPortalPointsCount
5c182afd	texturedbobjectIngredientTriggerAccessPoint
5c1ed4c0	tagcategoryHideMaskTagCategory
5c1f1631	RewardIntervalAmountValue
5c1f4c0c	TeleportEntitiesData
5c206aba	sndFireAutomaticModeStopSound
5c2563ef	psMuzzleBeamParticles
5c2b9394	sndtpDepletedSoundType
5c37d609	tagcategoryOccupationGroupTagCategory
5c391b67	archetypeconfiglistDrone_Riot
5c3ad49f	PoppedParams
5c3b68f6	sndStartHorn
5c40e9da	CProgressionModuleCollectiblesSettings
5c423676	AvatarAimingLeftEccentricMale
5c43f17e	atlastypeAtlasType
5c4e7072	fMalwareSpeedOfPropagation
5c52caac	bMarkedForDelete
5c5322d9	DroneHackEscalationStateSettings
5c61ffb0	fTrickCameraDesiredFOV
5c66896b	wolfskinitemdbMaskMale
5c67d882	fCrashMagnetMaxDistance
5c6a7bbe	fStaticMaxAngle
5c704523	wolfskinitemdbWolfskinCompletingPart
5c712a77	AimAtAngle
5c75fa43	fEntityGridMaxDistance
5c7823e4	fCrusherDamage
5c7a53d0	fMinDistFromPlayers
5c7ab5c8	fMaxDist
5c7e2676	curveStiffnessScaleVsLoadLongitudinalNormalized
5c7ed16d	selConditionEventType
5c867a25	DataOwnerRoleID
5c876153	mapicondescShootingRange
5c895968	neutralizegameplaydescriptorNewNeutralizeSettings
5c8fe56c	bButtonOptimalRangeInPercentage
5c91c50a	ActorArchetypes
5c940522	locstridWorldMapTag
5c9bcb27	fParkingRadiusForVehicleDeliveryAnyMode
5c9e5c17	fileUnlockedMicroDroneNetworkTextureName
5c9fd4db	IdleAiDisabledScreenGlowParams
5ca0db20	TargetsSpecification
5ca46e95	RespawnDurationPerDeathCount
5ca8d8f1	fWheelieFailLeftStickThreshold
5cb0ae63	fOcclusionPerMeterOfThickness
5cb17c55	bAllowReactionToHackedEntityMoving
5cb38aa4	fMinTyreSpeed
5cbcd710	StimsReactionDartsMiss
5cbf9040	fLineProbability
5cc37a18	sndtpOverchargeStartSoundType
5cc39482	iNbTicketRareBoxGiveCrypto
5cc80e16	iMedModulo
5cc9f23e	WeaponModels
5cca946e	fCover2NeighboringCoverDistWeight
5ccd582c	cloupsetAffiliationUpdateSettings
5cd1f5f7	fLeavingWarningDistance
5cd23ad9	sFontName
5cd2f06a	bShowDuringExploration
5cd3a024	fIntensityToDelayScale
5cd5b127	locstridTeamateDeadWarningLocId
5ce244a8	emoteEmote
5ce75c38	ActionLoopSettings
5ceabe56	sndMixingStateStop
5cedf36a	bExcluseToplessCar
5cee4410	Goal
5cf297b8	bIncludePlayer
5cf42236	RCExplosiveSpiderDefault
5cf662a8	fSpeedToPath
5cf95cdd	tagPropTag
5d01d7de	censusmetaintrigueresolutionbucketInPrisonBucket
5d053c17	GroupSettings
5d0563e7	selQuickHackCategory
5d07a015	sndSpiderProjectileUseFailSound
5d0d89ce	fElapsedTimeMedium
5d1343a9	RankIconsBlurred
5d14d3a1	fDodgeBoxBaseScale
5d18b1fb	fPhotoRadius
5d20200a	iOverrideValue
5d20b173	hackingdefinitionHackingDefinition
5d21c44d	bUseTargetLockOn
5d24c4ee	IncomeRanges
5d2a3a33	fOverwatch
5d2dfdb1	progressionmodoverrideVariable
5d320f09	IconBelowFireUiBlobTexture
5d368621	fWeightPercentForSameIntensity
5d36bd3e	fKpSlow
5d38101f	cloudlayerCloudLayer
5d390db5	bRevealByLOSFocus
5d39ca80	fStopLoopRadius
5d3e8afd	fPhysicalBodySizeScale
5d40234a	FelonyEscapeTime
5d41d4f1	vectorProfilerLineTargetOffset
5d495935	fOffTrackDistance
5d49da50	fShortVegetationThreshold
5d4c955a	OnMainSwitchCompleted
5d4e802d	VehicleBanks
5d52f29d	fAccumulationMultiplierResetTime
5d52fd02	fLightOuterAngle
5d59b007	TextureTiling
5d5eb25e	fInnerCircleStartRadius
5d628d7d	fScaleMin
5d6a00d0	fRandomConnectionEntityCatchUpDelayMax
5d6a4304	bControlLightColor
5d6d27ae	fHeadshotDamageMultiplier
5d6e56f0	Pivot
5d715257	uimenupageTeamAppOperativeDetailsPageV3
5d76670d	ChassisPartName
5d768236	tagcategoryActorRarityTagCategory
5d78ab4a	fMotorStrengthAtMinSpeed
5d7b731a	sndIncrementGiftValueSound
5d7c10c3	VehicleDescriptionDescriptors
5d7cc149	bIsNewsworthyEvent
5d800538	bAnimal
5d818e11	fSameModifierValueProbability
5d82e867	fSunVisibilityBlendRate
5d864f3b	fOcclusionValueClosed
5d865496	fHeatIncreaseModifier
5d87f641	locstridCategoryName
5d8bc455	vectorColor
5d8c5e06	bSendSearchStim
5d8d1d8e	fMidCascadeRange
5d8dddb0	fileBehaviorCategory
5d93d91d	Couch_Arm
5d9b620c	selBarkGroup
5d9e54ca	fReticleAimBounceFeedbackDuration
5d9e8180	selSecuritySystemObject
5da165a1	Reaction
5da2c4ae	bShouldUseFeedback
5da503fc	VehicleDisabledHacked
5db5efd8	vec2RpCffmStartupRange
5dba4e53	mapicondescStreetArt
5dbd8d00	fPipeClimbUpDistMax
5dbfdbf2	bOverrideSpotAngle
5dcb1dc1	fPressingAlarmReactionProbability
5dccbaff	selTagType
5dcd0944	fLaserLockOnScale
5dcde001	RCMoveOutOfContext
5dce329a	sndtpWipeChargeStopType
5de0c464	fileBindposeDefinitionFileName
5de57080	fFleeAlititude
5de8b643	vec2ReticleLocation
5ded21af	locstridWarningMessageHeaderWhenQuitSearchAreaLocId
5ded7432	commandInfo
5df0119b	fDrunkStateHigh
5df0154c	sndswvlSwitchValue
5df57b1d	vec2IdealSpeedRange
5df6e2d8	uiMaxRoadBlockSpikeStrips
5df849e2	ManeuverParams
5dfc9272	fPanelDelayTimeToShow
5dff9369	sndtpSwitchToFullCombatSoundTypeEndCancel
5e01097a	selId
5e08d68f	fMaxWeaponPitch
5e0d8838	keyboardShortcut
5e140141	fDefaultBehaviorAnalysisPercentage
5e14b14b	MandatoryExcludeTags
5e20d497	matBackgroundMaterial
5e237e06	name
5e2c3175	fUntrackedOpColorAlpha
5e323cbf	fRandomConnectionRandomAlphaMax
5e32e105	Childs
5e3658cd	NetHack
5e37c185	uTimeToSwitchPatchState
5e3bd827	fSatelliteLifetime
5e3c2ce8	uimenupageNvidiaLogoMenuPage
5e481032	sndswvlDefaultFabric
5e533166	PerspectiveSwitch
5e56222c	sndChangeAngleStart
5e5825ca	Revenge
5e5a38bd	fApproachPosVisibilityToleranceFromPos
5e5de1c8	ShroudedBody
5e5e256e	fFormantScale
5e5e5781	uisoundOnExitWarnBadge
5e5eb500	ListOfDestinations
5e5eddd5	fStopTimeout
5e63eb42	sndShopHoldupSound
5e67abff	sndNitroOptionalSound
5e710101	texturedbobjectStateDetecting
5e731697	bIsContinuousPath
5e74205d	fKamikazeExplosionTriggerDistanceNormal
5e74cea4	Grenades
5e7a0cb7	fMaxRadius
5e7dd8aa	fDropMaxSize
5e83d0f7	fSidewalkWidth
5e8484eb	fLeftForeArm
5e8c0111	fCollisionCorrection
5e8dfe96	bUseGlobalDelayToStartAfterTrigger
5e8ef343	fOutOfControlVerticalBaseComponent
5e925a77	FormationOnLanes
5ea0068d	dialactorlistDialogActorList
5ea25299	sBreachCompletedCallID
5ea6cfe6	Offset
5ea8a342	fMaximumHealth
5eac29c7	sndtpWeakpointStopSoundType
5eb3d0a1	sndSteeringLoopViolentEndSound
5eb87a8b	Start
5ebcfd28	selAnimationReaction
5ec6254d	sndvarMicroHeightSoundVar
5ec82a77	itemlistsEventSuccessReward
5eca2243	sndSFXWipeAttackBefore
5ecc44e4	bIsLargeImage
5ed80a9d	bAllowBoroughPanel
5ed932a3	tagcategoryTagCat
5ed96b36	archSpawnPointType
5edd1511	fDrunkStateMedium
5ee00a39	HumanConfigList
5ee26bb3	uMinItemWidth
5ee325f8	Silly
5ee59881	sndStateExitSound
5ee6d819	vec2ToleranceChangeSpeed
5eeca5a2	texturedbobjectRemoteControlLeft
5eef5020	ShopCameras
5ef1e9dc	BaseIdleStartTime
5ef623aa	objectivemainswitchMainSwitchObjectiveDescriptor
5efe2c70	texturedbobjectStateSearch
5eff2bb6	angShadowInnerAngle
5f00e02d	CarParams
5f02796d	droneconfigQueenBee
5f057191	mapicondescOperativeMapIconDescription
5f08a83a	iCrowdSizeMax
5f08e136	Fixed
5f0ca26f	fInVehicleWeaponFiredLerp
5f0e775a	uiCooldownEnterCarMin
5f0e8cfa	psArmedParticleFxEnemy
5f117fb3	cinematicmodeColorGradingFilter
5f143bba	animalanimationparametersAnimationParameters
5f172ba7	VehicleActionCam
5f1b0345	wolfskinitemdbFallbackUniformItem
5f202234	bSydneyIsActivated
5f222b3f	IntuitionHeight
5f23e2c4	disabledronesbossabilityconfigDisableDronesConfig
5f251ebf	SubtitlesTrackSettings
5f258ca6	fNetHackWavePulseOpacityPower
5f26ac86	fMinDistanceToHideIcon
5f29cca2	ObjOutcomeForInjuredAndUnspawnedActor
5f2b2a0a	texturedbobjectForceCloseHack
5f2d9bd5	fWaterTransparencyDepth
5f329c83	vectorChassisDimensions
5f351b0e	RaidWipeDroneSettings
5f4967ab	sndCameraStop
5f541174	fWarningDuration
5f5d2c06	fDesiredTimeToReachTarget
5f5d8e7c	SMindjackRiftOpenedState
5f651282	MemNegative
5f66a3c6	sOverchargeMaterialSlotName
5f66ae96	Panic
5f69abd7	AIHumanOnFootLogic
5f6a0763	selRow
5f7193ba	downloadgameplaydescriptorNewDownloadGameplaySettings
5f72b451	fSpeedRatioSpeedMaxValue
5f7fb046	fTimeout6ThSense
5f82eb6e	OnNoReturnReached
5f840a11	HackGlobalAvailability
5f8550f4	vec2BlendCurve
5f895587	fMinDist
5f8a098d	bTriggerOrientReturn
5f8c0be1	sndtpDoorShuttedType
5f918b8f	LoveBullPersonality
5f9b175f	bMustEscapePursuers
5fabe1ea	iLeftLightSlot
5fad1d82	IsCoop
5fb2022d	bHasExitAnim
5fb3b865	fThrottleBrakePidP
5fb41cb9	AmmoRewardPercentMainHand
5fb7c6ad	vectorTeleportOffset
5fb9fabe	fMaxBallVelocity
5fbddc82	fTimeToLive
5fc47dde	colorStartColor
5fc50cb7	sndWheelRimSlideStopSound_3
5fc5cce4	bDisplayTargetNameInObjective
5fc835fe	selThiefCycleBreaker
5fc879d8	tagcategoryselectionMicroTag
5fc8ab48	AffinityLevelInfo
5fc97059	MiniGameMapZoom
5fcca782	SeeTargetLethalArmed
5fd09923	fProfileModificationChanceOnAffinityChange
5fd375bf	sndtpTurnOffSoundType
5fd53cac	fMinFactor
5fd6362f	uiMinNumberOfPossibleShots
5fe3ed4b	uiMaxSpawnVehicles
5fe4a172	fileOverHeatPostFxTexture
5fea3c8f	locstridInAHackerspace
5fec4b4b	CarTakedownBollard
5feef115	TimeScale
5ffb2000	cameralensconfigCameraLens
5ffcf4ce	vector2MaxUnsmoothedPlayerGunSpeedRange
5ffd7a4f	fMinSpeed
5ffefa2d	GunLockData
6000d880	fTimeBeforeFail
6004c87a	sndNotifyChaseEscapeSound
6004f3cc	EntityManagementPriority
6005c7b7	fFollowRange
600a7f23	sndAttachSound
600d2e4f	locstridGoalShortDescription
600e9f58	fStartOffsetDist
60100f02	mapicondescNorthSymbolMinimapEnglish
601b5b93	WantedTimeouts
601c04e9	DigitalHeatLevelThresholds
601f6168	uHeight
6022f8d0	bOnlyRegenWhenStationary
602409d5	InvasionHacking
6025dbcf	fDetectionMedium
6025dc9b	curvePlaneShapeIntensity
60264d1f	bIgnoreLogicDataModule
6028466b	bShouldDisplayFleeWarningAtStart
6036a0ed	iMonitoringLevels
60382f46	psTwoWheeledsplashTrailParticleResId
603a6ee3	fWaterSpeedLimitSlow
603ad076	fBeingTakenDownPropagationRadiusInCombat
60400c74	fSlipAngleLimit
60413263	bAllowReactionToFire
60439458	ZoneName
604593aa	locstridLockLeftWheel
604d3435	fCoverCornerSnapInDetectDistance
60534b32	hidEventName
6053ab6c	HardDrinkerLevelDecreaseSpeed
60554a1e	mapicondescDedSecPersecutionEvent
6058f5fa	BarkCombatGettingSniped
605b2c14	nethackingconfigSecurityCamera
605c4678	AttractionIgnoreCategories
605d3432	RulesmithReward
605de8fc	NoiseTextureChannel
605eacf7	archetypeconfiglistRaid_07
6065f6f0	pdruleRuleConfig
606e9ea9	WithoutPoseBackgrounds
606ea942	fDropSizeVariance
60723e97	FOVAlertSearchConfig
607acf2a	fMaximumFrictionForce
6083fe4b	sndHolster
60873993	locstridFailLocIdDefault
6087896d	uizonesettingsKeyLocationSearchZoneSettings
6089ce19	uiMaxSpawnedBoats
608c63e4	sndtpSirenSoundStopType
608e6215	TargetSelectionMode
608fccec	SDFShadowStrength
6090e36d	locsectionidNoveltyFactType
609402cd	fFog3DNoiseScale
6094560b	fleebehaviordescriptorFleeBhvDescriptorNoVehicle
609835d4	fCivilianVehicle
609940f3	fDefiantMinCooldown
609fed55	iNbTicketWithBoxNoLandOnDock
60a15d41	nethackingconfigDefault
60a2c454	envweatherpresetWeatherPreset
60a4e91a	SteamPipe
60a703b4	filePanicFacialAnim
60aad33a	CompleteFightXPGetter
60b3f12f	HackerSpace
60b9d7ea	itemsSafeItemDB
60bce8f9	bDisableWeakpointParts
60bf8707	locstridRobotAlarm
60c13243	fMinAirTimeForLongLandSound
60c2acb1	CivilianDistributions
60c93579	psParticlesSystemIdNoHood
60dc5d62	locstridFragileObjectiveLocId
60dcc4da	AnimalConfig
60de355d	sndFallbackToShutdownStartSound
60e0032e	sndswtpDogSoundSwitchType
60e72c44	AvatarCoverLeft
60e80ab9	DroneCommandSearch
60e92f07	oppressedVoiceAnnouncements
60ea24eb	bHeadLamp_LowBeam
60ed381a	selGamePhase
60ee816f	WrinkleMaskSet
60ef5986	locstridShopRefillAmmo
60ef5a89	fCarOffsetX
60efe2c7	cinemaScenePivotId
60f459f3	bCanFail
60f82eae	TerrainDirtyLowPorosity
60fd144b	Anchor
60fde2a8	fHeightBase
60fe278f	Targets
610c73de	basicwavereinforcementconfigBasicWaveConfig
610ccbf7	snipershootinglagsettingsSniperInChopperTargetOnFoot
610da334	selGameplayType
610f93f5	RangeMultiplier
61138499	fRuralExtendDist
6116a158	dronebankDronesBank
611b8f0a	bShowWeakpointsOnReload
611f1784	fDustAccumulatorFactor
612385e5	uiMinutes
612c5d2c	missionlistStoryCStartMission
61314dca	locstridArenaAbandonLocId
6134b22b	uiNumSequencesBeforeRainOrFogRepeat
6134f030	selMaterial
61356dfa	bUseAntiDriftHelper
6136a4de	CoopFeedback
61411cdd	fMinTimeBeforeZeroSpeedReaction
614cf6d5	ObjectiveDestroyAnyOverrideSettings
614dd18e	selNpcCountTargetType
615081f5	archDefaultArchetype
6151817f	fBlurRadialFalloff
6156e525	fSteerSafePidP
61593542	tagcategoryRestrictionTagCategory
61599763	fCausticFadeInEnd
615bcfcf	fScreenPercentX
615c4738	bForcesWind
615c4c18	uMassHackBatteryCost
61646413	fSlicingMaxDistance
61650ed8	fNominalMediumSpeed
6167020a	texturedbobjectRCRepair
61673f89	fRandomConnectionEntityCatchUpDelayMin
616cb4ac	locstridStartOp
616d64e7	tagcategoryselectionCriminalsTag
616ebd4d	fFadeinTime
617085cc	AvoidDash
617291ee	locstridEscapePursuersObjectiveLocId
6172d06e	Kick-Up
6177a5b1	nDomino
617aec79	sndswtpShoesSwitch
617c5a5d	PosSysDescriptor
618223ee	sndOnInput
6183b1b8	fPathPreviewRepathThreshold
6187f119	fSurvivalGuideTooltipDelay
618d9db8	UNUSED_2
618df453	ROSParams
61902ef3	fDeathCamAddedRotatationDegAngle
619490b7	uizonesettingsBuildingSetting
6195750d	matScreenMalfunctionMaterial
61968eb9	uiMaxValue
6198eb54	bKeepPitchYawRelativeToRef
619f3130	fSpiderPosSysZOffest
61a1aadf	StaticCollision
61a2e955	RingShape
61abbcaf	matScreenAiInvestigateMaterial
61aea1ec	nDifficultyIndex
61b1d9ac	fSpecificCooldownFactorIfNotSeen
61b56db8	fVehicleVsStaticPartsDamageScale
61b8184e	sndLockBrakesStopSound
61b92493	bUseCrosswalkOrientation2
61b9edf4	CallTheHitmans
61ba1ebb	sAimingBeamMaterialName
61bdb3ff	uisoundOnExitArrestBadge
61c083e1	fShapecastFrontHeightOffset
61c75fc6	bIsTraffic
61cd057c	ExhaustLifetimeControl
61cf60c2	fRuralOnFootDist
61d01272	bUseTimer
61d1d79a	Targeting
61d25c2a	VehicleSelfExplosion
61d3f1a7	fFakeReflectionScalingStrength
61d4a0e7	uWidth
61d6bfaa	sndtpArmingProximitySoundType
61dcd371	uiMaxNodes
61e09fe1	bBarkGroupMemberShotAnswerIgnoreBlind
61e44a67	itemlistDefaultTeamInventoryItemList
61e5fcca	fSwitchAllegianceFOVAngleWeight
61ee6b22	SignalToFlanker
61f27dc2	GunShotInPanic
61f43ed2	fNearHeight
61f5a324	iPiercingResistance
61fa0c9a	fOutOfAreaRadius
61fc6b02	hidSingleObject
61fc82cc	fSlowSpeedKmh
61ff708f	fRollVelocityDamping
61ffe69e	fMinInitialDelay
62019569	MissionConversationGroup
6201b170	sndDPSStageStop
62021480	locstridItemCategoryRewardName
62027620	uicolorpalettesettingsColorRCPostHijack
6207dd7e	uicolorpalettesettingsRemoteControl
620bcd3b	sndHackingLockLeftWheelSoundId
620c449d	OverHeatMaterials
620c4d11	singleclocreationsettingsCloSettings
6211be23	bUseCenterOffset
6213dac1	sSoundId
6216573b	bPlayAnimSitLoop
622235ed	sndTimer
6224c56e	fMinAcc
622bae2c	tagcategoryHighHeelsTagCategory
622f184c	selInitialRotationDir
622fe46d	sndOverheatStartSound
623533af	selEntrypointObject
62371005	RecurrenceSettings
623de936	Decks
623f03e6	fRandomConnectionRandomAlphaMin
6246bf92	sndLockOffSound
62476e83	Acceleration
624b9565	fMaxWaitForOtherDirections
6251cb54	bKillAlignOnInput
6252fdff	State
62593aa6	bTransfertFieldOfView
625abab3	fKamikazePathfindingTimeLimit
625ccd4b	FireStims
62631402	districtDefaultDistrict
6266502e	fVisionLossDelay
626d070e	bFadeInClamp
6271b625	IsTeam
6276348a	bUseSharedIndex
62780b54	selRivalRelationDedSecAffinityChange
627a193d	sNetHackStopRumbleId
627c0938	uisoundOnExitCombatBadge
627caf42	fBreakableDamageMultipier
628294fd	VehicleDeadStims
62872b76	VehicleEject
628afdd1	fOpacity
628d6a4d	RingGlowLightCombatParams
628e3389	videosBinkVideoResource
62970c10	sndOnGenericTagAddedSound
6298587d	fActiveRpmRate
629ad934	BarkReachRift
629da025	ARCloakParameters
629dd01f	bTestCollision
62a3011c	DroneStayStateSettings
62a34081	uicolorpalettesettingsObjectiveFailed
62a6cafe	fHackLineCatchUpDelay
62a9a0aa	fMatchmakingPhaseBountyOnMeForgingEvidenceDuration
62af8575	vectorOrientationOffset
62b44a9f	Ops
62baf82d	curveGlobalLightsIntensity2
62c0e891	LockOn
62c73250	bWindNoiseTextureSpeedInKmPerHourOverride
62ca9a08	fMergingVolumePercentage
62cb7cdb	BulletImpactDefaultPreset
62cc1222	nMinOperativeSlots
62cd4b87	fFlatTyreStayDistance
62d277af	z
62d3a823	fSmashObjectAttackerAnchorRotStiffness
62d6b043	uiBoatMaxAgentBudget
62d729ea	fOutOfControlLandingMaxBackVel
62ddacdc	fMinCooldownToSelectSameCivilian
62dfdd48	sndNarrativeItemAudioFile
62e7266b	fDrunkEffectsBlurCenterSpotSizeMax
62ecac95	fEndRot
62faba0e	fEngageTime
62fbf26d	sndtpSkipSoundType
62fdbe78	fAlertHardBarkFirstWarnAdditionalRandomDelay
63007416	locstridNotificationMessage
63034803	uiCooldownEnterCarMax
63059763	iCrowdSizeMin
6306018c	fStartAngleDiffMax
6307354d	sndswvlPlaybackInVehicle
630a6ee5	AreGameStartRespawnRulesActive
630ae689	HeatLevel3WaveSettings
630cc7e4	WeakpointOnParams
630ccaca	bInteractWithVehicle
630d8787	fAutoDetectPlayerToFollowSearchDistance
630d8f12	iRelevantOp
6315fc0f	fNPCFelonyTriggerProbabilityPercentage
631883e0	bDofEnabled
631d1611	SpotlightAiWorkingParams
632061ad	bShowSecondaryItem
63243e40	Archetype
6328bf3d	fFramingMaxDistance
63335adf	mapicondescObjectiveRescue
633c7ad1	Perk
633e763e	TimeOfAvaibility
634cf1de	BarkSettings
6351621b	fHealthBarDeltaDelayTweenTime
63526ddc	selClassName
63541936	GlanceMaterialsRange
63564a4e	fGameOverTimeBeforeBlackScreen
635d4c9b	TimeData
635e3356	Coeff
635edf80	curveRespawnDelayCurve
635fb7fe	DifficultySettings
636019e8	InitialPredefinedActorDescriptors
636461ef	CoverCornerTurn
6366ad5b	fForceNoiseMaxSpeed
63695838	fTurningRotSlowLagMaxAngularVel
636da6f1	AgentCompositionEntries
63729e80	fCover2FriendsCutoff
637ece1c	LandingShake
6382bd64	BulletToVehicleDamageRule
63831080	vehiclebhvsetupAmbientWanderSetup
638320ee	texturedbobjectChat
6387fd85	HeadSnapAutoAimRule
638afb9f	texturedbobjectIcon
638ce6ef	fImpactStrengthDistanceEndDistance
638d2086	sndtpDroneKilledSoundType
6398a122	bTriggerModifierOnCompletion
639f8a0b	uicolorpalettesettingsLightTheme
63a29beb	SceneIndexBridgeCollection
63a4049b	uiNumSequencesBeforeRepeat
63a43db5	sndswvlWallMaterialSoundSwitchValue
63a63103	bUseTowardsCamera
63aa3c56	curveSteeringAngleDegOverTime
63ad71c6	FillerConversation
63b70748	sndMatchMakingCancelSound
63b716ec	fReverseDelay
63b8f7a5	iMaleRefined
63bbda62	BonesWipeAttack
63befd7b	archHackDefaultHumanArchetype
63c21e55	fNoiseFadeoutEndSpeed
63c23f6e	curveVertexAOMultiply
63c3e464	curvePivotPositionLagCurve
63c7e181	aihackescalationconfigAIHackEscalationConfig
63d164f2	bTriggerCollectibleSave
63d50abb	fHijackZoneMaxHalfLength
63d52cc3	fAckermanFactor
63d5d9eb	fWeaponLength
63db47b2	fThreatTimeout
63dedf0f	NoReturnMarkup
63df4a50	uicolorpalettesettingsColorCheckpointInactive
63e82bc0	SpawningList
63ec03f1	vectorBeamVolumeVelocity
63eda023	fMassHackVehicleRumbleIntensity
63ef2722	FAA
63f0c09c	Scared
63f7b10f	fTriggerOnTimerDelay
63fe1985	selReactionDescription
6406ab67	fWordPerSecond
640c4565	fSpawnedCooldownMax
6411f854	fNewsReminderBarkIntervalMin
6415e4bf	fMapDistance_LowerValue
641919d8	fPlayerCandidateWeight
6427f1f9	AvatarCoverLeftEntry
642926d0	RadiusSettings
64293dee	fTimerPeriod
642b8de3	fGaugeTimeToReachTopHeardGunfireModifier
642fe624	fSniperLagResetTime
6433043f	SeekAttentionNegative
643e9ab3	sndMovingPart
643ea0e9	mapicondescPawnShop
64425cdc	fSearchAreaRadius
6443424c	uiAssignmentWeighting
64454865	FollowYawDeadAngle
6447fe94	shopcomponentsettingsWeaponShop
64495482	dialactorlistAllFemaleDialogActor
644f46e1	curveTargetSpeedMax
64528385	fShapecastHitNormalMaxCosAngle
6454fd50	sndswvlGenderTargetingAlternateSwitchValue
6457a3d4	locstridwarningInactiveTerminalBody
64599af3	matCurbNoParkingMaterial
645a597f	animalconfigRatDefault
645ec272	bIsEnabled
646a338e	locstridX404MainSwitchEntryText
646a389d	ScriptedSearch
64717a05	vectorIdealPosition
647741a9	SpotlightTrafficParams
647a3859	fSteerAngleLowSpeed
647bfc5f	fMaxLength
647d6728	bHearGunFire
647df050	curveDetectionTimeModifierFromDistance
647e09cf	selPlayerPickingStrategy
648148a4	fCatUiEnableDelaySeconds
6481b927	locstridEraseDisplayString
6487332b	ForwardMove
64874562	locstridPage1
648db17b	TropeTypeSettings
6491d2f3	fFollowDistance
6495b958	fConstraintBreachImpulseFactor
6497bd05	WeakpointsIds
6498a3d1	fInputYawSpeed
64998f3e	bWindSpeedNoiseDeltaInKmPerHourOverride
64a0b773	Incidents
64a3faf1	Human
64aacbfb	ReputationLossGetter
64ad52d5	HomingRocketTargetTypes
64b15115	ObjectiveDeliveryOverrideSettings
64b4f694	DestroyedRCToy
64b6e507	bIsLongRange
64b7b807	fDrunkEffectsBlurDrunknessMax
64c0dbbc	VehicleRaceNodeRules
64c39ba9	vec2FirstPersonDroneAnchorPos
64c69e4f	VeryHigh_PlayerSubjectOnly
64ca01e7	sndSoundXPBarLevelUp
64cc2cd1	sndAboutToOverheatStopSound
64d20921	Team
64d615d2	fOppressedMinimumDelayBetweenAnnouncements
64d705fd	DisruptHackDamage
64de9990	CivilianCallSettings
64df1473	locstridwarningRoomFailureBody
64e015a4	DispatchArchetypes
64e48544	SeasonPassTypeName
64e5847d	Arrest_OnGoing
64e6cd5c	matRingGlowArrestMaterial
64ed7674	fCoverPeekBackingDotfacing
64f0c527	fBreak
64f393f8	DigitalSearchStarted
64f769ee	ConstructionDroneSettings
64f98c9c	locstridRCRepair
64feed07	vec2IdealPositionLagCurve
6501ce34	sndMenuPositive
6503fa6e	LaunchHelperCamEffect
650799e3	fMeleeVerticalPathOffset
6511dba3	tagcategoryselectionEthnicityIndianSubContinentTag
65125a88	fMaxAssistRange
6512a27b	StateConfigs
65135cf1	fRandomDeltaTimeWalkieTalkie
6517e508	fHackLineMaxJoltDistance
651f984d	fEmitRateMaxValue
651fc0b8	ChasedSystemicBhv
652a1d26	fLimiterRpmDropDeadZone
652a7621	fTrickBarMinPercentage
6531a5fc	VehicleCollisionHelper
65348242	bUseOverridePerksAndLevels
6534c3c2	sndOnEntrySound
65351713	fDroneCollision
6535fb3e	vec2ReductionCurve
6535ff30	EntityToUseToRevealTarget
653b8d9b	bUseRaycastInSpawnSystem
653f9462	fDownZP
6542dba6	texturedbobjectRobotHijack
65430c86	ExoSuitMalfunction
65431f57	bArrested
6543fea3	VehicleStolenOnlineNotification
654e0de0	pdcfgPhotoTarget
6553b7b8	EnabledRule
6553c0bf	shopcomponentsettingsWeaponLoadoutSettings
6554796f	conversationcameraDefaultConversationCameraSetting
6560364b	selEmissionType
65696bfe	fileReticleSingleShotVehicleBlocked
6569c40c	StopAndGoFollowEntityStealthSettings
656a2d90	demoVmcDemo
656c0514	locstridTooCloseFromTargetWarning
656d7ba0	GenericHard
656f29b2	selID
6573cab8	fMax
65743c2a	curvelibJoystickSpeedCurve
6577e9ca	selLinkedBodyPart
6579a0d1	fRotationTimeMin
6579aadd	fDamping
657ef3dc	Angles
658b60f9	uisoundOnMovement
658bda66	CameraParams
658c336c	sndtpUndeploySoundType
658cdb01	tagcategoryselectionCivilianPropWhitelist
6594d72e	bBarkOrderFlankIgnoreBlind
6595e9ae	PointSelection
6597b749	ChaseInVehicleTarget
659a6501	LtlChoke
659dd09a	fMaxDistanceBetweenPatrolPoints
659e1773	fExposureOverride
65a47043	UnitPreset
65a6731c	iMaxEmittersProcessedPerFrame
65ad2047	sndDroneKilledSound
65b1cae6	sRevealAttendanceLocationHiddenString
65b2626e	fRandomConnectionEntityDurationMin
65b3bcc0	bHard
65b77b8c	vec2CoverPeekOutRepeatTimeout
65be8f0c	curveLookAtChangeSpeed
65bea570	sndChopperStartSquelch
65bf6182	FirstRelicPieceFoundBarkId
65bf93f5	bTestIntuitionOnFootThreatDrivingVehicle
65c4c944	RotateSound
65c5a1bb	texturedbobjectSystemKey
65cc2c4e	WeaponMuzzleBone
65cdf11d	locstridDefaultObjectiveText
65d30254	selFreeroamTargetAction
65d34bb2	EmitterSettings
65d42414	profilerinfofilterProfileFilter
65d520f1	Morale
65d5780e	BaseMeleeDamage
65dcad34	fNetHackTransitionOutDuration
65e0d48f	BareKnuckleParticipation
65e1143d	SPReward
65e6bc8f	locstridFeedbackTooLateLocId
65ec86b2	ObjectSizeSwitch
65ee7f73	fileLightIesAtlas
65efd566	fRechargeThreshold
6600d1c9	sCallTheHitmanSendInfoPostFx
66021358	sndvarObjectPercentVolumeRTPC
66046b0e	fParticlesDuration
66057fba	GrappleDenialChance
660e8753	bIsStrict
660ed65a	MyCarJackingFinished
661c7c34	SpecificData
661ce37d	bCivilianAllowAnyProp
66208400	CharacterBulletImpact
66211559	fImmobilizationTime
66271609	fileReticuleSingleShotFriendlyAR
6629f68d	sBossID
662b00b4	AttractorPersonality
662edb89	curveBulletDamageDistance
66347a62	vectorRegenEffectOffset
6634f638	NonDriving
6639af02	selCoverAimingLeft
663ec8f1	locstridHelperDownloadTitleLocId
6640c231	PlasmaSwitchSettings
664253fb	Dare3BotnetFollowers
6648a285	SunSetTime
6648d069	uiKillWithVehicleNbr
664c7d96	iInVehicleCastHitThreshold
664e32bf	locstridTraitHint
664e49c1	fClimbDownWalkStartDist3M
665347fe	fMinIntensity
6656b366	bPingPong
665a704a	fGaugeMinOffset
665fdcaf	nHumanDescriptionCount
666147d2	vectorMidAngleProjectileDropPosition
66616870	vec2HornPauseTime
6661e670	FloatProperties
66655f00	vec2AssistanceCushionOuterRange
666c0201	Clutch
666ec8bd	bImmuneToGasGrenade
666ecaf5	fConnectionDuration
666efb0c	fInitialDuration
666f5c66	fMinAlt
6671b2d8	fRadiusMultiplier
6677dd5b	locstridIngredientTriggerUnlockVRPuzzleNode
66847908	archetypeconfiglistVehicle_Heavy
6693a951	tropedestroydronesettingsDroneBank
669597e4	IdealSpeedCoef
6695e0dd	psImpact
6699bded	MaxOperativesInAnySilverOpSwaps
669f4730	MaterialMapping
66a1ddb2	selShowcaseValue
66a1ff21	fBlueProbability
66a23600	degangFadeStartAngle
66a9ba2e	fAlertSoftInvestigationIdleTimeout
66b58ddf	ProfilerStringSelection
66b5c2b4	matInactiveMaterial
66b7611f	OPPatternSettings
66bac4a5	uimenupageDigitalTripLoadoutPage
66bf654d	bPoppedParticleUseVelocity
66c2b87b	fFadeInTime
66c4c75e	locstridARGlasses
66c8e084	AmbianceSplitter
66c9c20b	fLeftForearm
66d16e24	PropGroup
66d31789	fPushAwaySpeedOnDetach
66d918b4	AvatarAimingGenericFemale
66d922fa	fFFScale
66ea3089	fMuscleIntensity
66ec8315	fTestParam
66f9c6b2	locstridWipeDronesAttack
66ffeea3	RequiredActorTags
67013944	UnitConfigList
6701b70a	PredefinedFilters
67046cbb	SearchingTransferTypeSettings
67055a44	bAmplifyDamage
6705efa0	MidZoomIn
670f5016	bCheckPlayers
67164d9f	fDroneForceExitDelay
671a374c	fPropagationCooldown
671c7b74	vectorSpeedNoiseXYZminRange
671e1d0c	RankIcon
6721f4ea	fOrientation
67231453	iBotnetCost
6727bc7b	MalwareDefinition
672c7b5f	bMustStartMeleeState
672f131a	pdcfgFreeroamPhotoDetectionRule
673368ee	archetypeconfiglistRaid_03
6739c99e	SpeedConsiderations
673cbe35	bCanBeAppliedToNegative
674283c7	fMaxHeat
67445c9f	selWeaponModel
67484e74	fOffsetY
674a0eff	fAnticipationRadiusInSecurityCam
674bd346	fOversteerMaxRearLongLatSlipRatio
674d9359	mapicondescCivilianNPCDenunciationDetectionIcon
674ee957	bRemapLocalExposure
674f8d4f	fMaxDistanceToLandmarkDetection
6751311b	CoversGroups
67515dca	bEnvironmentSpawningUniformDistribution
67554bb3	fCover2AgentWeight
675a440d	tmplOtherPlayer
675c9bc1	iBarkDistance
675e5e22	bActivateHealth
6764e7b6	fMaximumRotation
6766a439	fRangeFromTargetToValidateReach
6767b735	IncludedTemplates
6767e696	fMaxLockonAngleRad
67685af7	bBlinkIcon
676a96b8	bIsManagedByPgtAffiliationIngredient
676b428b	sndtpTimerCountdownType
6770c4bf	fBodySlipLow
677678fe	fSMSDuration
677e7f86	locstridRewardDataDriveTextAcquiredTitle
677ecade	Frag
6783d424	fVirusLifetime
678b7c8c	fImmobilizedDriveTime
678efce4	RingGlowLightArrestParams
67917803	NoveltyFactTypeGenerator
679982a3	censuscontractdefinitionContractDefinitionForActorArrest
679fb4fd	PersonAttackedVisibilitySettings
67a1d6c4	fMaxAiAimYaw
67a4243a	PingLine
67a42df1	uiStatPointsMastery
67a496e7	fFrontResetDistance
67a7e47a	sSectorFileName
67a82734	sLanguage
67a8323a	curveMoveSpeedCurve
67aa6b0b	fSpeed
67aaa21a	fDefendMaxDistFromDefendVector
67ab0054	fPVPRespawnTime_2Players_FFA
67ac7fba	tagcategoryPropTagCategory
67acedfa	fNetHackWaveInterval
67ae9a7f	RewardVideo
67afab11	sndTurnRadioOffEvent
67b31856	sndtpDestroyByExplosionNoHoodSoundType
67b36715	FadeOut
67b4d198	psStateParticles
67b5b8b9	ReduceSearchRadiusSize
67b92dab	hackingprofileHackingProfile
67b96c3d	fEmitRateSpeedMaxValue
67bce252	fOverrideDetectionGaugeRaiseTime
67c26cac	fMaxSpeedForLookAhead
67c3008e	fAssistanceDistanceThreshold
67cca492	NewDrunkLevelBarkId
67ceb67e	RecoilMovement
67d041fc	fPostHitOscillationFade
67d2d423	SwitchedAllegiance
67d42afb	GunLock
67d5d5be	ThreatLevels
67d63ce0	CryptoGetter
67da25a3	fCallIconPersistenceDuration
67dee768	fAmbianceOcclusionValue
67e19a74	sndTextMedia
67ea641f	curveWindForwardForce
67edb3ff	locstridUppercasePMLocId
67f5cdf2	uiStatPointsSpecialism
67f63baf	MiscBhv
67f836af	fMaxDeformLandSpeed
67fe4857	fStrengthChangeSpeed
67fe8e7c	bShowInReflections
6802ab92	sMiddle
68040659	sndBreachingHackablePauseSoundId
680dd0f4	fAngle
681069b0	DebugManagerStims
6814e9ab	AvatarPreDeathCam
6816806d	hidVersion
681ad670	bHasChanceForEqualBirthplace
68226076	OverrideSpawnCategoryBudget
6828dec9	vector2ConeRadii
682f8774	bUseEngineRpmCapForAxleSpin
6832595c	vec2StrafeRepeatTimeout
68342713	uicolorpalettesettingsTitleColor
683438e8	sndDistanceWarning
6843f4e7	phonecommunicationsettingsProximityLocatedTeamSpeak
68451b2b	EmergencyAlarmActive
68454e2e	Switch
684e2578	fHealthPerSecond
684fd884	sndWheelSlideNpcStart
68536c73	vec2GrenadeRange
68540f80	mapicondescWorldActivityIntrigue
685b57f5	fSwerveOverrideStrengthPlayerDriver
686078de	LastName
6863dd1d	destinationAreaRadius
68666061	fileReticleLauncherNormalAR
68678339	vehiclecombatconfigNoFelony
68690570	fStaminaSprintConsumption
686a7e42	SlowMotion
686d2897	fHackingFeedbackMinDistance
68703328	selAreaCapsuleLightType
687627eb	Lean
6880555b	fMoveRangeMin
68876544	sndSoundStop
688f7a52	Requirements
689013a0	IncidentList
6891733d	uizonesettingsFelonyScanZoneFXSettings
68977326	nethackingconfigPlayerVehicle
689b5b7a	iFemaleLowMobility
689f7a98	tagcategoryselectionInfiltratorTag
68a16efc	fExposureMin
68a55500	vectorMinAngleProjectileDropPosition
68a5bc80	bareknucklefightFightIntrigueMale
68a77aad	RpmThrottleInputRpmModifier
68a8078f	PoliceVehicleHighHeat
68aa6af0	sndWipeChargeStop
68b08fc0	FabricTagValues
68b1583f	sndNotifyHeatLevelDownSound
68b4b753	ExtraFights
68ba470d	EscalatingAttractSoundsAAndTypes
68bc3582	LaserWallData
68bfa467	StatusLightBroadcastFpvParams
68c111e5	UpdateDestination
68c28698	bUseForDynamicCollisions
68c32dae	locstridActivateFlatbedPlatform
68c36137	fLifetime
68c3b704	GraphicKitTagsToArchetypeRulesSet
68ca98a5	fMinDistanceForBackDirectionHackSq
68cc48e4	sndSoundEvent
68cc8319	fClimbDownJogStartDist1M
68cf0ea2	vectorAnchorLocalPositionOffset
68cfadd8	tagcategoryselectionAudioSwitchTag
68d69211	fSoftShadowMinKernelSizeForMoon
68d7529e	playerprogressionnodePerksSingleDefaultProgressionNode
68d86c4c	locstridReputationTitle
68d9e06b	bLoadResourceOnDemand
68da0f4f	fVehicleSoftDampingFactor
68daa8e3	fFallbackVehicleRadius
68dbb01e	SpotlightPlayerOwnedLocalSpotlightParams
68dce15b	fMovementIntervalMin
68de9fbe	actionmap
68e55fd3	locstridNarrative
68e56641	sndOnDisplay
68e68a5e	sndEngineFireSound
68e8e466	SecurityAlarmShutdownTimeMultiplier
68ea0da4	vec2FocusCast
68ef1d4e	sndExitSound
68f02cc5	GuardSearching
68f21274	sndSuspensionSoundMedium
68f4896c	bPersistent
68fa25e3	TargetSelection
68fd64cc	curveSunSpriteIntensity
68ffd4ed	fProfilingPathShapeFillSpeed
6902c4c6	vec2EndScale
6904f99b	fLOSReaquisitionTime
690f5ea0	sndShowScanningSound
690fb076	BarksValidateLKP
6912213f	selProfiledPassivePeople
691394d0	bIsDeliveringObject
6919f987	progressioncollectablecategoryActivityId
691bd197	fUGCMinimapThreshold1
69203cac	PropagationRadius
692293c0	vectorFovSpeedBlurFactor
69238354	fRevengeOpPerOpCooldownDuration
6926084e	objectiveconditionType
69289c3b	fileBackgroundImage
69342741	tagcategoryHackerspaceCLOTagCategory
69379cbd	sndHackingRemoteControlSoundId
6938e472	fMaxDistanceToPlayer
69390b3a	bOverrideColor
693aed8f	locstridIsNemesisLocId
693c0153	matNoSignalMaterial
693d38fb	bStartRace
693e494c	DestructionStageOnGround
69411be8	nMaxOnlineCoopOpLocationHistorySize
69425bf9	fChanceToHave1Relationship
69466c5e	bDetectThreatCop
6946da3e	bExpMultiScatter
6949dfc5	CProgressionModuleAtomsSettings
694bf7f1	OpName
695fc109	bScaleSpeedRatio
6966469c	AvatarThrowAimingLeft
696f3b5a	TargetRCIntuitionRadius
696f4128	selSlot
696fd04c	Geometries
6972e194	bDisableFelony
6974b5cb	fMoveTimeMin
697511cf	flaserBeamStartAngle
69785132	DefaultAnimalTagSpecs
6982f3c7	VisualStereotype
69859dc3	fThrottleRtcpLag
698deb2f	hackingprofileHackingProfileBeforeBreach
6990cd16	selUnitType
69948821	fStartFrame
6995b3ae	vec2FovAccelPows
699b0c29	FinalRatioFollowerCount
699b8620	downloadgameplaydescriptorDownloadGameplaySettings
699b96f8	curveDaytimeCiviliansCurve
69a05809	SpeedNoise
69a71e1c	DroneDockGlobalSettings
69a91c07	scriptedhackareaselHackAreaType
69a92701	bIsPermanentOnStart
69ab4566	SocketUnlockAngle
69b33c58	mapicondescDarkFiber
69b5048a	entMainLookAtTarget
69bcee0a	fMicDistance
69c2f3b7	fConnectionLinkToCivilianWidthScale
69c89b3c	MaleToeBoneToHeel
69caadce	texturedbobjectAudio
69cba381	matRebootPart1
69ce8000	BlendSettings
69d41c5b	fFakeGearShiftDownTransAccelRotLag
69d44cb2	sndtpMisssionCompletedType
69d4a5ec	fObstacleRiskScale
69d82f56	fDistanceFromReticleWeight
69de2d62	bIsRobotWeapon
69ed1f7a	fAssistanceCushionRangeMinimalMultiplier
69ed3d16	CameraShakes
69edfc18	CallTheCops
69f05fa3	locstridFactionsAndConflict
69f7897f	dronestrafesettingsBulletMiss
69f862f4	FollowerDroneTypes
69f89b2b	fCameraOffset
69f9d7a8	fOutOfUsefullRangeEmptyCarOnFootAgent
69fc4478	fBarkCombatGettingSnipedMinimalDistance
69fcbbd2	vec2Location
69fd7277	locstridPackageHealthNotificationTitleLocId
6a04459a	locstridCurrentlyHappening
6a045953	colorShotBeamColor
6a0d28b9	bAgentsTryArrest
6a0d6645	fPresetRotationZ
6a11b6e3	GunLockHackUnlockTime
6a1eecde	MinOperativesBeforeSilverOpSwaps
6a213c5a	sndPageClosed
6a245575	bCoverFreezeInputOnTurn
6a24ee10	RobotConfig
6a250d76	PlayersSpawnEntities
6a25c018	colorDetectorLineFriendlyColor
6a2cdee0	EmergentHoldupInterruption
6a2de4c4	ExpertGoals
6a2e5dce	fMinRearLatlipAtZeroSpeed
6a2ea624	fDelayFailAfterWipe
6a32a11e	sndFocus
6a40a891	uiCameraLightSlot
6a46bb64	fYawMin
6a46c13a	fDetectorMaskTextureScale
6a46fbf4	fDisplacementMaxRelativeVel
6a483aad	iOffRoadHeatAddAmount
6a4899c7	uisoundOnExitHackEscalationBadge
6a493c21	bTransfertAcceleration
6a4f7595	Fabric
6a55f768	MeleeAnimationSpeed
6a5bf4b9	matShutdown
6a5da8e3	Filler
6a5e3e99	IconTexture
6a640920	ObjectSpeedSwitch
6a653e5e	sFX
6a673a2d	fDefaultStressMaxSpeed
6a68e7dc	fTalkingReactionProbability
6a6d1a95	fMaxProgress
6a6ebebf	FootRollLimit
6a744acf	sndtpMissionFailedType
6a782a02	DynamicCollision
6a7b97eb	ExplosionCenter
6a7bdd41	CivilianExclusionTags
6a85d7a2	fBlackoutMoonLightingFactor
6a88d3e2	bHelicopter
6a89406d	ConstraintAny
6a8b2b66	bIsChangingSoundOcclusion
6a8d9090	fLow
6a909358	iNumberOfEntitiesToValidate
6a928227	sInquireFactStrId
6a94bfda	fileReticleAutomaticNormalAR
6a99a481	CapturingNewsWithSpotlight
6a9adc7e	sndvarBallVelocity
6aa32a5d	fileMinimapPathTexture
6aab8b88	fBarkSeekingCoverRadius
6aacf166	fSunVisibilityTestRadius
6ab090c9	fSequenceInputMaxDelay
6ab0edb3	fGoldTime
6ac4fbe1	NarrativeHooks
6ac86bf4	CameraContext180Reverse
6acf0d00	nDefaultMax
6ad18c8a	fCamberAngle
6ad6d0aa	bSmallSet
6ad87bc4	angvecRotOffset
6ae3719c	locstridManuallyPausedDisplayString
6ae3f3d5	Behaviour
6ae4e75d	fScreenStartupDelay
6ae6ac11	fGameOverTimeBeforeRespawn
6aeaa329	fBarkTauntMinimumAllies
6aef4031	bLoadOnInteract
6af2aee8	fDampnessAmount
6af3b02a	curveRpmStartup
6af405c3	fMaxDistBetweenPlayerAndHackableToDisarm
6af79ab7	PrimaryIconTexture
6afa206b	colorHudDotClosedColor
6afaee0c	fWindEndIntensity
6afe529f	fFollowDelayR
6afef8ca	Index2
6aff255f	fApproachKeepZOffsetProb
6affe120	bCanSupress
6b04719e	iRandomSequenceItemCount
6b04c97c	MinWantedLevel
6b087488	uiSimultaneousCallers
6b0ce695	fGaugeTimeToReachTopPlayerBlackoutBackupModifier
6b1592fe	SceneTemplateID
6b2161f5	singleclocreationsettingslistList
6b2384ad	locstridGetBackInVehicleLocId
6b292f00	fHoldingDurationBeforeValidation
6b328d16	fWarningDistanceThreshold
6b34de49	FlashbangRadius
6b3db4e5	BulletMissLethal
6b3e3d09	fTakedownMaxDistanceNormal
6b3e6e34	fShootDuration
6b427a9b	fWindStartItensity
6b4895e2	mapicondescNorthSymbolMinimapKorean
6b49d1c9	NearbyOps
6b4e7169	fEntryMargin
6b50a150	fLockOnRangeMin
6b57c342	selHighwaySize
6b595b34	fTimeBeforeFiring
6b5a5c11	BriefingUpdateOnNPCRefusal
6b5fa58a	archShotBeamArchetype
6b60a2df	fAIDamageScaleFactorWhenHitByTraffic
6b622563	uisoundOnEnterAlertBadge
6b681980	fLargeCheckpointSizeThreshold
6b682fc7	iMaxPlayers
6b685c3c	NameGenerationSetting
6b6897a7	ClimbUp_To_JumpOver
6b6e4a44	locstridBuyAppText
6b79b907	clrAirColor
6b7e1c2e	bShowNotificationWhenLeaving
6b7e6037	bShouldPropagateDedSecAffinityChange
6b843f33	fSpikeOffsetY
6b8d2064	fileHighSpeedNoiseAnimation
6b8dd519	vectorBoxSize
6b8eb83b	tagcategoryselectionblackboardPreferedLocationsFor1Players
6b9041fb	locstridPlaylistName
6b93f041	fMaxDistToPlayer
6b94280e	fWarningLightRotationSpeed
6b94bb7d	HighIntensity
6b95749a	sndRandomizeSetup
6ba0d9a2	fHidingSpotCombatSpeed
6ba763a8	RingGlowLightFriendlyParams
6baa7452	JointParams
6bac1fc7	fEnemyVehicle
6baebba5	selCover
6bb5c11e	RCWheeledDroneFirst
6bb84d97	locstridUserArrestedMessage
6bb9a3c9	Doing_Dip
6bbb9e69	Info
6bbf10c9	sndvarWheelSlipSoundRtpc
6bc07341	peopleinfoNormal
6bc4255e	uitweensettingTweenSetting
6bc47ed3	selAttachedBone
6bcb0211	locstridRandomizeSetupLocId
6bcc6335	fCivilianSelectionProbabilityFailedMaxCooldown
6bd13711	fWeatherMasterIdTransitionTime
6bd475e8	hidType
6bd9a8ce	selShaderFilterType
6be38d0c	fCylindricProjectionOffset
6beb3b92	fEthnicityEastAsianExposureOffset
6bee0110	locstridNoScheduleDescription_WithRelation_NonOperative_NoStatus
6bf1cdc2	bRestrictToRobot
6bf3473f	fWindGustInterval
6bf8f9fd	animalconfigSeaLionGroupDefault
6bfbc122	PlayerTargetFactors
6bff1e39	singleclocreationsettingsSingleHumanAttract
6c01ac5b	IncludeFilters
6c01c512	Pattern
6c033b97	fFreeroamObjectiveRange
6c07b4eb	DataObjective
6c0904be	bIgnoreIfSameEmitter
6c09a6d9	wolfskinitemdbWolfskinItem
6c18be8a	websearcharchetypedescWebSearchArchetypeDefault
6c1d3960	sndPingWaveStartSound
6c21bb29	localPlayerAnimParams
6c246cfd	Geometry
6c2540c4	BossData
6c28fbd0	archScanWave
6c337256	ShutDownMediaBroadcast
6c342dc5	fSmashObjectAttackerAnchorPosStiffness
6c3522cf	sndTrickChainSound
6c39fefa	iNumberBulletPerBurstMax
6c3b4ae9	iMaxCharactersPerLine
6c3f7df5	sndDefaultSearchStoppedSound
6c41cb93	uisoundPremiumShopHoldStoppedSound
6c4b14b7	fTotalInjuriesInsane
6c4c7e0d	sndPassby
6c538314	fXPositionRatio
6c581844	fTakeDownWinRate
6c584291	locstridNewPodActiveLogId
6c59bee3	fCover2AssaultPointDistWeight
6c5a2d0f	uimenupageDificultyMenuPage
6c5cc57b	bAffectsHeat
6c5f7de0	robotconfiglistRobotConfigList
6c6044f3	fLookAroundTimeMin
6c60f707	EntityMapIconConfig
6c6245e2	EvaluatorSettings
6c646f04	TagRegionHidingBindingArray
6c655dc9	vectorCenterOfMassOffset
6c671477	OverHeatParams
6c748c6e	gpctxspecNormal
6c75bbaf	HealthRegenPerSecond
6c789b8c	sndSoundStartEvent
6c79a932	fApproachDistanceMax
6c7cdcb7	DownloadTransferTypeSettings
6c7ebc8e	fSpeedLimitForceCrash
6c7f72a9	curveMaximumDuplicatesCycle
6c800acf	locstridReachTheVehicleLocId
6c81b7e5	sndTakePicture
6c8642cb	curveAssistDurationLockOn
6c8a638a	fOtherPlayersWeight
6c978ff3	sndMassHackVehicleSoundId
6c9eb1e3	yinteractgameplaydescriptorYInteract
6c9f243d	LockingEntityList
6ca0917e	rewardintervalamountlistsRewardIntervalAmountList
6ca3dc9b	Eagle
6ca7f065	SideLightRebootParams
6cab7872	fExposure
6cae9b97	DataOwnerSpawnSettings
6cb0e02e	droneconfigMedicalDefault
6cb27c41	bSavable
6cb42e6c	fMaxPlayerSpeed
6cb5f490	vec2SwitchDelayMinMax
6cb90e98	BarkParams
6cc16006	curveArtisticBrunetonSkySunLobeIntensity
6cc4d54f	RCCraneTopView
6cc5b44d	bOverrideDetectionGauge
6ccd579b	archOperativeArchetype
6cce45c6	TagCategorySelectionArray
6ccf0690	bLockGalleryApp
6ccf4d3a	sndtpHackingIngredientArmSoundType
6cd11970	VehicleNormalPassenger
6cd38f45	bCanLimit2DSounds
6cd51c1d	WaterTrafficSpeed
6cd7b11f	operativeclasswithemptyOverrideClass
6cd9a14d	AvatarPassengerShooting
6cdc3671	selEthnicity
6ce2ecea	Borough
6ce33c74	camerasensorconfigPhotoboothSensorConfig
6cee9ae7	Affiliation
6cef3570	bareknucklefightFightIntrigueFemale
6cf1ad16	iPercentageOfFunnyCloActivation
6cf700b6	fWipeDroneWipeChargeDuration
6cf96400	sndAcquireRewardSFX
6cf9c0bb	fMinDistanceToCrossroad
6cfaf5df	drvstylecfgReach
6cfe16e5	Average
6cfe60f9	sndswvlRegionSwitchValue
6d064cb1	Flirt
6d0c2cc8	tagcategoryselectionFormerPoliceTag
6d0d4484	bRainFogCone
6d0dfab6	VehicleConfigList
6d10e48f	BoneParent
6d12095b	fResistanceFactorAtMinRPM
6d14faa0	censuscontractdefinitionRequiredContract
6d1967c2	progressionelementElementId
6d1a79fd	fEnginePowerBoostFactor
6d2277b4	nTakingFireEventCount
6d24ec68	fBorderSizeY
6d258f0c	fMaximumWaitTime
6d26455c	fGunFightDenunciatorProbability
6d27866e	IncidentEntities
6d29cb4c	RaidRepairConfigSelector
6d33b388	fBreakColVelocityMaxRangeValue
6d33f580	sRewardIconRandomEventMissionDrivingJob
6d34e682	curveYawAccumulativeFactor
6d389b51	fPositioningSpeed
6d39d1ba	uisoundTerminalUpdatedSound
6d39f7f6	bAllowCapabilityToSkipValidateLKP
6d4b35a4	locstridUnscheduledKnownAssociate_NoTitle_NormalStatus
6d5dd14e	bNoCivilianVictim
6d5fd463	locstridPackageHealthNotificationSubTextLocId
6d60362e	AvatarNormalSprint
6d636c8e	DroneDescriptionDescriptors
6d70128c	bUseAsAnchorForGoto
6d7913fd	fDogTakeDownMinDistance
6d7918c1	uimenupageTutorialsCategoriesPage
6d7d7989	fBarkValidateLKPRadius
6d877281	BoneAttachment
6d87925e	Intuition
6d887b74	StimsReactionDartsHighValue
6d923531	curveDamageMultiplier
6d96a5d4	CompletedAction
6d97690d	Resources
6d993aa7	AmplifiedCrash
6d9bad86	fObjectiveHighlightAreaXMax
6d9f470a	curveThrowSpeedByAngle
6da3f453	curveBulletDamageDecay
6da8d532	bIsOPSpecific
6da9a2de	fMaxShootPitchMax
6db1aaa5	Archetypes
6db2a225	bCanSpawnCloseToCamera
6db48e83	texturedbobjectIngredientTriggerSecurity
6db56e37	bIsBinkInGameOnly
6db591f3	fYawDamping
6db71cc4	fDelayBetweenShots
6dbfc299	uiMinPointsPerStat
6dc031bb	selOnlineActivityType
6dcf87b5	bAllowLethalNeutralize
6dcfd5ba	fTargetingPulseRotationMultiplierFadeSpeed
6dd09d90	texturedbobjectSmallImage
6dd51bc1	sndtpHackingDroneMalfunctionSoundType
6ddad2f5	fTargetHudIntensityMax
6ddae928	sndtpHackingTBoneBackWeaponSoundType
6ddb99ba	tickertapecurveSize
6de2ee61	Mix
6de36cba	bAllowedToHaveEmptyTagBlackboards
6de755f2	bParticlesProjectedTexture
6df43885	fReticleAimBounceFeedbackScale
6df55a52	Pacify
6df7efbf	fImpactMagnitudeRangeMin
6e033470	selInteractionMode
6e0ef3c1	fRandomConnectionEntityCatchUpSpeedMax
6e0f58dd	plasmalookatLookatSettings
6e118f73	DroneRiding
6e134c89	fCameraDefaultPitchInclineRatio
6e217208	vec2TimeShiftTransitionSCurve
6e22c7dc	sndPreShootSound
6e2a2fc4	BaseDamage
6e2cc6e6	TreeDefault
6e357afd	LookAtStep
6e399da9	RainStop
6e406132	sndvarLastGunShotOrExplosionTimeRTPC
6e412e3f	PlayerBindBoneId
6e41e5c6	sndEngineIgnitionNPC
6e431d40	fShotDelayMax
6e43843f	fSteadyPushingHighDecPercMultiplier
6e468455	sLargeIconLinkageName
6e494c52	camerasensorconfigSensorConfig
6e4db2da	bBakedDirectLighting
6e53a6a2	EMPRadius
6e58d7b9	PerksList
6e5fcb3a	TransitionToNextRoundValidation
6e5ff1bf	sLockCinemaPostFx
6e63fdf6	FOVDown
6e64ea56	locstridRecruitAvailableHeader
6e6b8790	curveStrengthOverTime
6e6bb95b	BackgroundIcon
6e6c9d90	sndtpHackingTBoneLeftWeaponSoundType
6e6fc5ea	bCanUseTurretMode
6e7119fd	characterdeckCharacterDeckOverride
6e7a0019	fPostInjuryCameraSecondsTimeout
6e7e0702	dialactorlistFemaleDialogActor
6e838103	RestartIntroCinematics
6e86c365	PublicEventOps
6e8769fd	vectorMidAngleProjectileThrowPosition
6e8be2b2	uiGestureMinGapFrames
6e9b1521	fAnimatedCameraBlendOutTime
6e9b993d	fRollTime
6e9be51e	dgscenetemplateTakePhotoSceneTemplate
6e9dfdc5	Stimulus
6e9f8b5d	OnFail
6e9fa2d0	Weapon
6ea1bcfa	fBrakeGain
6ea3c753	LightingSettings
6ea51d83	fNoiseAmplitudeAtMinRpm
6ea5dfdc	uimenupageRaceEndMenuPage
6ea9294f	psExplosionFx
6ea9abdd	bAllowNonLethalNeutralize
6eb0a2e1	droneconfigRaidWipeDefault
6eb11a56	EngagementAverageTotalSampleTime
6eb16acc	ActorScheduleFillIn
6ebf3359	uimenupageClothingSubCategoriesPage
6ec2a253	fTimeShiftRatio
6ec43efa	vectorLaunchHelperShakePRYminRange
6ec8ef32	selMissionType
6ec9f326	uisoundOnEnterDetectionBadge
6eca2c59	bIncludeAnimals
6ecdd8b1	bIsPlatformWindowsOnly
6ece113d	Emotes
6ecf6b3d	fileGroundMaterialName
6ed0bec8	fTargetChangeHysteresis
6ed27965	fMinTransmissionRatioModifier
6ed27b56	texturedbobjectRaidMainImage
6ed4cce2	sLeftStick
6ee1ddc2	vehicleaxleAxle
6ee22a91	fASRStopRtpcValue
6eebea01	OverHeatParam
6eee9f6b	sMaterialName
6eeed90a	Spawning
6ef11ba6	mapicondescHumanContactScheduleMapIconDescription
6ef19c5f	matBroadcastMaterial
6ef5a1ed	DroneDescriptionID
6ef63477	fStartDelay
6efbb928	bUseOnlineNotifications
6f012862	sndHackCanceledSound
6f0763c6	ScoutXFriends
6f092c08	DroneSpawnWeights
6f0add04	FootRadius
6f0eed19	MinRange
6f0f373f	bUseItemList
6f14cf93	propPropDbName
6f1843f4	OnPuzzleResetSound
6f1a178d	Swerve
6f1b5f34	bIsAiDelivering
6f215463	sPlayerAsAFixerBarkId
6f2407d0	entMissionAreaEntity
6f246ed6	dexeventVirus
6f27382b	uisoundBackSound
6f287d8e	templates
6f2ae2a0	tagcategoryselectionGoldOpSwapTag
6f2c92b4	bShouldShowGPSPath
6f2d0d9e	bIsIndirectMemory
6f2f8a00	bUseFelonyVolume
6f2fb575	bStartAntennaBroadcasting
6f334e7d	DiscoveryTeamSpeak
6f43e233	vec3OffsetPos
6f43fa21	iMaximumConcurrentlySpawnedGlobally
6f44e763	sRightStickX
6f4899c8	DamageModifier
6f4ff006	NoAssociate_HasDistrict_AllDay
6f54e7e3	fForceFullBodyOnHeadShotsFactorConcussion
6f561c8f	fDamageTakenEasy
6f587647	fileNetHackReticle
6f596a66	sndSelectOperative
6f5a4fbb	fileCameraNoiseTexturePath
6f5bc5b8	uicolorpalettesettingsGlassTheme
6f5be5e1	RCHijacked
6f5c0a2f	sndWolves
6f5f7b3f	bStopLoopOnPlayerProximity
6f60d88d	CTDroneIsUnlocked
6f613155	fDirectionNearbyDistance
6f62d031	sProgressionActionName
6f6b2609	ShopParamsPant
6f75b9f2	fABSSlipThreshold
6f78bbdf	vec2ShooterMinDotToDuck
6f7915c9	VehicleMassNormalize
6f7eda26	fMaxHeatIncreaseRate
6f802b62	selWalkType
6f81568a	fileOutroNoTradeMove
6f82301e	fAutoTakedownArmingRange
6f84a44e	SeekAttentionEmote
6f882f27	CLOs
6f88da47	ShockDamageCameraShake
6f894e2c	fNightExposureValue
6f984146	Follow
6f9a1458	SeekAttention
6f9a1591	fDistanceBeforeProfilingVehicleOccupant
6f9a952c	TypeAvoidancePriority
6f9cd247	nMaximumNumberOfCircles
6f9f605a	OnAttackedFelonyLevel
6fa1ae48	dronechasesettingsChaseDroneSettings
6fad067b	archStartingCoin
6faeecc9	BarkValidateLKPWarning
6fb4cba6	bGaugeIsEnabledInHunt
6fc46aff	fLastDamageThreatTime
6fc7dd55	OpenCloseHour
6fcda0ba	SetBonus
6fcf5126	BlendShapeName
6fcf82bc	bStartingAnimations
6fd3f46a	AlertHardBehaviours
6fd7795d	GPSServiceSettings
6fd82dae	sndtpHangingVelocitySoundTypes
6fdad64f	selPlayerWeaponModel
6fdd0d89	locstridDefaultStateLocId
6fe28a9e	PokerGameDefault
6fe3785f	censusactormemorydefinitionNegativeOperativeRetirementMemory
6fe58e6f	fClampingThreshold
6fe7ae28	fPingRadarAngle
6fe996a0	bDownloadStartTriggersVehicleTargetFlee
6feabffa	selStickerBlendType
6febdea8	fDropVerticalAcceleration
6feed64a	DriverTypeDamageScales
6feefd5e	selHumanTargetAffiliation
6ff5a9df	locstridDroneSwitchAllegiance
6ff826c1	sndvarVehicleSpeedLocalSoundRtpcVariable
6ff9a18d	selVehicleType
6ffa2d66	RaceSettings
6ffde05b	CProgressionModuleElementsSettings
6fffc46e	bCanTargetDrones
700481da	vectorAngularVelocityBiasMin
7009dffd	sndHackingRobotRebootSoundId
700d57de	fAddModifierProbability
701089b5	bAllowReactionToBulletWhiz
7013fc0a	bEnemiesTargetedBySpiderTurret
7015cbd6	AiDamageReceiver
701dc590	fUpperBack
70281ea0	vec2FollowLagSpeedCoef
70314475	SubtitleSettings
7031f7c2	bUseNewSuspensionProjection
7035d7d9	fMasterOverrideTransitionTime
70386acd	videosAlternateGlitchBinkVideoFile
703d0278	LastKnownPosition
703e7c5d	fConvoySpawningMinDist
703f0645	bUseTyreStiffnessLoadDependency
703f56ae	VeryGood
7040be30	fSwayMaxTime
70450d3a	fAvailabilityBlockAfterExclusiveMissionMax
7045c286	fAlertHardMultipleDeadBodiesBarkAdditionalRandomDelay
7048a18d	fEmissionDelayWindScale
704c637d	bRunInForeground
704d5429	fCollDamageFromDynamicPerKgMs
704f1012	vector2VerticalRange
704fc186	fHeadingTowardsScore
70596ded	fNoiseFrequencyMinRpm
705b56fa	fWaterSpeedLimitFast
705cb62b	fMinAngleChangeForNextSway
705f08ba	fileMoveStateId
7060ae9c	HorrificDeath
7061135d	fDrunkLevelLimitUpper
70646601	CollisionStumbleReaction
7065ce8d	locstridBattery
7066b9a0	InnerZone
706c277a	fHackLineHackFadeSpeed
706da87f	fScoreUnspawnDelay
706f9bb2	ETOCurrency3DMediumQuantity
7072a7b8	fMaxClutchTorque
7073b1ed	fDelayBetweenChecks
70779be8	LocationComplexitySelectionBlackboardDescriptor
7077ee8a	DamageMultiplier
707927be	locstridTitleText
707a033a	conversationsettingTestConversation
707bb6cf	selMaskType
707e344b	AngleDecals
707f7c3f	bBountyHunterTeleportForceVehicle
7080300d	fVehicleSpawningMaxDist
7084005f	fPlayerUIRotation
70852153	AngleModifierConfig
708b230e	fHitUVShiftStrength
708cc5d5	IconNames
7096ad77	BriefingUpdateOnReveal
7096dccb	fExposureBias
709aaf07	fBarkTargetKilledAnswerRadius
709c3a7a	bSwitchTargetOnChoosingRocketLaunchers
709d4d28	fLadder6mEnterHeightLowSpeed
709e37ee	CivilianDenunciationDetectionFireUiBlobTexture
709f4786	UncommonNPC
709fc7fa	fRotorIdleFactorAiMult
709fd004	fMinTimeOfDayFadeIntensity
70a1ea5f	Version
70a24ee1	uizonesettingsFocusedBoroughBordersZoomSetting
70a2a970	SeeARCloakDeactivate
70a394da	archTrailArchetype
70a5ffb6	bOverrideDedSecAffinity
70b1606a	sndtpSteeringLoopStartSoundType
70b371d0	OperativeTeams
70b55342	locstridSecurityCameraHijack
70ba0ff5	FakeTopGear
70bb1ff4	fMinProgressToShow
70be83f2	fBulletBurstDurationShooting
70c03a4c	fVariationLifetimeMax
70c347a0	bCanTargetPlayers
70c719ed	fNearCascadeDensity
70c9f5ab	locstridDroneDockSpawnScanner
70cb1a68	AvatarAimingLeftLowMobilityMale
70d00e3d	iPositiveRelationDedSecAffinityChange
70d24212	locstridIsRemoteContactLocId
70d343f5	fSupressDistance
70d90210	sPrisonerHelpBarkTriggerName
70de7565	sndOppressedPreAnnouvementSound
70e04869	bRevealByProximity
70e0ca31	sndtpStateStopSoundType
70e2b767	fWebSearchWheelSpeed
70e2cd3e	OffScreen
70e48e9f	InGameMapInterior
70e7c3d1	fileAnimationPath
70ef867b	ForbiddenTags
710e3530	fFireRate
71105fd5	fOnFootCombatDetectionZoneRadius
71115d29	nethackingconfigLockedObject
7113024b	uiSoundXPHighThreshold
7114a8fe	fGrenadier
711633ac	bSendBulletWhizStim
7119d004	uimenupageRaidVictoryScreenPage
711e009b	bGeneratesStimsOnActivate
711f8e8a	PartsPairing
71216c30	DefaultDuration
7127d3fb	fComfortZoneMaxRadius
7129a586	sndNotifyScanEscapeSound
7129db1e	fDamageFromCandidateWeight
712aa867	sndOverheatStopSound
712c4155	fCameraJumpDelayForSpike
712c5004	Conversations
712ca4c5	fBehindResetDistance
712cf03d	iPlayerPriority
712d5792	uimenupageARMultiplayerProfilePageLocalPlayer
7132a071	bEnableDebug
7135a217	fDistanceHysteresisForLateralCoverSelection
7137d381	fNeck
713ef389	fWetnessAccumulationDurationMax
7140b73d	MatchingPlayerCounts
7143ae58	sndstgrGroup
71458da2	fTendrilUScrolling
7145c137	fRelativeSpeedThreshold
714efbb0	AttackValues
71516614	ScreenOffScreenGlowParams
7151a83a	globalcooldownsconfigDefaultGlobalCooldownConfg
71528926	bBarkTargetKilledAnswerUseConeOfVision
7153934c	texturedbobjectDroneDropCargo
7153d347	unitconfigBlockerNPC
71545bfa	bAllowInNetSurfing
715a5a4c	possysdescriptorDescriptorType
71607a7e	fTyreFriction
7164cd44	PetDisturbed
71679931	TagDialogActorPairs
7169905b	sndtpEngineFireNoHoodSoundType
717d9b6e	VehicleDisabledBroken
717f288c	sndtpHackingProxySoundType
71840cc0	StatusLightPlayerTeammateParams
718699b8	selFireMode
7186a654	sndvarLiberatedBoroughsCountRTPC
718c6759	fMaximumPuddleEndAmount
718cf72c	texturedbobjectNarrative
718db641	sndChopperStopSquelch
719198a9	fNeatTargetStrategyCooldown
71931267	fRocketMaxDuration
71936004	sGoodReputationReactionbark
71938f13	fRainIntensityForRippleMaxIntensity
719936f4	bossconfigBossConfig
71a1155d	GaugeConfig
71a2b8cf	fMaxDroneDefense
71a5c758	matSidewalkCornerMaterial
71a89a33	SwitchTarget
71ac628d	locstridRCWarningTitle
71afc567	nBotNetsToGiveOnReach
71b98c57	itemsVehicle
71bbea4d	fLockPickTimerAfterBeingSee
71bc8351	bIgnoreRestrictionZone
71be4f63	fMaxRotationAngle
71c2c0d9	tagcategoryselectionYoungTag
71c8840a	uniqueidnocopyUniqueID
71caf5a0	bIsEnabledImmediateRechargeOnDamagePerTimeLapse
71cb26b1	tagDeliveryLocationTag
71cc37e6	ExcludeFilter
71d13aa8	fRightThigh
71d601b5	OnLeaderQuitPanic
71db678b	sndDenunciatorStart
71dc1686	uimenupageARSettingsPage
71e05f40	vectorFulcrumProbe
71e45c6f	Bang
71e8dc08	vectorPositionOffset2
71ebdd43	fUnspawningRadius
71f6a37d	bareknucklecrowdsoundconfigCrowdSound
71f786a3	fNoiseScale
71f91953	bUseForVehicleCollisions
71fc7639	fGITempDemoHackSkyDesaturation
7200fe2c	selIntensityControl
72070242	flifeTimeMinValue
7207ec9e	fMinDistToGoToSecondPlayer
720ba8f9	Aftermath
720d9e53	BlackoutStart_Night
72144339	fBaseCenterOfMassZOffset
72155dd5	fHoverAccel
721b011d	CrosswalkParams
721bd321	bUseDriftHelper
7225ce04	fPuddleEndDryingDuration
7225e3a4	CivilianPanic
722892dd	OutroLoseMadCinematic
722aaf3f	curveFrictionScaleVsLoadLateral
722e4856	VehicleAdapterDefinition
722ee32a	FootHeightBlendingBegins
722eea75	curveRandRicochetAngleCurve
72348d4a	fRainFadeOutDistance
7234adb0	vectorParticleSystemRelativeLocation
72357e35	bUseHornToggle
7236381b	LoopingVideoProperties
723649c9	SubCategory
72406f72	DisorientedTime
72442709	locstridLobbySubtitle
72448895	fFoamDepthPower
724638e6	iMinAwakeCloseCLOUpdateCountPerFrame
7246e766	Profiles
72470d14	fAirNearSafeFalloff
724792c5	MaxRegionsPerLayer
7247afe1	DirtEffect
724976d0	Void
724af678	bFallbackToOnfootSpawning
7250022b	AvatarCoverPeekRight
72552223	MeleePowerLevel
725733f8	entNpcRacePath
7257a1aa	RightForeArm
725fa956	DurationMax
72613aaf	fPlayerHeadOnCollisionMinSpeed
7261cb95	fFrequencyOne
7262d9d5	CapturingNews
7263c75e	uimenutypeidMenu
7263dbf8	VehiclePartNames
7268d7c1	AvatarDeathCam
726aec2a	Attract
726d34f1	fFollowRearAngle
7274a34d	fWindGustMinWindSpeed
7277ed14	VeryGoodItem
7279576a	fDelayBeforeSendingDominoEvent
7281bc55	fHeavyVehicleDamageMultiplier
72887e23	angvecPRYRange
7289142f	fLerpDonutOuterRadius
728c0e45	fFromShoreWaterSpeed
728eea58	fResistanceFactorAtOptRPM
729e7f94	bUseInitialSpawnDelay
72a1dc45	GetCaptainTrapDamageStunDuration
72a29bc3	fRudderArea
72a2a0fe	PerksEffects
72a45d8c	BlendInTimeMultiplier
72a5ef51	locstridSmallContentText
72aeebd4	fSizeX
72b2138e	fDistanceScale
72b3fa10	HitMaterialsRange
72c28706	fileMapPathRaceTexture
72c2983d	uInvalidSequenceFrame
72c2cdbc	sndHackingDroneHijackSoundId
72c3590d	Yoga_DownDog
72cb92fc	selVehicleState
72cd3b2f	fWaterOffset
72d685f8	fReturnToStandbyTimeMin
72d6ff18	mapicondescMicroDroneLockIcon
72d78bb6	sndJumpLaunch
72dc5abf	iMaxTimeToLive
72dceca6	fWeightPercentAtHistoryBottom
72e585a3	Vehicle_BackLeft
72e9583f	bAmbientGroundIntensityOverride
72ec7b1f	AnimatedCameraTrackCollectionResource
72ed1ea9	fCameraMovementStickMinimumThreshold
72ed5dd4	fSoftShadowMaxKernelSizeForSun
72ef84a3	fHealthPerSegment
72f2a27c	OnPingedSounds
72f3b899	uiProbabilityMax
72fb8f51	fProximityTooCloseIncidentMaxDistanceZ
72fb909a	fMmaxVisibleRange
72fff8ed	HeatLockTime
73046d44	sndswtpGearSwitch
730b5481	DroneDetectionStateSettings
730d0113	facialposedefinitionExtraFacialPoseDefinition
7314e35a	fStopWhenWarningTimerExpired
731c914d	texturedbobjectStateAlertSoft
732599d2	Propaganda
73280cde	itemsItem
73290706	fAnticipationRadiusOnFoot
7329ca74	selTakedown
732db790	bStreetCar
732fd51e	vectorCameraOrientationOffset
73325344	sndtpStartOpSelectedSoundType
73367069	bLayeredResponse
733d212e	locstridWorldMapIconLabel
733e2ff7	Single_Strike
73402e86	bClampOnMainMap
73419271	selSpecificActor
7346f424	sndtpHackingSuccessSoundType
7347114f	selRobotType
73486b0b	selTransferType
734b24f4	SpotlightDeactivationTakedownParams
734b47c2	fLandingReactionStimRadius
734e1414	OffsetToCamera
7351a87f	sGuardsOutCallID
735962f7	locstridEventFailedTooFarLocId
735b91d5	fDodgeBoxBaseBikeScale
73642e5e	ModelPart
73651bbd	kfgradSkyDomeColorSunSide
7366932d	fParticlesStartDelay
7367bf77	fTurnBackDistFromPlayer
7368d237	psEngineFireFx
736d2531	bDisableInteractionAtStart
73728e1c	fFrontAxleGripModifierForBurnoutSpin
7373d042	fVehicleSpawningMinDist
737ac5fc	fDodgeBoxCopsBaseScale
737c0961	discoverysettingsTalkersDiscoverySettings
737dad75	fCoverSnapInResnapMinTime
7382bb40	locstridTooFarWarningLocId
738a6ca1	bForceDetachAfterSpawn
73917191	fMaxTimeForEnemyTag
73933a2c	texturedbobjectIngredientArm
7396f082	vectorCameraOffset
7398d5ad	bUseFilmGrain
739d7e39	propPropDBKey
739dc756	archLeftRightSpeedBasedDiffCurve
739fb386	Descriptors
73a090e2	pgnpctypeRange
73a2c21c	bX
73a36962	fOverrideProbability
73a4daef	iSpawnNbTicket
73a5e3f1	bCanDetach
73a641bd	Projectile
73aaddfa	fMinDistanceForScale
73b09423	uicolorpalettesettingsAlertHard
73b35e7f	fSwayMinTime
73b79091	sndScanLevelStopSound
73c6ac26	entSoundEntity
73c8bb96	vectorCameraOBBSize
73c95f67	fRainSkewFactor
73ccae82	tagcategoryselectionTagCategorySelection
73cd9c12	fConvoySpawningMaxDist
73cec34a	selMaterialOverridesId
73cf5076	RevengeOps
73d022ac	fDetectorLineThickness
73d50c14	tagcategoryselectionTypeSceneBasedTag
73d84422	RTPCList
73da9e51	censusactormemorydefinitionMemoryToApplyOnCrowdLose
73daba0f	AvailabilityRule
73dd0fee	AngleSettings
73ddff58	fTurningSmallRotLag
73de52cd	selCarPickingStrategy
73e67e37	fExplosionPushForce
73e717b3	fMaxScanDuration
73f13ae3	fCylindricDistributionRandomFactor
73f3e817	BoolProperties
73f470ec	bPanicUseHandbrake
73f92125	Affects
73fc02cb	bMustStunAllPlayersToLose
73ffeac6	iSinglePlayerSeatIndex
7400c694	fImpulseDirZ
740c50fc	ShellGameDefault
740c95f5	signal
740cae3c	MapEffectSettings
74161b6b	ArenaFinishedBark
741681da	bAckermanAdjustment
74174707	fAlertSoftBarkSurprisedAdditionalRandomDelay
74174ea7	WoundedBody
74184aab	LoadoutParamsItems
7418a098	TriggerProbability
74195c37	perkidentifierPerkIdentifier
741ba5ab	fOnFootRaycastTimeoutDelay
741c458a	animalconfigDogDefault
741e0c23	uisoundSmartphoneInvalidActionSound
742191ff	CarHackedAlarm
742222c8	CProgressionModuleTrackerSettings
7423f8b2	fClearMaskBuutonHoldDuration
742a8cfd	LineOfSight
742c8c95	fStartRot
742e87de	scanpassparametersScanPassConfig
74329c5a	uicolorpalettesettingsDefaultColor
7432f5d8	OasisInteractionMenuOasisText
743440ba	fMoveLookAtMaxDistance
7435b878	locstridMarkerText
743b077d	Hacking
744e9774	fInteractionAvailabilityDistance
7452dc7a	bShowDistanceOnWorldMarker
74535827	fRoadBlockTimeToReachPlayerZone
74631b49	SpecificConversationGroup
7465caed	Distracted
746a98f5	uisoundPlayMainMenuSound
746ce73c	fUsefullRangeWhenEmpty
746e8cb5	tagcategoryselectionTag
74757482	fPhotoCameraUnavailableTimer
7475d0f3	CameraShakeOnShoot
74783cbf	fileMapPathMissionTexture
74805e40	texturedbobjectTBoneBackWeapon
7493d1ee	ScanID
749b1fe4	sndHighEnd
74a197bb	PostFx
74a3a0fc	fAnticipationRadiusDrivingBoat
74a6a1e4	sndLobbyMusicStop
74a755c1	tagcategoryselectionPoliceTag
74a7f72f	fSmallRadius
74b24910	FightModifierIntro
74b7e8a4	selPosReference
74b95929	vectorUnderwaterOffset
74bcacfb	fLockPickTimerbeforeBeingSee
74bd3b2b	bEmergency
74c6474d	curveProbabilityOverDistance
74c86bc1	fE
74ce3681	fMaxDamage
74d05050	psSearchParticles
74d8670a	fMinDistBetweenHackerAndHackableToEnable
74db7f38	selForcedOnSuccessActorStatus
74dc0d9a	selCurrency
74dc938c	sndMenuScroll
74e1fe6d	sndtpGunMovementStartSoundType
74e4f916	mapicondescGetDrunk
74e5f223	QuickOpsSettings
74e9fa5a	fPelvis
74ef8692	bIsDefaultConfig
74f0c456	ScreenAiWithCargoScreenGlowParams
74f384d2	fLookAroundTime
74fc58a1	RecruitmentLoopUpresBucketName
75021361	locstridJoinTransferHackWheelText
7502322e	HackedEntityMalfunction
750417f4	sndvarSpeakerSizeRtpc
750717c1	iStartTimeHour
7508f4cb	selDofFocusPointReference
750b5a10	Right
75122dfb	fLifeTimeMaxSpeedValue
751724f2	selInteractionType
7517f7d6	locstridWeaponLocker
75216729	selRange
752211a4	sndHoldFinishSound
752255c6	bEnableAimAssistParamsOverride
7525021c	DedSecMissionInitiator
7525c61a	tagcategoryselectionEPAFTag
752708a3	fQTwo
7531bf4f	StateLightSearchParams
7531e846	opgendronedefinitionDroneDefinition
7534a125	sndtpMixingStateStartType
754317f4	nethackingconfigFirewallObject
7545c502	fBreachFleeTime
754a3c99	CoverSelections
754a3ebc	DrunkPersonTipsy
754bb90c	locstridDownloadBoostedDisplayString
754bcbe7	itemsAverageItem
754e2d9d	curveMaxSpeedReductionCurveKmh
7550caa4	SuccessWarning
75529d31	ObjectiveSummarySelection
755340fd	bCanRCsProgressHackDownloads
755410f6	PlayerQuickstepInvulnerabilityTime
755571d2	fRampUpTimeMin
75578fec	bUseTargetDistanceAndFOVRatioCurve
75586376	DialogActorSettingsWithTag
755ae74d	DeliverySettings
755bc2fd	animalproximityparametersProximityParameters
755f99d3	fIconFramingMaxZoomDistance
75636b9a	fMinPitchDegrees
7571e590	fPercentageOfPlayersRequired
757347ed	bStaticReflectionGIDayInfluenceOverride
75738f20	curveStiffnessScaleVsLoadLongitudinal
757393ed	CarSiren
75789715	sndtpFireBeamStopSoundType
757c8432	fChaseFleeingTargetProbability
757faffd	snipershootinglagsettingsSniperInChopperTargetInVehicle
758011f2	UnlockRule
75806648	degangvecRotOffset
7582417f	fileConfigPath
7584072c	PacifiedCalmDown
7587e2df	PeopleSpawnInfoBlackboardDescriptor
75890322	fPickupToDropoffMaxDistance
758e519a	humanconfigLootTruckVehicleDriverHumanConfig
758e74f1	OnNodeResetSound
758eb8d6	fSpikeMaximumTimeInterval
758ee4c2	PilotArchetypes
7592ac2b	BodyPartsData
75948005	fLocationLineProximityDistance
759a6a89	scriptedhackeffectdbHackEffect
759dee8e	tagcategoryselectionPMCTag
75a20ac1	fForwardAccel
75a2fd8b	WeaponSkillTypes
75a3abc3	fStatusChangeDuration
75a3b03d	ugcnoderuleprocessUgcNodeRuleProcessRuleType
75a3b444	iFemaleRefined
75a52c72	fInactiveTargetNearbyNotificationTimer
75acec48	sndtpBossVulnerableType
75ae45b8	Categories
75b40d5d	locstridDefaultDescriptionText
75b9fe02	fTransitionOut
75c3042f	fRelationMultiplier
75c73b05	iShadowFadeFactorCurveIndex
75c87cf0	vec2BrakeMinMax
75c8c9cc	fBarkCombatGettingSnipedTestDistance
75c8f020	phonecommunicationsettingsIllegalDeliveryIntro
75c9b7c8	AppStateOverride
75cb3e91	uisoundCloseSmartphoneSound
75ce9fc6	fAutoTakedownBatteryCost
75d44a0c	fTargetMarkerLifetime
75ddc1da	fileBeforeInteractionIdleMove
75e2d008	CensusBaseProfileTags
75e4a0b1	PeopleSpawnInfos
75f24aee	WeaponModel
75f84a09	sType
75f90596	fStaticZDisplacementMinOffsetBelowCoM
75f94d30	RightHand
75fbcdc9	fValue
75fc831c	curveBreakRatioOverTime
7600cc37	itemlistInventoryItemList
7600dea9	fDampnessDryingDuration
7603b9b0	degangPitch
760757c7	Taunt
760dd354	bFrontTakedownAllowedInMP
760e4bd3	fPosOffset
761302b4	fHealthThreshold
76144e5c	locstridUIDescriptionPersonal
7615e35a	bIsBinkStreamed
7616c01d	selTalkerDialogPriority
7616e090	selForcedAssociateStatus
761e3ce0	Money
7622cc04	progressionplayeractionTriggerAction
76241fa7	fPerceiveInAngle
762985c3	sndDestroyByExplosionNoHoodSound
762bc135	phonecommunicationsettingsHelperPhoneCommunicationSettings
76310b24	fNormalSwitchTime
7633918d	RCDroneHeat
7633c8f8	meleeconfigMeleeConfig
76365988	sLinkageName
76377027	sClampHudMaterialName
76389865	fPitchAngles
763a3a2d	LightRebootParams
763c7d7c	bPlayEmoteOnUse
76425eaa	gpctxspecGameplayContextID
76448404	LensFocusLagNear
764981f4	sndAFI
7653ae0b	wolfskintagspecTagSpec
76572e39	fVelocityForStimPlayerInWarningZoneInCarMin
765982ec	selTimeOfDay
765bd487	bDestroyIfParentDetaches
765df1e9	bUseTimedSteering
765e1fd8	uHackSecondsToWait
76649c80	curveLockBrakesSwerve
7664dc20	Point
766dc0c5	fVrNodeTriggerBatteryCost
766e9dea	selHumanSocialClass
767afa38	fSideDistMax
767d5d50	sndVehicleDestroyedSound
76813786	curveStaticReflectionIntensityDay
768836e1	sndMusicEvent
7691ccd8	fDeadzoneDegreeMax
769266e5	fMinDistanceBetweenCars
76949d21	fOrbitSpeed
769bafaf	psSplashTrailParticleResId
769d5f98	ARCloakDuration
76a3f4a2	fFlowSpeed
76a480fc	uiCameraCutLayerblendFrames
76a881f4	sAnxietyBark
76b6b16d	maneuvervalcfgManeuverValidationConfig
76bb2948	PhoneCommunicationReminderDelay
76be2e3e	curveHandBrakeTimeCurve
76bf1762	locstridIopActive
76bf6748	EnticerRareShowcaseCellSize
76c31b8a	locstridLeavingMissionWarningLocId
76c47461	fHighSlipSteerOffset
76c514b2	fMaxEntitiesDistanceToPlayerForRandomEntities
76c7d5ac	RCDroneBoost
76ccba66	fCameraMinDuration
76cef36c	sndCooldownStop
76cf83d6	fDistanceDeadzoneRampMax
76dcfd25	fCenterOfMassOffset
76e8d422	DroneHijacked
76f26b45	sndswvlPlaybackOutsideVehicle
76f2cdab	OverrideJoints
76f5b093	vec2Cover2AgentCenterCutoff
77001baa	ProfilerConnectionLinksManagerSettings
7705f73e	TargetProfiler
770e41db	sndswvlValue
770ed7b5	fLoSIntersectionPenalty
770ef652	fSuspSpringScale
77121e4f	emotionUnconsciousEmotion
7712372c	selEntityOfInterest
7715255b	ContractSettings
7718fa75	fClampHudOpenPos
771e28fe	GraphicKit
77226d79	iSameTargetMaxCaptures
77249b61	bUseForStaticCollisions
772b8687	iMinimumWheelsNoContact
77308c44	uiPedestrianLayerWeight
77315340	vec2FovAccelCffs
773412cc	fMaxEfficiencyPenalty
7734b346	AntiDriftHelper
773af0af	fMassHackVehicleDuration
773c02db	fMinEfficiencyInChaseRange
773fab57	fMaxAssistMovementSpeed
7742a868	emotionStressedEmotion
77443a60	fMinPitch
7744b347	OptionalObjectives
77477fcc	fBaseDownLoadDuration
7747c6d0	nMaxOperativeSlots
7748ff4e	Member
774988b4	fRainEVMax
774e34a4	fForceFullBodyOnHeadShotsFactorLTL
7752a8a9	RCDestroyed_LargeDrone
77530665	sndHangingVelocitySignChangeSound
77557897	vehicletyreTyre
77614e3c	fPlayerHeadOnCollisionMaxScale
77640111	entInteractionEntityId
77676eed	lobbycinematicparamspresetLobbyCinematicParamsPreset
776b77a0	sndLongVegetationSoundId
777a7524	bShouldLeaveInFleeUponDelivery
777c2f2a	uicolorpalettesettingsTextColor
777cf3ff	vehiclegenericphyscomponentparamsVehiclePhysComponentDefaultDatabase
777fe977	curveRimLightIntensity
7782976a	sndtpHackingDroneScanSoundType
77873522	bLayeredIfInCover
7787604a	tmplDescription
778c5383	fAtCoverDecreaseSpeed
778e53e9	Wetness
77915de8	fMaxLandAngleVelocity
779c0f92	emoteOverrideTauntEmote
779ecaa9	bSendWasMalfunctioningIncident
779f9de4	locsectionidNoveltyFactTypeRare
77a2ce7c	fDroneSlowMovementRatio
77a4be04	fWidthPerCharacter
77a59ae8	psParticlesSystemId
77aa3c2e	DeniedArchetypes
77af5fa0	archetypeconfiglistVehicle_Light
77af9d30	bUseParticle
77b31fe3	colorBorderColor
77b4638f	LowerSidewalkInfoForIntersectionCrosswalk
77b5cf51	fMinLocationDistance
77b94b4e	fSplashesSpawnRange
77b96f2c	TagCategorySelectionDescriptors
77b9a376	TimerExpiringdBarkId
77bed4b7	bFAAShouldMonitorPlayerIsInConflict
77bedd33	cloactlistActionList
77c31bff	SpecificDeathCamParam
77c64a18	PhotoMode
77c86e78	bCheckStartPos
77cd368c	bCanAttract
77cf630f	fOpenedToTeleportTransitionDuration
77d2554d	ScreenRebootPart2ScreenGlowParams
77d65673	ControllerUpdate
77d8e1e5	entRacerStartPoint
77e3c0d2	fHighPriorityGiftPercentageItemQty
77e4f8f9	PickableInfos
77f1c5c4	fStartBlend
77f8eb58	fRecentSpawnRadius
77fca088	PuppetHack
77ff01c3	Roles
78003767	DronePickableDestroyedSound
7800c634	fTargetStunnedWaitTime
78037af3	vectorGunPivotOffset
78045c4d	fMaxDistanceThreshold
7804614f	HazardousVehicle
78049f5d	Slot7
7805238c	sndSFPD
78068764	ErrorMessages
78074dc4	StairCapsulePathHeight
7808a15d	iMaleStreet
780ae42b	fLookAroundRotationSpeed
780dd536	FullHeatFoundByDrone
780edb21	sndNotifyHeatLevelUpSound
780f2464	iFullscreenCommunityThreshold
780f3442	uitweensettingFramingCameraTweenSettings
78162194	PartPropagationRule
781686d4	fSkyMoonTurbidity
78170cf4	uiTriggerRacePathHintBatteryCost
781769ad	locstridIngredientTriggerSecurity
7817cfaf	HumanConfigs
781833be	locstridTargetLostFailLocId
781995de	sUIElementIconLabel
781bc5b2	fSearchPhaseDuration_2Players_FFA
781f833a	fMaxRearLatSlipAtZeroSpeed
7821bda8	NameSettings
78255d3d	uiNumPerkSlots
78259a69	bAddTrackingInfo
78285e2c	bForceCombatDurationInfinite
7833195d	iStartTimeMinutes
78381213	GrappleDisorientChance
78384efc	SoundElements
78399d86	fExtraGravity
783c8a3c	fFakeGearShiftFrontTransSlowingDownLag
7840a2a2	bOverrideMaskState
7849b91a	fPingOutlineFadeOutFactor
7849d91e	fVehicleColVelocityMinRangeValue
784e9f86	RCTurret
78521044	Bank
785a2fc9	bIncludeRobots
785a496d	curveProbeLocalLightsMultiplierInterior
785c2c74	Boat
785e88b1	bPrisonerAutoReleaseWhenNoAIAround
785fe567	OutsideReactionSettings
78685a2b	Filter
78716753	fBulletDamageDistanceStartDamage
78786273	fAvgSkyShadowTerm
787c1551	PathFlags
787c54e3	CollisionMaterials
787c7a76	possyselementEventMarker
787fddfe	PatrolArchetypes
78853c23	bShowRarityLines
7889acde	RelicScenes
788bf836	mapicondescNorthSymbolMinimapSpanish
788e6b1d	DesiredFilter
7890511c	texturedbobjectIngredientTriggerUnlockVRPuzzleNode
78906d56	selBailPriority
78924988	GreenProbability
78991f3a	fSelfShadowCoef
78a2c90d	fVerticalVisibilityRange
78a4ad6d	fGatesBuoysRadius
78a68473	AnimationPartParams
78a9c9df	fRoadTrafficMinWidth
78a9ebb8	StatusLightSlots
78aa71c9	fExitAngleMoveSpeed
78ab0468	fMaximumDistanceOutOfBounds
78b0d2f3	locstridLoadingBrief
78b1a5e7	selRoleLookAt
78b1ef6a	Enter
78b5787a	publiceventsettingsMP
78b87991	sndtpSelfDestructSoundType
78bcc5ce	uiReservedSlots
78cb655c	sndTypingTextSoundStart
78cc082c	bshouldOverrideMaskState
78cc70d1	MultiPlayer_PlayerNeutral
78cdde47	bShouldLeaveInWanderUponDelivery
78d19f73	Collisions
78d526ce	SDFShadowAngle
78d6bb72	OnTargetProximity
78dab652	sTriggerBhvParamOnDiscoveredByPlayer
78db4d86	Upgrade
78db708f	bHintShouldLoop
78dc6635	fConvoySpawningRadiusToFindNearestLane
78df4cfd	Sexy
78e12601	fROSDisableMaxDistance
78e3f78d	fPositionDimFactor
78e52076	matPlayerControlled
78e63541	NavigationLogicSettings
78e8b30c	fGaugeTimeToReachTopIntuition
78e95774	bShareable
78ed75ac	iPerfectHitScoreBase
78eda113	fHackingFeedbackMaxTime
78efd29b	ShopParamsHands
78efd3da	bDetachOnEngineBurn
78f0d17b	fKCubic
78f47ef0	SniperStandAndShoot
78f556ec	texturedbobjectLockBrakes
78f6ea4b	SlotConfig
78fad5a7	fGodRays
78fc7dec	JumpOver_To_JumpOver
78fcf656	iMaxModulo
79025c1e	bIsUnique
7905960e	uimenupageWeaponOnDemandPage
79064e90	mapicondescDedSecHackTheHackerEvent
79070ffe	bShowDuringActiveCombat
790c8c00	DeviceTypeConfig
7910d93a	CarCrash
7912bb72	fAlertSoftInvestigationAllowOtherOnIgnoreTimeout
7914585a	fGearShiftFrontTranslation
79149213	fFireBulletDetectPlayerDistance
79152295	fFOVFactor
791a0a3a	psHitFx
791c1e6b	fProgressRate
791cf41f	UnlockedGraffitis
791deac0	psDetachParticles
792003da	InteractionExceptions
79226285	uInteriorMoodsCount
792398d2	mapicondescLockBoxUnLockIcon
79243c63	sndtpStartLosingFocusSoundType
792470df	iAmountOfShootingTickets
7926317e	locstridOpenAppText
792b0429	IncludeTags
79328053	DefaultObjectCategoryThumbnails
79331d33	DrivingVehicleThreat
7933a221	sndtpExitRangeType
7933e83c	mapicondescWeapon
7937c1f5	CameraLag
79380f0b	ProgressionElement
7939eebc	HDRColorGrading
793c89d4	dMaxRamSlots
793eadbe	fSuspDamperScale
7953162c	locstridLineBreakTrailingChars
79569a6a	fNight
7956d378	bDisorient
79578499	SecurityAlarmNoise
795ad3a4	fFadeOutDistance
795ad6f0	PartDetachMappings
795dac64	selFooterTileId
795e13a8	WeaponToSupportBind
795ed360	fLoseFocusDelayNoProfilerAndTowardsCharacter
796217ea	bClearEffectOnLeave
7965ac05	fOldInSightMultiplier
79669ee8	selBehaviorModifier
7968937e	uiSearchEscalationHackNumber
796b7e26	selActivationZoneType
796e0534	Blurb
796e3176	LensFocusLagFar
797001a0	AgentSubcategorySettings
7972f84b	fShadowDepthBiasScale
79730c83	fPlayerScaleFactorWhenHitByEnemyAI
79773241	fBullet
79779987	entEntityID
797eb77e	speakersToHide
797f004c	rewardconfigRewardConfig
798c3029	discoverysettingsActivationDiscoverySettings
798e9aa0	fAngularImpulseRatio
79907eae	bEnableMoveSpeedExitBonus
799107a8	vec2CoverInitialPeekOutRepeatTimeout
7991a490	RecentSpawnExclusion
79923046	fCameraMovementThreshold
799609dd	ItemsQualityLevel
79993319	VehicleCollisionSpeedScale
799991bf	fDroneScanRadius
799b0aff	vec2FovAccelRange
79a109ca	animalconfigParrotDefault
79a62791	LayerSoundRegion
79a7b134	sndswvlGenderTargetingDefaultSwitchValue
79aecbbf	TagNames
79b0c0a1	fFadeIn
79b1ba9a	bPlayOnLoad
79b22c4e	locategameplaydescriptorBuddyLocateDescriptor
79ba88e4	fProxyHackLineWidth
79cb1272	selOtherCarStolenReactionType
79cdf777	Threaten
79d0c6b5	fSteadyPushingNoneIncPercMultiplier
79d52936	ExtendedProfilerLibrary
79db452c	fRequastMinDelay
79dfc872	ETOCurrency3DLargeQuantity
79e062e6	texturedbobjectExoSuitLock
79e45ede	fRandomConnectionEntityAlphaMax
79e4d4de	EffectorWeightDamp
79f7e8fd	vec2CollisionReactionAngles
79f7fd06	curveAccuracyDistributionVertSignCurve
79fb5432	Player1Commands
79fff7e9	Jamming
7a02be1f	HealthThresholdLinkData
7a09b69f	NavigationTabData
7a0e963d	ConstraintAxis
7a0ea222	Persistence
7a0f9016	sndEngineOverheatStopSound
7a0f9233	bIsDynamicSpawningEnabled
7a12027a	fCoverHeightAnticipationLookAhead
7a162f77	texturedbobjectWallTexture
7a181712	bAllowMultiplayerDistanceSkip
7a1b3517	fileSensorLuminanceWeights
7a1b610c	sndHackingDroneBroadcastSoundId
7a24a6a6	dgobjectivelogicObjectiveLogicDb
7a2904b4	bShouldOverrideMaskState
7a3536cf	AcquireRewardTypeSFX
7a3602b7	Wave
7a383fe6	fTurningSmallRotReturnLag
7a38d188	ReputationSettings
7a3b23bb	bTempPartyReach
7a3e88ee	fDroneDestroyedDelay
7a4ff38c	fRedProbability
7a5003ec	fActivationRadiusDrivingVehicle
7a523406	iAutoHeatAddTarget
7a57ec1c	sndswvlInterior
7a5d1491	Race
7a5ff001	fRIghtUpperarm
7a60f7cf	TopLightAbilityChargingParams
7a62ae92	ParticlesSystemRule
7a62f734	fReloadSpeedMultiplier
7a68bb43	fAmplifyCrashRatio
7a71c747	locstridRobotRepulsor
7a73afc6	FactionDescriptor
7a747c88	fDeflationSpeed
7a7718f0	fLaunchHelperShakeDuration
7a794cbb	chasetypeconfigChaseTypeConfig
7a7cb89f	censusmetaintrigueresolutionbucketPendingDeportationBucket
7a7cbf41	fVehicleAirborneDistance
7a7f60b0	entLaserEntity
7a83565c	fChatDisplayDurationAfterLastMessage
7a851247	ValueRule
7a858425	fLookAtDurationMax
7a882601	fSphereRadius
7a8dc4c2	MouseLocalization
7a94e4ea	fPositionScale
7a972a38	fPickupCylinderRadius
7a982358	selEntityCategoryFlag
7aa1531f	mapicondescPersonalWaypointMapIconDescription
7aa1a7f0	DeadBodies
7aad4d04	LevelSettings
7aafd532	bShowDuringCinematic
7ab640de	disGearUpShiftRpm
7ab7b54a	fDistToDeactivateEvent
7ab99706	bIsSingleRole
7abc2ac6	vectorAnchorTranslation
7abc93f7	fForwardAccToAngle
7abec6af	bHackLockLineFadeEnabled
7ac9d669	fSliceUp
7ace8fd0	graphickitparttypeTorsoPartType
7acee149	GunTakedownReplacesGunMelee
7aceee12	selDebugDisplayPrimitiveFlag3
7ad4e82f	Loadouts
7adcc16e	CommercialModules
7ae23601	sndtpWipeStopSoundType
7ae2ab72	vec2InsaneDistanceRange
7ae6678d	nEndChapter
7af02e08	fFirstSlowEscapeTimer
7af141d5	fBackAppraochCloseScore
7af565ee	ObjectSizeLimit
7af71e5c	sndSwitchToFullCombatSoundReset
7af82e1a	archetypeconfiglistDrone_CT
7af8da52	fHornChance
7af9fdbd	RingBasedSearchParam
7afecfea	fVolume
7b034439	fileLightPollutionTexture
7b04e9cb	fRulesmithFunc
7b0542de	dialactorlistInstallPackageDialogActor
7b05c87d	fSpeedToCatchUp
7b0828e6	fWarningsDuration
7b0a0242	selBhv
7b0a727a	selHang
7b0fed72	bConstraintAngleLocally
7b150a36	CombatDroneGlobalSettings
7b165656	sDispatch2ndCallID
7b17d1db	fSideDetectionDepth
7b1845be	matScreenAiWithCargoMaterial
7b1e415c	fHackingFeedbackMinTime
7b256cf2	pgrangetypeEnabledRangeTypes
7b359273	bRcInTightSpace
7b39fe8b	PmsRestriction
7b3a6ad4	ChainMaxHorizontalDistance
7b3b164d	iSubtitleLineBordersWidth
7b3b490c	itemsFollowersComponentItemDB
7b3e3380	sndtpAccessCodeUnlockingSoundType
7b3e6a3d	fSecurityCameraToPlayerMaxDistance
7b45849e	MaxStanceForMaxHeightDiff
7b534167	selJoint
7b596e04	fTrafficCarsInitialOffsetCff
7b6ab510	fGravity
7b6fee8e	roadblockreinforcementconfigRoadBlockConfig
7b7564b3	Override
7b7834eb	locstridwarningTerminalActiveHeader
7b8aad20	IsCowering
7b8c3158	fSteerSafePidD
7b93c786	HumanNoiseDisgusting
7b981634	PunctuationSettings
7b9cf635	selEndAlign
7ba57c73	locstridTrackedTargetObjectiveLocId
7ba72580	locstridNameLocId
7ba77162	bIsElite
7bab2082	curveCivilinsRainCurve
7badfee2	locstridWorldMapInteractionLabel
7baf550f	fStimFrequency
7bb923cb	VehicleBankEntry
7bb9303e	bCollideWithAlternateSimpleColl
7bba6a52	bLockedOnStart
7bbdccdb	fChanceOfBeingDeported
7bc06354	fMinBlackScreenLength
7bc0ba9c	fileReticleLauncherRed
7bc76cd7	fMoveAngleMaxDeg
7bca5cad	iMaxCharactersPerLineAsian
7bd2f1b8	fSlowSpeedThresholdMs
7bd6ac51	fFadeInLength
7bd97c03	sArchetype
7bdf1bae	DownloadStartedCriticalMessage
7be20d5e	fRandomConnectionRandomFlowTimerMax
7be27e16	fObjectiveUpdateRadius
7be2d038	StateSmellTracking
7bf6ea2b	uisoundPopupCloseSound
7bf6f012	uiChopperMaxAgentBudget
7bf903bb	fRackMoveStiffness
7bf9c7f2	sndShopPurchaseSound
7bfaaed6	FollowPYLag
7bfad50b	fMinimumStandStillTimeForLaunch
7c060f35	AttachAnimation
7c0a49ac	bAutoStop
7c0b276d	selOrientedMode
7c1318e5	iShouldEqual
7c141ca0	fGaugeTimeToReachTopSeePlayerAimingModifier
7c161a2b	Idle
7c17b568	selRotationReference
7c200b6c	fDelayedStartEventDuration
7c23de4f	itemlistEmotes
7c240994	selPlayerNeutral
7c2b13fa	SpotlightAliveControlledParams
7c3183b8	CaptainLevelDeltaRule
7c35da25	bActive
7c37f0fe	fCelebrationDuration
7c38e595	fStopSize
7c3951ff	tagcategoryselectionPoliceStationTag
7c4071c6	fDistanceToRestoreNormalFollow
7c414438	uisoundWheelInvalidSelectionSound
7c43dc1a	fLineDuration
7c458cc5	fPersistenceInterval
7c4965c9	GenericBroadcastProgram
7c4a28ae	fInnerInfluenceRadius2
7c4c3519	sndDefaultChaseStoppedSound
7c4f928b	fReactionCutoffDistance
7c51d6f6	bIsDigitalFelonySpawner
7c5279fb	locstridError2
7c5664a1	StateAlertEnforcer
7c58c94e	fRotation
7c5eb2e4	SpecificRules
7c5ed359	bUpdateTargetOnOperativeChange
7c63d2b3	humanconfigShooterHumanConfig
7c693b3a	FakeRevLimiter
7c6ff16a	MiscContext
7c701d97	bUseInfiniteRespawning
7c71abfa	selShootingType
7c75e556	bShowClampedSearchBadge
7c779192	bUseContactPatchForChassisSpringForcePos
7c79e21f	fWaitMax
7c7b67f5	fDetailNormalMapIntensity
7c7ef943	MissionType
7c8488bb	sndWheelRimSlideSound_1
7c85afc6	ForMaxWindSpeed
7c883bf9	bTriggerSearch
7c89259c	bForceDebugDisplay
7c8ba1da	selIntelObject
7c905114	sndBulletAttenuationStopEvent
7c9c6c9c	fLerpDonutInnerRadius
7ca05f91	lighteffectprefabPrefab
7ca25b01	locstridResent
7ca4695f	fHackLineFillCompressPower
7ca52604	curveNormalizedDeformVsDamageVelocity
7caab90f	fSafeTimerDuration
7cac0944	locstridSystemKey
7cac602a	Status
7cac6100	bLoaded
7cb9e59c	fScanApproachDistance
7cbccbe9	ExteriorTimeOfDayRanges
7cc54344	fMinSpeedToSwerve_kmh
7cc58308	fSkydomeDawnHour
7cc82058	bBoat
7cc86240	fMinSteering
7cd044e7	fRandomWeight
7cd11606	angWindDirection
7cd2ff59	locstridShopBuy
7cd3a085	fSpawnDroneMinHeight
7cd70d61	FontSettings
7cdb19bf	fMinYawDiffToAllowMovement
7ce2ba24	vectorOffsetFromTarget
7cef2902	perkdescsingleList
7cef4825	TargetIsSprintingAutomaticLKPUpdateRadius
7cf28699	bIgnoreInitialVelocityDirection
7cf70ae4	AvatarAimingLeftRefinedFemale
7cfbcf28	fChaseEfficiencyValueModifierEasy
7cfc2107	fPingBackWaveDuration
7d039edc	fPositioningTimeMin
7d0b4cbd	ChaseEfficiencyModifier
7d0f2706	RaceMotocross
7d0faacf	sndvarSoundDistanceVar
7d10f4f1	fForcedAccelIntensity
7d118933	sLaserBeamMaterialName
7d11b85d	fEnemy_Tagged
7d158bca	sndCallTheCopsSendInfoSound
7d17f1b4	SpotlightAwareParams
7d1ab30d	tmplPlayerDialogActor
7d1c31c6	fLongitudinalZDisplacement
7d20909f	DistanceToEntityToDeliver
7d21c5f2	psLeavesTrailParticleResId
7d2519dd	fTimeOfDayTransitionTime
7d2d3ffb	uizonesettingsFelonyScanZoneSettingsJammed
7d351a2b	DynamicEventSettings
7d3bc6a9	curveTrafficDensity
7d3c9d72	uisoundSwitchToLeftTabSound
7d3cf2ab	wolfskinitemdbOptionalWolfSkinItemDBOverride
7d412d7d	texturedbobjectMalware4
7d43ce0c	entInteractionFeedbackEntity
7d4814ca	CivilianDistribution
7d4a8fdd	bEnableRubberBand
7d4ac33f	mapicondescMainTargetWarningIcon
7d4bf939	fTagSelectionMaxDistance
7d507499	sFireChargeRumbleId
7d524998	tagcategoryselectionSilverOpSwapTag
7d5691fd	vectorIdealMid
7d57f7a8	VehicleSphereDeformSettings
7d587868	fRollSpeedHigh
7d58e661	HumanSocialClassFilter
7d5a720a	fMinTimeForInfiniteSearch
7d5da7f1	psFxNitroExhaust
7d5efcdd	sndResetSettings
7d611ee5	fSwimMaxHeightClimbUpReach
7d657302	fMainSailBoatPowerMultiplier
7d682805	AnimalConfigs
7d6c94a1	locstridFollowTheThiefLocId
7d6d0723	fBeamHighlightSeparationThreshold
7d6e515e	FxColorAlpha
7d7692bb	psTwoWheeledSplashParticleResId
7d775721	KilledByGun
7d7df0e1	cameraframingdatabaseInVehicleFramingElement
7d7e2a47	fVerticalTagIconOffset
7d7e72ba	bWorldShadowContributionOverride
7d814de9	fileReticleSingleShotVehicleBlockedAR
7d8694c4	sndBroadcastStartSound
7d86e3e3	locstridOpDescription
7d89bb9c	psOverHeatParticles
7d8a6be6	Parking
7d8e8897	fRotationPitchMax
7d9080f4	locstridOasisID
7d96fc53	bIsUsingOnDisableBark
7d9795d7	sndswvlSoundSwitchMud
7d9de536	NPCDescriptions
7d9f828e	bEnableStaticFriction
7da67e02	ProgressBarTextOverride
7da7f56f	Objects
7da80740	DRAMADirection
7daa21be	sndvarBeepingRTPC
7daa8b00	InstantKill
7dadbb7d	fRainFalloffDistance
7dae92cc	fMinSpeedKmh
7db5205f	TrafficSpeed
7db77a03	sndtpSpotlightToggleSoundType
7dbb4a9e	sndtpFireBeamHitStartSoundType
7dbd1436	sndReloadSound
7dc24874	droneconfigCompanionDefault
7dc77459	selSubjectNeededGameplayTag
7dc799c9	fAssistanceMagnetRangeInputScaleUpSpeed
7dcff0d2	locstridEventFailedPackageLostLocId
7dd2f13e	logmatPuddleSurfaceID
7dd76a74	sndIndexChangeEmpty
7ddbb295	fWeightPercentAtDonutMax
7ddf4a49	bChooseActionAfterSpawn
7de5135e	bUseSepcificSpeed
7de53005	locstridStepStateOngoing
7deb7c28	PerkUnlockedRule
7df4325f	fFrequency
7df6af7c	sndRimSound_4
7df9ee8c	animalconfigAnimalConfig
7dfc255a	ObjectiveMainSwitchAnyOverrideSettings
7dfdeb55	EngineNpc
7e008d67	uizonesettingsMPInitDownloadZoneSettings
7e080627	fCrashMagnetMinSpeed
7e0eaf02	OpUI
7e15ed2c	iPivotZRef
7e16f337	curvelibDamageVelVsReliFromVehicle
7e181935	fParticleSize
7e1b4cf9	StepTransitionBarks
7e1cd4a7	texturedbobjectActivateFlatbedPlatform
7e2042aa	iPercentageActivationAmbulance
7e223bb3	fMidRangeWaterDepth
7e249a99	dexeventShowDown
7e2546f7	sndtpScoreSoundType
7e266e90	DroneTypes
7e272b2f	BossAbilityScoreParams
7e278838	fVerticalThreshold
7e2ba8f4	bDetectThreatInLOSRange
7e2cbca2	bRestrictToActivatedDrone
7e2d89d6	fMaxRemapY
7e2ed8f9	SecuritySystemUnlinked
7e2efcd8	MeleeCombatLockParkour
7e340305	bClosedToFlyingDrones
7e39a4b6	sndstvlDRAMADirectionUp
7e3a1caa	fGetUpAbandonTime
7e44bf77	bIsEnemyVisible
7e4bedab	fHackedAIBeamDurationModifier
7e588c96	selAffiliation
7e58b96e	selRainIntensity
7e5c1f55	fFrontCastHitNormalMaxCosAngle
7e660b4d	curveDelayBetweenWeaponFireModifier
7e6a2303	uiNumAliveToStartNextWave
7e6a64ac	AssistanceInputParameters
7e6f4d02	fLateralFriction
7e72885b	nSaviourKillTime
7e756f4f	fClosestDockEvalDistance
7e797b34	fPropellerTimeConstant
7e7aa697	fHackLineAvoidJoltDelayMax
7e7b6c75	fMinimumSpeedForExtraAngleFromThrottle
7e7ca037	vec2VeryHighDistanceRange
7e7f1625	matScreenCarryingCargoMaterial
7e7f6076	ElitePassTypeName
7e886872	fInstantShakeFovMultiplier
7e88c119	curveSearchPattern
7e89e51d	ChanceToDieStartTime
7e8cd122	fCrossFadeStart
7e8d7d6d	Running_Strike
7e9373d0	fTimeToGetBackInVehicleWhenPursued
7e950035	fExtraSmallObjectLimit
7e9bd327	RTPC
7ea1b80d	archWolfskinMaleNewArchetype
7eae8444	fCoverEntryDistanceSwitch
7eaf0038	curvePingBackWaveCurve
7eb2a23e	bUseOverrideSpawnLoc
7eb662b7	archLockedProjectionArchetype
7eb7b553	locstridWaitForEveryoneSafeFaaSpObjectiveLocId
7eba4594	fExitFreeCameraHoldDuration
7ebaef4f	iMaxSimultaneousReverbs
7ebb9abc	fRearWheelieFailTargetAngle
7ebf8f6b	FOV
7ec0c99f	RightCalf
7ec2e4dc	FillIconAnimationTexture
7ec7a368	AlertHardBark
7ecc0fb2	vectorTintOuterAnimaitionMax
7ed43db7	texturedbobjectBankAccount
7ed8f38a	Shopkeeper
7ede5559	ZoneNames
7edfcbc0	archArchetypeToSpawn
7ee4139c	bHasChanceForEqualName
7ee56cf7	basicreinforcementconfigBasicConfig
7ee686bf	sndtpDestroyByExplosionSoundType
7ee886ec	iOnlineChallengeReadyTime1
7eeedb38	fRunAlongMinOwnerSpeed
7ef4a84e	sndDetectingSoundStop
7ef65168	curveBulletImpactDelayOverDistanceCurve
7ef8f51f	matRingGlowOffMaterial
7f00b44a	fVirtualPositionSegmentMaximumLength
7f01efe0	fFirstIntuitionTimer
7f03c2ec	selRelation
7f03d332	tagcategoryPlayerCountTagCategory
7f04fef5	RelationshipData
7f07ce25	fReactInsideChance
7f099870	fDisplayColorTime
7f0aed3f	locstridTextOption
7f0d50cb	PetAttacked
7f102adc	ChaseLevels
7f10b812	fFlickeringNoise
7f132cdc	uimenupageRaidFailScreenPage
7f18a163	fHeatLevel1IncreasePercentage
7f1ae214	bValid
7f1aed72	sndTriggerSound
7f1ed263	DefaultBarks
7f20d861	EcoSystem_MaleFixer2
7f22f9df	RCRobot
7f238ca1	MoveSubState
7f252418	RestrictedMode
7f2866ba	MenuSelectionItem
7f2900de	EmergencyAlarmNoise
7f29e296	Duration
7f29e9d1	fHealthRegenerationSpeedInsane
7f2a1c77	texturedbobjectChopper
7f2bc2a8	selTransferRadiusShape
7f2c5982	selPriority
7f2c8cb3	vec2Cover2FriendsCutoff
7f2d2681	bIsProductionReady
7f2feea6	fTint
7f3091d9	vehiclebhvsetupVehicleFleeSetup
7f3bc6f6	ShopParamsMain
7f3deb60	TextColor
7f420794	fHackLockFlashIntensity
7f45ba4c	sndGunMovementStartSound
7f483299	FootHeightBlendingEnds
7f4b3f22	OnTargetNeutralized
7f516c88	tagcategoryselectionFillerTag
7f57aaec	fVehiclesStopDistance
7f588371	fBlurDrunkness
7f5af03a	bSpawnExtremity
7f64040c	Dispatch
7f66f7b7	fCoverExitSideDelay
7f695b44	Slot3
7f6a7a2f	waveagentcompositionconfigAgentCompositionConfig
7f6e1b41	tagcategoryselectionblackboardRequiredTags
7f6e5acd	fClimbOverSprintStartDist60_80cm
7f74dd6e	fileFoamTexture
7f76b01d	censuspredefinedactordescriptorPredefinedActorDescriptor
7f774473	ValidAffiliationFlag
7f77fca0	fLevelPerSecond
7f79aef4	locstridVrAlarmResetScreenText
7f7dee19	uizonesettingsKeyLocationEscapeZoneSettings
7f7fdd41	bUseRelativeSpeedForCollisionDamage
7f813fbd	fReputationModifier
7f81e33f	emotionHappyEmotion
7f87f646	fKamikazeExplosionTimeDelay
7f8974c8	bUseJumpHelper
7f8e471c	fDistanceToUnspawn
7f93e883	fLowHealthDistanceModifier
7f965fdc	locstridSequenceSuccessMessageLocId
7f9aa9ea	DodgeBoxes
7f9e282a	fCameraPitchInDegreesAtFullZoomIn
7f9e561b	SurviveGrenadeChargeUpTier2
7fa541ef	sndScanStopSound
7fa59527	fBeamHighlightSeparationIntensity
7fa708d3	availabilityrulegroupEventAvailabilityRule
7fad6fa1	texturedbobjectARGlasses
7fb376e2	CommandsInfos
7fb9f9f2	fValueReached
7fba8b34	selRootJointName
7fbcf855	fDelayXPRewardAttribution
7fbdd3d7	ActionSettings
7fbdd6a5	curveHeatCurve
7fc1bce3	RCExplosiveSpiderBoost
7fc81bf2	bShowClampedDefaultBadge
7fc8212f	VehicleCarExitRight
7fce3430	PlayerZone
7fd03e8f	fGoToLKPVerticalOffset
7fd36306	DamageScale
7fd6da50	Census
7fd92391	ShootResult
7fdaadf3	RangeMonitoring
7fe07671	fRestingWeatherAdvancingScale
7fe23425	fNetHackStartRumbleIntensity
7fe3208e	selAgentSubCategory
7fe5401f	fDownZD
7fe77cb3	uicolorpalettesettingsNotHackable
7fea55f0	bHasChanceForEqualGender
7febf1fc	fBarkDelay
7ff0b457	sndtpCooldownStartType
7ffb4286	Barks
7ffc53ab	selShopVarietyType
7ffcb264	fOnFootRaycastMinRadius
7fff4524	Swimming
8003750b	fStickNavDelay
8007d727	fMaxGravityFactor
800d742e	fTurretTargetUpdatePeriodMax
8013488c	bUseAbs
801459e5	fSinkingTime
80148f64	sHackTriggerRumbleId
801d6c48	vecPlaneLocalOffsetMin
80248f7b	sndtpSteeringLoopViolentEndSoundType
8024c356	fFogRegionIntensity
8035efab	bObjectiveTextMergeableAcrossBeats
8037a8c2	Prerequisites
8038e923	vectorBBoxMax
803a4b4c	bEnableReputation
803b200c	uiEnableEscalationHackNumber
803c611f	psFxExhaust
80423253	bUseCustomNearDeathSpotStrategy
80442fa7	selActionStartStimType
8046c7b9	fSubtitleDisplayTime
804dcf1e	TagsOR
80535053	fSpawnSpacing
8056948e	sndtpStateExitSoundType
8058d161	CanLockon
8059046d	uimenupageSettingsControlsMenuPage
805eebfb	fOppressedMinCooldown
8061e2ef	GlobalModifier
8061e657	uiMaxReactionCount
80676519	fWallJumpStartDist
806bc30a	fMinimumLevelForSpikesToHappen
806e402f	CloId
80724a45	Atom
807f77a2	LookAtData
808410c7	locstridAssignedWarning
80879efd	propMaskPropDbName
8088392f	ChainParams
808912f5	fInitialRampDownDuration
8089dc0b	fTorqueFactorAtMaxRPM
808d861e	AttractionDuration
808e0786	fCoverCornerTurnDelay
808e0daa	fPlayerInteractionConeHorzAngle
80924ca1	fNetHackWavePulseDuration
809a4cdd	iScopeMaterialOverrideIndex
809b4309	bExplodes
80a18942	uiBatteryUsedForStun
80a1b7d5	fBuffParticlesLifeTime
80a21055	tagcategoryLeisureTagCategory
80a23483	fBaseColorMultiplier
80a88247	vecCameraOffset
80a8f95d	fCollisionShakeDuration
80ac1c43	LightParams
80ad6afb	iCryptoMax
80b40f45	ReinforcementHumanConfigs
80b6ca8f	selEnemy_Tagged
80ca424a	curveAtenuationMultiplier
80cd6f45	vectorCenterPosition
80cf5057	HeatLevel2End
80d11f0e	fRangeMin
80e457d0	fNightSkyGIFactor
80ea4630	HintPathList
80ead38c	fTimeMin
80eb3bfc	fDisappearProfileDelay
80ec073a	fProximityInCarDetectAIDistance
80ed44bf	Localization
80ee8936	sndProjectileThrowFail
80f27553	sndtpWipeChargeType
80f2e8cb	GraphicKitTagPropagationConfig
80f34e83	NoAssociate_NoLocation_AllDay
80f479af	KilledMobster
80f698fd	AvatarMultiLeftShooting
80f874cd	Disable
80f8b38e	curveLockBrakesAcceleration
80fc8699	fFStop
80fec513	bObjectiveTextMergeable
8105fb20	MoveParams
810d6000	curveProceduralMovement
81161f57	fSwerveStiffness
8116f8c8	iTrickBarDecreaseSteps
811a9a0f	bUsePathfindInSpawnSystem
811aea8c	fRetryGenerationTimeout
811b217e	bApplyAnchor
811b4e77	fCoverCornerTurnControlRegainTime
811d967d	phonecommunicationsettingsPhoneCommunicationSettings
811e178a	cloanimalactlistActionList
81204b29	bUseForExplosions
8121bb75	sndEngineReverseStart
8121ee90	sndAnimationChangeDirectionSound
81268aff	CurveSettings
81292b84	StatusLightSwitchAllegianceParams
812aa358	DistanceWeight
812fafe4	fAnticipationRadiusDrivingVehicle
8130503c	InventoryItemListNames
813313e2	iMaxOnlineLocalGifts
81331950	bSupportSingularAttacker
81397a7c	bThrowFromMainHand
8139fbc0	Wind
813e1bf4	uiHours
81426096	sndScanStartSound
8147b3b1	WarnOfIntruder
81505091	fAngleForMinTurnRateStopped
8155660b	fLightOffset
8158ce26	fEmissionMinWindSpeed
8158fd94	sComment
8159066d	fileReticleShotgunBlockedAR
815b69c2	fStarsIlluminance
81695b01	sndReload
81695d97	PeopleSpawnInfo
816aee39	fShootingPatternCooldown
816ddbc1	sWeaponGaugeMaterialName
816e8b02	uiShopCashMin
816f68ec	SeePlayerInWarningZoneInCar
81731742	fBigStimCollisionFactor
8175ae54	fDropSpawnRate
8176556b	uisoundPopupAlreadySelectedSound
817cd495	vectorSpeedNoiseXYZmaxRange
8180e211	ContractSelection
81845e8c	fMinDistanceSq
8185697f	curveFogOpacityIntensityBoost
81937e08	vec2InitialDelay
81954214	bPendingDeportation
819c2712	fHackLineAvoidJoltIntensityMax
819c6553	MyModifierType
819ecb6f	bForPlayerOnly
81a19d30	fSearchRetryTime
81a56552	sndtpOverchargeStopSoundType
81a741d0	selModeType
81ae8852	MobsterEntityMapIconConfig
81b8442a	bMapCtxDetectorStealth
81bbf546	TreeLeaf
81bc2d99	RCDestroyed
81bd207c	fProximityBhvDistanceMin
81bda0bf	fMaxUp
81bea695	fSideFriction
81bf131b	SoundList
81c185ea	curveMaximumExposureValue
81c2b486	fDistanceMax
81c8f679	Hunt
81ce6015	bLoopEffect
81d039e2	locstridFailure
81d8bdab	ProfilerSettings
81d9c3dc	fEmitRateSpeedMinValue
81df8d9b	texturedbobjectDogShockCollar
81e85a73	humanconfigThiefMainVehicleDriverHumanConfig
81ec22c9	fBaseAlpha
81eccc80	curvePaintedGIIntensity
81f2b464	fDamageMultiplier
81f91362	fVehicleSelfExplosionImpulse
81ff1a30	fileTurretLayeredMove
8200f23c	fHangDoorShuttedSoundCooldown
82021eba	uicolorpalettesettingsFriendlyColor
820306e5	override
8207075b	selPropSlot
8208e7a7	fMaxHandBrakingTorque
820b9d82	fTotalClutchingTime
82170abf	fStopWhenIAOverEscapeRadius
821f2769	Carjacking
821f7d59	GlobalLightColor
8227c6ae	locstridEventPropositionInputActionLocId
822bce30	DroneDogfightSettings
8231e358	vec2AbruptBrakeSpeedMinMax
8232657d	sndHackingIngredientShutdownExpiringSoundId
82338df6	bBarkSeekingCoverUseRaycast
823febca	sndrtpcRTPCType
8245eed1	fLeverageDuration
824622b4	locstridShopName
8246b20c	RewardOverrideNarrativeHacking
82493459	fDoubleVisionRollTimeMin
824a23ba	FX
824a42e3	dronehuntstatesettingsDroneHuntStateSettings
824ca154	fMinimumSpeedStandStill
8251c2b9	DetainedStateMarkup
82544900	bHasLightRadiusOverride
82558e5b	locstridReachLocationObjectiveMarkerLocId
825d0432	sRotatingReferencePart
825d77be	curveBankingDistributionCurve
8261994e	bAmbientSunFrontIntensityOverride
82643a84	fileReticleShotgunNormalAR
82646f71	tagcategoryselectionblackboardWorkTags
826610a6	fPivotPositionLag
82662e2b	StatusLightAiCombatParams
826643bd	locstridPunctuationMarks
8267b9eb	ScoutXTargetNotAvailable
826b987b	MiscConfig
826c2eb2	fMaxPurchasePrice
826d1c81	Lure
82708799	iEntriesToAssignOnUprez
8270f921	curveSpeedRatioTimeScalingCurve
82782672	fMeanderForwardMaxDistance
8279d8c7	fMinDistBetweenPlayerAndHackableWhenWantToArm
827bd1f3	MinSeperationDistance
827e6470	fMinExplosionDamage
8282bbdb	fDeliveryDestinationSearchMinDistance
8283ec3e	fPackageHealthNotificationDuration
828ac6cc	pdmodifModifier
828b0e0e	locstridMediumLocId
828bbc22	locstridwarningAttemptsLeftHeader
82901950	iTextureFlipbookCountY
8290f020	sndBatteryStopCharging
8291d2a4	uMinNrAvailableOperatives
8293a3a8	locstridVehicleHealthBarHeader
8294d123	LockonParams
829736f6	DartHighValue
829c50d2	poseanimationremapMouthAnimationRemap
82a094f2	cinematicmodePhotoFilter
82a85948	fMinSpeedValue
82adb8d2	fileRainDropTexture
82aecb30	uizonesettingsAIAgentForbiddenZoneWithAccessSettings
82b1356a	m_affiliationsRelationSettings
82b626a7	vec2FovPitchUpAngles
82b73bea	fDistanceDonutMinDistance
82b90603	sndtpToggledOffStartType
82c29be0	locategameplaydescriptorVehicleLocateDescriptor
82c6544f	locstridTargetName
82c6ba13	fMaxTimeTooCloseFromTarget
82cca203	fCrosswalkAnchor2
82cdfe22	fileReticuleSingleShotVehicleFriendlyAR
82d005be	bAlwaysBreakFromDebrisCollision
82d40cf0	sndswvlSoundSwitchSmallObject
82d8f80e	fStrengthMax
82d949f8	curveAccuracyDistributionCurve
82dbba96	fDurationAIDriverVehicle
82ddf8ac	fBarkCooldown
82e4dc2f	fFocusPointSmoothingSpeed
82e62beb	bSwatTruckNPC
82e6aa95	bBlocktInputs
82ed9952	MinMaxInterval
82ef1dae	DisassemblePrice
82efbbc5	fJumpOverGapIdealWidthSprint
82f25ed3	tickertapeemitterEmitOnCollision
82f31087	locstridParagraphText
82f967a8	fTranslationLength
82fa4454	fDetectionProgressToTrigger
82fe5ed7	fZD
8303ee9f	fMaxEntitySearchRadius
83041eec	bPlayerStunned
830523e1	sDataTrackElement
830c73cc	ProfileModificationConfiguration
83102315	bUseDirectional
831592b3	profilingpathpresetDiscoveryTrackedOpPreset
831633f7	uisoundChangeBagsSound
831f8c42	archSteeringCurve
831fe161	AvatarConversationInteraction
83242233	fMaxEmitCoefficient
832470db	curveLineWidthOverDist
83296935	fCameraJumpFactorForAnimation
83297f15	fThreatMinDropRate
832df4e9	vehicledifferentialCenterDifferential
83353f90	fPingLinesMaxScaleDistance
833d0e6d	fSwerveOverrideStrengthAIDriver
8341fa48	sLeft
8344d80b	ExtraStimRadius
834678b0	WeakpointsIdsData
83475fee	matMaterial
834941fb	sndSFXRocketLauncherGoIn
834ba562	DelaySettings
834db555	fSecondLateralCoverDefendAngleLimit
834faf05	MeleeCombatLockTwoEnemies
83512539	vehiclesbankDefaultCivilianVehicleBank
835f1962	TrollingCardEntries
8364dd02	sndReverseOverheatStopSound
8365ed34	LightEffects
836955dc	fExposedWhitePoint
836ac9f2	PlayerSway
836dc343	NoDamage
836deaf2	Weather
83705a32	Locomotion
8370f4ae	fPitchMovementMax
8374cc33	fPuddleStartAmount
837e9601	TargetIsFlyingDroneTimeToReachMaxModifier
837f37ac	fEmitRateMinValue
83818858	locstridStealText
838a4c0e	fEmoteDuration
838b5a49	fSpringKinematicRatio
838fa8a6	helicopterparamsHelicopterParams
8390a411	bProfiling
8393dc0b	selEnumValue
8393eeb3	uitweensettingAnchorFocusTween
83963031	BaseInclusionFilter
839b8e4a	fFollowYawLagRangeAngle
839d5dff	Index4
839db067	fStrength
83a0e000	DominoScriptDescriptor
83a2d067	fImmunityDelayAfterSmallStumbles
83a5a337	curveEngineOverheatAcceleration
83a6f24a	nMaxPublicEventOpLocationHistorySize
83aea7ee	fCloseDistanceMinTime
83b20eba	fClutchMaxRPM
83b79fd6	bHasChanceForEqualOccupationGroup
83b9cd83	selRule
83c54518	fWeightAsPercent
83c86ef6	fileFlipbookTexture
83cbbaa6	LoftElement
83d35745	vec2BlendSCurve
83d48005	bIsFemale
83d6f728	ObjectiveLogicPickerSettings
83d86f6d	CLOEvent
83e181d3	fileMovePath
83e45224	selDriveContactMaterial
83e722f5	locstridTextContent
83e94e53	DeliveryConfigSelector
83eaa84d	DroneConfigDefaultSettings
83eb3c62	GroupBehavior
83ec36eb	uiDistance
83ec6c6d	SoundID
83efb8f6	sndvarDialogueVolumeRTPC
83efebba	JumpOverGapMaxHorizDist
83f2181a	OasisTextMessage
83f5a260	fLaunchBrakeInputThreshold
83f9e376	PlayerStaysInWarningZone
83fddf08	fWalkStopDistanceThreshold
83fef371	LayeredMoveWhenWaiting
8400d876	RoleID
84073ab3	ObjectiveTransferDataAnyOverrideSettings
84097e8b	PressurePlatePuzzlesData
840af062	bAgile
8414def6	SecurityAlarm
84163328	Dynamic
84167f2d	vec2AbruptBrakeSpeedCffMinMax
84186b49	itemsItemDBObject
841b9858	CounterAttacks
841be358	bDisableRingOfSteel
841d75eb	DebugParkourList
842366b5	bTriggerLookAt
842bb316	fAttachDetachDuration
842c0978	sndBatteryCharged
842d439d	curveSkyHDRIntensity
8434220b	fAIDetectionDuration
843d84f7	colorBeamColor
843f6f9b	bIsUsingSpikeTimer
844008e1	RoleSetting
84415112	texturedbobjectDroneDockSpawnChase
8442e2cc	fTyreShootoutTimeBeforeEnabled
84438d99	fOppressedStateNPCDoorSpawnScale
84438f2c	TestConversation
84445043	fFlashingPeriod
8447bc9a	fRespawnOverride
844d5b01	fCoverEntrySideCameraDotThreshold
844e14c1	selVisualEffectType
845d1e7f	fStimRadius
845e26fa	bSecureFollowReference
845fda67	bareknucklefightFight
84606e22	TeamConfigs
8467b4fb	fApproachZOffsetModifier
846965c8	uiMaxNumberOfPossibleShots
846be306	HeadOnRam
846ec32f	selFallHardStimType
8473a33b	tagcategoryselectionCastedCharacterTag
8473f1dd	CoreData
84785196	uitweensettingOnScrollTileTweenSetting
84794a68	bMustKillAllToWin
8479c08d	bEmitOnDeath
847d4786	fExitReactionChanceOnStop
84814824	dStartAngle
84830dd7	vectorTarget
848835f8	bOverrideExtraCreation
84896fd1	sDispatchCallID
849463d7	curveBaseFogIntensity
849782d1	bUseBorder
849a611e	fGunYawStiffness
849d46d9	selDistracterRole
849e75bb	SlideOver_To_JumpOver
849fd1c7	SchedulingConfig
84abcb74	Bollard
84ac0681	AttachmentPartScale
84ac38b4	Tier
84ad7f1c	iValue
84b27b56	fVehicleCrashingRestitution
84b47787	bCanUseShortcutLane
84b61928	fTimeSameFocusedWeight
84b64865	fMoveBackRange
84b8b5ea	coverselectionparametersCoversJammingSecondForwardCover
84b9dd4f	sndtpExplosionNoHoodSoundType
84bbb57e	fWanderSpeed
84bc2699	AvatarCoverAimingLeftLow
84bfff1d	tagArenaTag
84c283c7	gradAmbientSunBackColor
84c8afbe	fTemperatureLatForceScale
84c8bd5c	clrMoonColor
84cfaae4	DrunkPersonSmashed
84d03b4a	vehicleVehicle
84d21055	fSoftShadowMaxKernelSize
84d37680	nMainSwitch
84d46489	ForceShield
84d5a0e0	splineloftLoftElement
84dcfb04	Batteries
84e048ad	curveSteeringCurve
84e324f9	bCivilian
84ef6d73	fMovingPushingNoneDecPercMultiplier
84f099e6	Index0
84f0c2b9	MeleeCombatLock
84f475ac	fReactionTimePenaltyPerToken
84f5c19d	chasestageconfigMobStage
84f795f5	fCorrectHeightCooldownTime
84f79baf	uicolorpalettesettingsDenunciationBlumeColor
84f7af19	fSpinVelocityDifferenceLock
84f8a720	fileIngameMapPathID
84fb3782	HackArea
84fc8d59	CarOnOpenBridge
84fd8cd5	BounceFeedback
85004b34	fMinCollisionSpeedForEject
8502bbf3	bEnableAimAssistOnEnemyPlayer
850ac54e	bEnableWhenDroneDisabled
850d4af5	fDurationInRealWorld
850ebdd1	selHackCategory
850fc6d5	fTargetDriftAngle
85152f73	fOversteerMinRearLatSlip
85183c5c	OnEnterEffects
85188a11	sBoneName
851aa26d	fDisabledDamageMultiplier
851cfa3b	vectorCloPos
851e03d0	bIsInfinite
851ff4d3	selLayerLegacy
8522248e	fMediumRadius
8522e7a0	sndtpJammerSignalActivatedSoundType
852c5081	fileSplashesTexture
852dc281	fSpeedLimitFast
85305697	BlendOutParameters
85311b71	hackingprofileHackingDefinition
85335994	DirtAccumulator
853f8e67	fileReticleAutomaticBlocked
8542abff	bShouldForceThrowRocket
85444592	SpotlightPlayerFirstPersonSpotlightParams
854a6ee0	fDrunkEffectsFadeInOutTime
854a798d	Reputation
854aa40f	selSelectionPoolPriority
8554e6fa	Fast
8556c262	PMSValue
855f8807	locstridwarningAttemptsLeftHeaderSingular
85624d39	progressionquirkOverrideQuirk
8562838a	Reticle
8563666f	fRewardTimeInterval
8564c85d	sRumbleId
857064d6	fMovingPushingMediumIncPerc
85706e94	operativepropertyfloatPropertyId
8570f94c	HaxxorOperationMission
85777837	bCloseCameraOnCompletion
857a80f3	fGripRatio
857ac043	fMaxAngularSpeed
857d80a4	curveAngleDiffWeightFactorCurve
858034f4	fPenetrationFactor
8581bae5	sndSoundTrack
858bc51a	locstridEngineOverheat
858f23d0	sPostFx
859000db	ExtraStims
859de1a0	progressionatomvariableVariable
859e7d49	texturedbobjectIngredientShutdown
85a03c82	locstridIsRelationRelationLocId
85a30e29	AffiliationOverrides
85a32091	selSubAffiliation
85a3fd08	sndInterludeEvent
85ac251a	fDistanceToEscalate
85b479fd	Actor
85b73ccb	opslistPattern
85b88b16	uiNameCensusFieldId
85b91a91	bFollowPitchUnderObject
85becb99	fPerfectBarMaxPercentage
85bf3cc1	Worldmap
85c30304	DeliveryWithBoxLandOnDock
85c817c3	Material
85c8fad0	fWeightPercent
85ca01ad	locstridTBoneBackWeapon
85cc2010	fileGreetingMove
85cf1deb	fRainSpecularPower
85cffc24	mapicondescCoopPlayerMapIconDescription
85d35563	fMinDroneDistanceSq
85d5d0dc	sndHackingHackDisabledSoundId
85d8f0c5	locstridwarningInactiveTerminalHeader
85da77cb	degangvecRelativeAngle
85db3f4d	iFelonyStars
85e62ae6	fCamFieldOfView
85e66a90	fAlphaDuration
85e87464	locsectionidOccupationType
85ec6d32	CombatPropagation
85ecc8e3	SkinElement
85ed816e	sndEngineIgnition
85f2d05c	sndtpDetectingSoundStopType
85feb1d1	CompletedTrigger
8608993c	AvatarCoverRight
8609001d	fFakeGearShiftFrontTranslation
8609bef2	fIconTimeOut
86100962	entParentPatrolId
861554af	fFailedTriggerUiDuration
861cb1cc	curveSafeCorneringCurve
861d8b78	sndLaunchHelperStart
861e7806	dataunitbrickdescriptorDataUnitDescriptor
8620b76d	selLaunchGameModeType
86255dd3	fCallerKilledCooldown
86265b68	fDelayBeforeSpawningEmergency
8629a1b5	singleclocreationsettingsCreationSettings
862bb211	colorNodePoweredColor
862c31df	fSideRamAngle
862f19b0	bAlwaysHandle
8630d295	uiDesiredDriverNPCs
863681c3	StatusLightPlayerTeammateOverchargedParams
86369306	fStimsTimerLengthMin
8636d233	fOnFootRadiusLOSNear
863ff59d	locstridMissionConvoy
86406e19	fLensFstop
864be3a3	ScoutXTargetNameLocId
864c5554	mapicondescLockIcon
864c59a3	bMustIgnoreStunCount
864ccb8b	VehicleKillCivilian
86503b18	MinActivationDistance
86526f43	curveScattering
8655cb1f	bVisualPhysicsDriven
865629f9	uiMinCivilianCountToStart
86567520	fReactionStressThreshold
8658988f	sBreachStartCallID
86593e3a	entResetEntityID
865ae760	fAlertHardDeadBodyBarkSearchTargetAdditionalRandomDelay
865c5947	fMovingPushingMediumDecPercMultiplier
86724e58	bIsConcussionShot
867392e7	fileToSkeletonUrl
8676c3af	EnableFOVRearTracking
86796387	TeamProgression
867af21b	fDelayIfHijackedTargetMax
868644a1	entSpawnPoint
86874240	InstantGrabBreakoutRule
8688efe2	fBeamExtension
868f1f67	fGearShiftDownTranslation
868f96e6	fTimeBonusPercentage
86902b8c	bIsParking
8691eded	PathBlockedBark
8694744f	locstridStepStateOff
8694f9fa	fTimeScale
869542d8	selAgentSubcategory
869a5618	Practice
869af5e2	BurstAmountMin
869e9ac9	locstridConciseTimeLocId
869faaaf	fDistanceReference
86a2a5aa	mapicondescOperativeFocusMapIconDescription
86a44198	selOpLineEnumId
86a74714	FillerConversationGroup
86af5326	bReinforceOnAllPlayers
86b2e386	vectorLocalTranslationOffset
86b78bd1	bSoundOnlyForPlayers
86b954ec	bIsRepeatable
86bb0ab7	LensDOF
86c53c24	AutoExposure
86c98390	sndtpStateEnterSoundType
86cd9d3a	SkySettings
86cef28b	iDifficultyLevel
86d373b8	fVehicleSoftDampingTargetFrequency
86d488a0	iVelocityRef
86d9b3a6	fSelfDestructTriggerRange
86da9dab	AvatarHacking
86dd3514	curveSunExtinction
86e15b87	bForceUsingPosition
86e201e2	locstridEventDownlaodLocId
86e8046d	sndStateEnterSound
86e95a94	coverselectionparametersCoversNormalSecondForwardCover
86edab6d	fAccuracyFactorMaxCrouched
86f04a50	RandomNPCFelony
86f052e0	DefaultParkedCarsDensity
86f3fea3	ItemTypesCooldown
86f4591d	censuscontractdefinitionContractDefinition
86f5d470	vectorTintOuter
86f9ad09	iAtDamagePercentage
86fd6d98	possyselementIconRevealed
8702e0f1	MusicPositioning2D3D
87043b51	StimSettings
870453dd	HitByRCScissorLift
8708c9e4	ActivityPanelSettings
870ad6f7	fDistanceToIdle
870e6fb7	sMapName
870e9884	bObeyIntersections
8714f7a7	uiSpacingBetweenRoadblockVehicles
8715472f	BarksThrowGrenade
87203862	GrenadeInHand
872312df	digitaltriploadoutsdescriptorLoadouts
872464e9	texturedbobjectDroneDockSpawnDelivery
8727e1b1	CoolDown
8731e3aa	colorNodePlayerColor
8737ebfb	locstridRewardName
873b56ce	locstridNoAssociate_HasLocation
873ee356	uiWidth
8744746e	lobbyparamspresetLobbyParamsPreset
8744e590	ReinforcementLights
8745823b	fRecentSpawnTimer
87463849	sndtpInvalidHackSelectedSoundType
87486a07	fPlayerMeleeMinDistance
874fb835	fRainColorIntensity
87502963	fPlayerDiscoveryRadius
8751c172	nDroneDescriptionCount
8753c3ba	sndSFXStopReload
8758a4ab	fSearchPhaseDuration_4Players_1vs1vs2
875f89e8	texturedbobjectDataDriveTexture
87652cb2	colorColor
87689185	iAmountToAchieve
8769847b	curveTriggerChanceVsNbrCollision
8769df98	FemaleToeBoneToHeel
876aa5a0	fSecondCoverPreShootingTime
876c2d13	Static
876e9370	fMaxSpawnDroneDistance
87708469	iMinGunLockCount
8770ca1f	curveMaxSpeedTimeScalingCurve
8773d475	ChassisSubshapeName
87745544	EmergencyShooting
8777a41a	Vehicle_FrontRight
877846e0	fleebehaviordescriptorPrisonerReleaseFleeBhvDescriptor
878ca52c	fTargetNearbyNotificationTimer
878e0291	sndTakedownBySteamPipe
8792109b	nethackingconfigInteractiveObject
87964b2d	selIncidentType
87a2d3fe	fBounceNormalRestitution
87aafd49	DeviceConfig
87ab1e57	locstridMedium
87aba587	fCounterSteerSpeedCap
87b0ebfa	fIntensityMultiplier
87b5c880	DroneMalfunctionStateSettings
87b60536	Effects
87b6e5d9	sndLockingOnComplete
87b7a8d6	ObjectiveDeliverAnyVehicleDescriptions
87b7cb04	MaxVehiclesToPlay
87b7fd3f	IncomingClimber
87bbb209	fileSmallCheckpointTexture
87bdc0d0	fHackLineAvoidBackSidePositionSidePushRatio
87c1deea	fLensFocusLagNear
87c59c38	archCameraAnchor
87c77ddc	fSlipMin
87c8dbd9	bCanBranchFromAnotherChain
87caad9f	vec2FollowPYLagSpeedCoef
87cacbc6	locstridSequenceSuccessDisplay1LocId
87cd2948	nExtractFromPDAOverrideMaterialIndex
87cf984d	fCheckHackableToArmFrequency
87d0c9b2	iPerfectCombosRequiredForTricks
87d6efb7	wolfskinitemdbMaskFemale
87de5359	sndPickupLootSound
87e37584	TeleportRules
87e47128	fWaitForAlertGuardsTimeMax
87e63ab6	uiNumPasses
87e681f0	archetypeconfiglistRaid_09
87eaa3a7	vectorButtonOffset
87f26714	WorldSearchParams
87f8eb5a	texturedbobjectBite
880031a8	curveLayeredFogIntensity
880135e3	nethackingconfigCivilian_Uncommon
88014782	fOscillationOffset
8804b6f4	sndRidaz
8805a0cf	animalconfigPigeonDefault
8807c346	curveCenterOfMassZOffsetCurve
880e5b69	DialogSettings
880fc545	selRespawnStrategyType
881152bc	AvatarCoverAimingLeft
88120b99	sndShopInSound
8815319a	bStopBeamWhenOverheating
88173b45	GlobalTriggerCooldown
881805a8	AverageItem
881b2216	fOuterTurnDetectDistance
8826cbd3	fDelayBeforeRestrain
8827763f	SmallCloseObjectBroken
88288f1f	PartName
882a263b	sndOnExitSound
882aa093	mapicondescAIDetectionHighDetectionIcon
88327e40	fRotationsTotalTime
88350c41	PawnInfoConfig
88358ab2	fHighLongitudinalSpeedCalculationThreshold
8838ad5e	itemdescriptorItemDescriptor
883bbffa	curveMoonSpriteIntensity
883caf5c	IconTexturesList
883f5160	sndtpWipeAttackType
883fe633	FailCriteria
88417f2e	iHeatIncreaseCriminal
884a6230	uiDesiredSlotNumber
884edba5	ETOCurrency
8854778a	vectorDrunkEffectsTintOuterMax
885542a7	vectorObjectOffset
8855949f	fDofFstop
885e4641	tagcategoryselectionWorldBoundaryTag
886014f6	bInverseSideSelector
88715ffe	bFreezePivotZ
88750bc4	fCellRadiusSquared
88759667	fLerpDonutPredictionTime
88777248	fWheelsEnterWaterFadeoutTime
8888036d	selWeaponCategory
88890f55	sndtpStateStartSoundType
888d50dc	uisoundPremiumShopHoldSuccededSound
889338e0	FoundDeadBody
8896a5b4	fPVPRespawnTime_4Players_FFA
8896bc66	CombatAIDelayParams
8897533d	tagcategoryselectionblackboardDisallowedTags
8897ab28	TraitorThreatenExposed
8897cd76	nHumanCount
8899b732	FOVFrontCombat
889a80bb	uimenupageCourierAppPage
88a43de7	fFormantTwoShift
88a4911b	vectorLaunchHelperShakePRYmaxRange
88a679d0	bUseNormalBrakeLoadBasedTorque
88a78106	fRaidEndTimer
88a79364	fWindNoiseTextureSpeedInKmPerHour
88aec428	BoroughUprisingActivityOps
88b18c83	locstridArenaFailedLocId
88b3e217	iBurstAmountMax
88bdd21d	Cut
88bdf112	vec2ThreatZoneExitChance
88bf9e6b	ClothColors
88c47365	Detection
88c50b3f	fPingFeedbackMaxOccludedDistance
88cb638e	PlasmaMadResource
88cdd5b3	EngineSound
88cf0dcf	VehicleConfig
88cf7e90	videosMainMenuBackgroundVideo
88d2a70c	EpisodeName
88d8a391	fMinDistanceToUse
88d8f631	sBehavior
88dd071e	RareRewards
88de96b3	fMinFOVCorrection
88e6577c	bAllowCapabilityToShoot
88f812ca	sndtpCloseRackSoundType
88f829d2	InteractionTypeA
8901cfa9	bIsFollowEnabled
89034724	bLoopSequence
8905f1d0	PlaneNormalDamp
890871d3	fWaterDepth
890c8106	pcKeyLimit
8911299c	bDisplayFocusedBoroughOnly
8911382d	vectorSecureOffset
8911afa8	fEmergencyLightsFOVMaxDepthModifer
891542da	UI
8916e8d0	uimenupageGalleryAppPage
891b86ab	SuppressiveFire
891bb347	locstridEventLocateHackerLocId
891c87f6	archFinished
89257171	fBlackScreenDurationBeforeLoadingScreen
892c2264	EndStage
892cadb4	bHeavy
892e117b	psSteamLeakParticlesSystem
892f1dad	fMinBonusIntegrityLeft
892fa3f7	psDestroyByExplosionNoHoodFx
893782e9	locsectionidLastNameOasisSection
893d09c2	archetypeconfiglistRaid_01
893d2f18	IsAutoReloadOnSwapAvailable
893f9c4d	colorCooldownGaugeColor
8942311b	fSunShadowInertiaStartAngle
8949ea0f	filePathTexture
895065a2	fWeakStateAngleLookAt
89546422	NewsStartBark
8955ecfa	selGenderRestriction
8957be53	IncomingRCForkLift
89597bde	fTest
8959e492	fWipeDurationCriticalHealth
895c4d9b	fCarryCameraModifierDelay
896127ac	colorAlarmColorFullReset
8965164a	fBallImpulse
89658e80	sndSFXWipeAttackCondemned
896e42f8	MaxRange
8978a690	sndEngineOverheatSound
8978ec1f	curveLockBrakesPlayerControl
897951e1	fRetryMoveCommandDuration
8979ce3e	fFadeOut
897d2a12	BrakeAhead
897d2d5a	fFleeReactionThreatLevel
8980b42c	SeeSuspectActivity
89818d7c	fFeedbackRadius
898321d2	fSuspDampingCompressionMaxForce
8984d4cc	BarkDescriptorsConvoyStart
89882aec	MaxHeat
898f6a0b	LegendaryNPC
89902e25	CProgressionGeneralSettings
8991bef6	fMinRadius
8992d610	ProfileTrackingEnabled
89946ff6	CanSpawnPlayerInOpenWorld
899548a8	curveHardDrinkerLevelDecreaseSpeed
899cd981	fGameStartCooldownMax
89a1d4bd	fCameraNearDistance
89a9eae1	bIsKeyLocation
89aaf80f	TraitDiscovered
89ab6685	fGranularSynthesisMinRPM
89b47511	sndHackingDefaultSoundId
89b4818e	fMaxAttractDistance
89b4a974	bDisableVehicleUsageAfterTransfer
89b4ad1b	bEnabledOverride
89b93a80	LeftForeArm
89ba1233	uiSpawningBudget
89ba62b3	sDebugString
89bd93b5	sndtpHackingIngredientAttractSoundType
89c68116	DefaultAffiliations
89cb39e0	HipsPitchLeanVelStart
89d015c1	ingamemapservicesettingsentryDefaultMap
89d0338f	UIMessages
89d23607	bPlayAnimEntry
89d46b2d	locatebrickdescriptorLocateDescriptor
89d5c0a1	fChassisUnitInertiaRoll
89d5f4b1	fMaxUpFriction
89da3d2c	sndSFXMachineGunGoOut
89dc11a8	locstridLandmarkTitle
89e0bc6d	mapicondescFriendlyPlayerMiniMapIconDescription
89e6a2c4	bDisableReinforcementCalling
89ea3fd6	vectorProfilerSoftLockIconOffset
89ec412e	Pigeon
89f03ac9	PlayerHostileActionInFallback
89f913e6	bBarkTargetKilledAnswerUseRaycast
89fc8fd4	VehicleDistanceFromPickPoint
8a01efd1	RaidModeUnlocked
8a0a5abe	MaxRaycastHeightRadius
8a0d13a9	uisoundOnOpStarterPingedSound
8a1391dc	bRoll
8a13cd27	selGender
8a187a75	texturedbobjectCategoryIcon
8a1b5d21	FakeAccRotation
8a1deb63	Members
8a2a79a2	fDropMaxVelocity
8a2c7852	VehicleTypesBanned
8a304a90	fDeathCamGridModeDeltaTime
8a31fc18	uCategoryPriority
8a32af1e	wolfskinitemdbModel
8a32c245	sndChaseStoppedSound
8a35014f	AvatarThrowCoverAimingRight
8a36998b	fChanceToDetach
8a36b28f	fBrakeToAngle
8a38f97a	IsAvailableExotic
8a3d8a37	fMaxTimeForDiscovery
8a4951ce	fileLeftHeadlightTexture
8a4f92e1	entBoundary
8a4ffd99	AttractRadiusOverrideRule
8a5137fc	bUseCenterOfMassHeightForTyreForcePos
8a5206dc	censusactormemorydefinitionMemoryToApplyOnCrowdOPCompleted
8a5325e3	AssemblePrice
8a5b248b	selGroupBehaviorRole
8a5cd965	dronehackescalationstatesettingsDroneHackEscalationStateSettings
8a61ad5b	StatesSettings
8a66a60b	sndtpBulletHitSoundType
8a6ce690	vectorRotation
8a6fc3be	selAlignment
8a6febab	wolfskinitemdbOverrideWolfSkinItem
8a74f6c1	vehiclebhvsetupBehaviorSetup
8a7847c3	HighResPortraitSaveSizeHeight
8a791d8c	fContextValue
8a7af434	Celebrity
8a82cb9a	bOrbitEnabled
8a89244e	locstridPage3
8a8d9d26	ForceCombatNoLKPUpdate
8a974481	RoomStageTransitions
8aa06865	bSunLightIntensityOverride
8aa0fd8a	fChargeSpeed
8aa1b885	UnderFireBark
8aa48470	curveSpawnInterval
8aa54e56	uimenupageWardrobeItemsPage
8aa82293	OnCLOInterrupted
8aa8e6c9	fOversteerMinSpeedMs
8aafbd41	locstridAllDayTimeRangeLocId
8ab1e04a	fTimeToReachTargetDriftAngle
8ab260f0	CrowdAnimation
8ab4b466	MinNbrValidator
8ab67d7f	HealthCritical
8ac184c1	locstridLeverage
8ac682be	psRegenEffect
8ace6edb	bUseDeathTollCondition
8ad2579d	sDebugRelicSceneName
8ad76771	layerBlendSettingsID
8adad7d9	fNearlyExpiredDuration
8ade562f	gradColorTint
8ae095aa	bRestrictToVehicles
8ae54da9	fPVPRespawnTime_4Players_1vs1vs2
8ae851ac	fRefreshTargetPosDistance
8aea4a3f	fTurningRotSlowLag
8aec7094	locstridUnlockedMicroDroneNetworkMessage
8af11c60	nHistoryMaxSize
8af3d3d6	uTotalFlashCount
8af5a8aa	clrGain
8af70153	bIsRecurrent
8afdb004	vectorParticlePositionOffset
8afde6ae	Combat
8b000f91	fFollowRotationLag
8b011310	fToe
8b061c01	selFlowClassName
8b087b3c	Look
8b0a8bdc	locstridPDANavigation
8b18b37a	fShakeDuration
8b191020	BarBroadcastPrograms
8b1de698	selShooting
8b1e37b4	SoundReverseGear
8b1fb26b	mapicondescObjectiveLair
8b211101	PipeIsAllowed
8b228abd	humanconfigGruntTwoHandedWeapon
8b2443d0	fMinChaseTimeBeforeActivation
8b25bd10	fIconAlpha
8b2648cb	locstridBroadcastPanelTitleId
8b294bba	fMoonMIEScattering
8b2bde6c	vectorShakeRotation
8b332615	ScreenGlowMalfunctionParams
8b3710c0	progressiontagProgressionTag
8b476feb	progressioncollectablecategoryCollectibleCategory
8b477d66	fCooldown
8b49510a	progressiontraitwithemptyOverrideTrait
8b4cf7d0	fCoverSideExitAngle
8b4d9dca	fScrollSpeed
8b57c178	uiIndex
8b592ce9	fWaitForCombatWarningNoAlertTimeMin
8b5bf59b	phonecommunicationsettingsOverrideTeamspeak
8b5dfc30	DedSecEvent
8b5f643b	fRelaxationCriticalDampingFraction
8b637eb9	fCounterSteerMaxSpeedForSlipAngleLimit
8b6679a5	selGroup
8b70c0bb	selMotorType
8b7468fd	mapicondescAIDetectionLowDetectionIcon
8b76c584	fForceFullBodyOnFirstTimeFactor
8b78021b	detainedbrickdescriptorDetainedDbSettings
8b7ccc91	WalkType
8b7d2062	fActivationDistanceForArrest
8b7d8c92	progressionmodvariablesVariable
8b80df51	bEmitOnCollision
8b819427	DebrisPseudoPrefab
8b828e0d	selCinematicDialogPriority
8b84b27e	nethackingconfigRemoteControl_Ally
8b850ed9	fMaxLifetimeAfterImpact
8b8747d7	RCCraneTraveLift
8b91c672	FloatListProperties
8b92c68b	fInterceptionPointWaitTime
8b945419	bDisplayReticleBetweenRateOfFire
8b9ae5ef	fMin_speedOrientation
8b9dfc56	fReachOrbitLookAtIntervalMax
8b9fe711	bScaleAlpha
8ba12bd0	Contracts
8babc9dc	archetypeconfiglistBoss_Marksman
8bac5513	fEmergencyShootingMinDistanceWhenTargetInVehicle
8baf1bc2	X404OpsConfiguration
8bb7ae87	vec2MapIconScale_LowerValue
8bb90240	bIsBuddyAI
8bb9a6b5	fPackageDroppedPreWarningTime
8bbd34c5	fCollectibleObject
8bbded89	locstridRCLocalWarningBody
8bbfe48e	dialactorlistDialogActor
8bcc1c79	tagDefaultEthnicity
8bcebc1b	tagcategoryselectionSeanNameOverrideTag
8bd9b8b2	mapicondescEntityToUseToUnlockLockIcon
8bdbc715	fCoverInputFreezingDelay
8bddd9f8	fOvershootTime
8bde2119	fPathFollowI
8bde7e46	locstridHasTitleWithRelationRelationLocId
8be2022b	MaxDistForSpeedAdjustment
8bea096e	uicolorpalettesettingsDefaultBackgroundColor
8bee4649	ExplosionImpulseDividerHACK
8bf1b023	sndStopIOPSystemicBusEvent
8bf7de80	fActivationRadiusOnFoot
8bf82f65	uimenupageCarOnDemandVehicleSelect
8c0584e0	mapicondescObjectiveRacing
8c08d8a9	MediaPlayer
8c0b9a55	SpeedInfraction
8c0bd279	RotationPitchMax
8c0c4b03	DJBumperModules
8c0db88a	locstridMissionStartSubLocId
8c1186e4	fNewsStartBarkDelayMin
8c1344de	bMustRetriggerIfFailed
8c27d585	fClosePuzzleDistance
8c299e80	bUsePlayerDeathFlow
8c2d9678	texturedbobjectRemoteControlToggle
8c2fb990	curveTopHeightFalloff
8c366e50	bDisabled
8c3c5b95	fBloodFadeOutDuration
8c418f58	sndtpPreExplosionSoundType
8c431bf3	LaunchHelper
8c445f8c	sLeftTrigger
8c457eaa	curveTurbulenceMask01Intensity
8c480f5e	useFacial
8c49d060	videosBinkVideo
8c49eef7	fTotalInjuriesHard
8c51bcfe	sailboatpathfindsetupPlayerPathfindSetup
8c561d0f	UnavailableAssociate_NoLocation_HasEndTime
8c57273c	colorRGBValue
8c58cf2a	bIsAlphaOnly
8c59c7f1	stimsDrunkStateMediumStim
8c64c5a5	PartsRecoil
8c684247	iLaunchPosBoneIndex
8c70ce20	archSelectedProjectionArchetype
8c814a9b	sndHackingDroneDisableSoundId
8c832509	Executive
8c8763e9	entMapPinEntity
8c8b0866	bNoDepthTest
8c90fa25	bCanExpire
8c962293	PrisonerExclusionTags
8c979b91	ExtraMotor
8c990f20	profilingpathpresetPathOffPreset
8c9dfe9b	fGaugeTimeToReachTopCollisionModifier
8ca2f33a	bVsmAutoBias
8ca52e8c	ProgressionElements
8ca7a74f	stimreactItemType
8caa7d14	fMaxDistanceForOrbit
8cacbad2	NodeQtyRules
8cb2b893	fDuckReactionThreatLevel
8cb3f203	Selectors
8cb49901	curveGlobalLightsIntensity0
8cb5ff95	curvePrepareTime
8cb8d94a	fWaitForCombatTimeMax
8cc13d62	OverrideFilter
8cc30c4f	psOverchargeMuzzleFlashParticles
8cc3fc9f	curveEngineOverheatSwerve
8cc6c14c	OneLevelIncreaseDelays
8cd1a092	fReverseAccel
8cd2068c	selEnableFelony
8cd73abb	PersonElementInfo
8cd7f18d	fileAnimatedCamera
8cdc1683	x
8cdcd770	fSlowDownDuration
8cdcf598	fDodgeSidewalkIn
8ce04ffb	tagcategoryselectionblackboardTags
8ce07342	texturedbobjectIngredientTriggerMovable
8ce0db12	fMoveOverPickableOffset
8ce1bdc2	bDuplicateReinforcementForEachPlayer
8ce32e57	fRandomParkingAngle
8ce58e96	selPickableType
8ce7bc26	fBoundingWall3DSoundGroundOffset
8ce857fd	Lens
8ceb79b9	DamageParams
8ceb7b49	fReverseEngineScale
8cf226db	selFadeType
8cf5197a	ETOCurrency3DSmallQuantity
8cf7e2cb	GlobalConnectionLinksManagerSettings
8cf8d7d7	Unfocused
8d00fcde	PlaneLocalOrientation
8d014e72	tagcategoryTagCategories
8d030012	Spinout
8d05d1c9	sndEnterSound
8d09cfb6	fSubtitleRangeMax
8d0cba02	fVehicleMultplier
8d0f1d17	fYawMovementMin
8d19731a	MissionConversation
8d1ab8a6	selEmote
8d1c59da	locstridTutorialDownloadMessageLocId
8d2357ad	fGearRatio
8d27c2a9	curveProbeBackgroundAmbientStrength
8d2888b5	bIncludeEmitter
8d2f0269	FogOfWar
8d3313bf	fClosingSpeedMax
8d332e3f	NPCHacked_Traitor
8d3a8f0b	ChaseTargetThreat
8d3bcf31	selActivationType
8d3d7f64	RepeatBarksSettings
8d3eb5ca	locstridHudElementArm
8d478539	fProjectileSpeed
8d4fd936	locstridNegative
8d513821	uiFogInitialStartDelayDays
8d5166ee	selTurretWeaponType
8d5995c7	fFulcrumDisplacement
8d5bfd54	confettiemitterEmitter
8d603bc8	tagcategoryProceduralShadowTagCategory
8d62ae2c	DroneHuntStateSettings
8d65ba38	ClimbOver_To_ClimbOver
8d683353	selWeaponType
8d686c76	uiCooldownIntervalMax
8d6d2915	locstridwarningTerminalActiveHeaderSingular
8d7108e7	fDistanceForLateralCoverSelection
8d76933f	TrafficUnblocked
8d783542	colorTextColor
8d7d1bc9	EntityToUseToUnlock
8d7d570b	bFreezeRotation
8d7e590c	curveAngleFactor
8d7f2073	fTargetMax
8d809bac	locstridAlarmColorFullReset
8d82432e	FakeVehiclePhysFakeRotation
8d8643cc	Yoga_Chair
8d864fe6	nStep1BelowLevelDiff
8d873d9f	armorconfigArmorConfig
8d9145ad	fSlowTurnHelperMaxSpeedMs
8d943db8	bIsAnimatedUiTag
8d9553c5	fSpawnRatio
8d97c700	LocalGiftGeneration
8d98daf2	selAttractedToLocomotionType
8d9df881	ObjectiveOverride
8d9dfef2	LockDownTimeToReachMaxModifier
8d9f3562	tagcategoryTagCategory
8da05bc2	dexeventRobot
8da55439	tagcategoryselectionFormerSIRSTag
8da60ba5	bEnableParticleRecycling
8da6e424	fLowSlipSteerOffset
8da73e0e	IconBackgroundTopRevealAnim
8da859a1	fileHappyCelebrationDecisionTree
8da9c4c9	AvatarAimingLeftTrainedFemale
8dab0445	sndVoteForNextMissionSelectionSound
8dadbd1f	bLoadConfiguration
8dae1768	uicolorpalettesettingsAISpeakerFontColor
8daf8291	vehiclebhvsetupDefaultFleeBhvSetup
8db047a3	locstridRewardCryptoGainedTitle
8db58139	fSpiderRCExtraThreat
8dc58589	bUseSpecificRole
8dc674b2	posewrinklemasksetPoseWrinkleMaskSet
8dc6eb98	bIsConsecutive
8dcca392	iNormalCivilianPriority
8dcdc00f	ItemTypeCooldowns
8dcfd38b	fMoveToPickableNearTolerance
8dd1406a	fSpeedEpsilon
8dd1e18a	DataFileItemsData
8dd441af	Configs
8ddd6409	VehicleSelectionRestrictions
8de6cd2e	SideLightCarryParams
8de75be4	fBatteryFlashActivationTime
8de84c11	bClosedToTraffic
8df12488	Precondition
8df1f80a	bSetWidth
8df3dadd	fMaximumWetnessAmount
8df56453	mapicondescBareKnuckle
8df63b65	BodyPartsOrder
8df6e363	fMaximumSpeedForExtraAngleFromThrottle
8df96ef0	sndBeepingSound
8dfc2232	sPatternName
8dfc26b1	fHackLockLineFillCompressPower
8e059a0f	Chopper
8e05d544	fLocalLightIntensity
8e069161	vectorMinVelocity
8e128e88	Moods
8e14034a	CollisionResponseModifiers
8e15b034	meetingdataownerspawnconfigDataOwnerSpawnConfig
8e17332b	archARPhone
8e1c3293	locstridRecruitable
8e1c478c	bBarkValidateLKPUseRaycast
8e1effe8	locstridFormerRivalNameMale
8e20d747	fClimbDownSprintStartDist1M
8e23775b	bBurst
8e2723d2	locstridEscapePursuersFaaMpObjectiveLocId
8e28c787	AvatarThrowAiming
8e2aca42	selSpawnLocation
8e30229f	bShouldCheckAboveItself
8e306b76	fTileHeight
8e3dd6a8	mapicondescHardwareHacking
8e40ccce	BarkWipeAttackCriticalHealth
8e427972	curveDetectionTimeModifierByTargetDistanceCurve
8e4640bf	selCharacterState
8e473f46	locstridWardrobe
8e4745f5	FocusCast
8e4df4ad	fConeLength
8e50cddb	archetypeconfiglistRaid_05
8e541397	curveRearGripVsSwitchNbr
8e551956	uimenupageFullscreenTutorialPage
8e563959	nethackingconfigRemoteControl
8e5682e4	EdgeCliff
8e5be268	RoadMaterialShake
8e5d7b5f	fSteerMaxSpeed
8e5e62f4	vectorProfilerScoringQuadSizeModifierVehicle
8e5f7672	locstridPlayerKillHackerLocId
8e60f5d5	fMovingPushingMediumDecPerc
8e6322ae	fCameraZoomRatioMidZoomOut
8e63cda6	MissionLayerName
8e6de354	archDebugArchetypeToLoad
8e755e9c	fDestinationRadius
8e7ac6f2	fPerfectCompletedMinPercent
8e7f28ae	fFilmGrainIntensity
8e817506	colorRewardEventNeutralColor
8e83becf	StimsFlashbangStims
8e8445c5	OnPenultimateTargetNeutralized
8e848b00	sndPreBakedReverbStop
8e8717b6	SkinShopGeneralParams
8e879df0	Roll
8e908bea	selCommandType
8e990802	Lasers
8eafa1cc	fWobbleOrientationMagnitude
8eb09bdc	psBollardTakedownFx
8eb3dcfa	AgeRanges
8eb5d3d5	fCallTime
8ebefb32	bUsePredefinedBodyBone
8ec03e17	fLandingDockMaxDistance
8ec4140e	locstridRecipientLocId
8ec44c3e	AppStateOverrides
8ec51669	sndBeamStopCompleted
8ecdf88b	fRemoteControlOwnerLinkAlpha
8ece2c05	MassHackPulseSettings
8ed019c6	fOnDeliveredBarkDelay
8ed04c5c	selBarkMemberType
8ed37376	bShouldMonitorPlayerIsInChased
8ed9c111	VehiculeBumper
8edf5145	sLeftStickY
8ee16fab	fMaxStopDuration
8ee67066	vehiclebrakeBrake
8ee69ced	LadderIsAllowed
8ee6caf9	companiondroneactiondefIdleAction
8ee88741	fOpponentUIRotation
8eec8a85	texturedbobjectLeverageComplete
8ef32f7e	GameCompleted
8ef32fcf	EmergencyScan
8ef8390f	sndtpHackingAttractSoundType
8efd67a5	Element
8efe48fb	HistoryEvaluator
8efeacb5	fUpdateSearchZoneCenterInvaderExitZonePercent
8f03b49f	locstridSinglePlayerObjectiveLocId
8f04b2d3	fCallTheCopsBarkDelay
8f07aaa4	CarCrashBig
8f0b196b	reinforcementconfigReinforcementConfig
8f0c294c	fCheatScale
8f0f5ff7	fProbability
8f112c0e	curveRecoilImpulsePitch
8f12c1e2	selUnitPresetStrategy
8f1a12be	fRigidRestitution
8f1b46d4	fAngleDegThreshold
8f1bbda0	snipershootinglagsettingsSniperOnFootTargetInVehicle
8f1bdd5d	AvatarARPhone
8f21565a	fInFrontHeight
8f25b482	bForceOrientationUpdate
8f272034	uiMinFogIntervalDays
8f29782f	fHackTriggerRumbleIntensity
8f304d18	uimenupageClothingPremiumPage
8f308499	Efficiency
8f329258	curveAccuracyLostPerShotCurve
8f35f1d9	fRebootOutDuration
8f365d09	fSizeYVariance
8f36d317	fMaxRearLatSlipAtMaxSpeed
8f39fa4e	Spine1
8f3b5855	sDialogPersona
8f3becfe	tagcategoryselectionHackerTag
8f3eb812	curveDaytimeVehiclesCurve
8f405a63	fCoastRatio
8f41d135	CrossProp
8f4a4646	fBlurCentreSpotSize
8f4cc966	bStartWithAutoTriggerEnabled
8f4d96e7	vectorChassisUnitInertia
8f4e8876	bAllowStateAlertSoft
8f508754	ProjectedVideo
8f59a630	opgenplotPreviousPlot
8f5d73c1	sRight
8f5f0a57	texturedbobjectLeverage
8f60e08d	angCameraMinimumYawAngle
8f674981	uiHour
8f675d9b	MaxPlayableSoundPoints
8f676e3b	fAnchorFocusRadius
8f724ae8	PmsConditions
8f77cb6a	sndWipeAlert
8f7be0cd	locstridNoTarget
8f87fbae	chaseheatparamsHeat
8f8850be	fSpawnDroneIdealHeight
8f8bf578	RCCranePortainerTopView
8f8ed75e	locstridIngredientShutdown
8f9566c6	fMinimumBreachDistance
8f95b07a	FlashbangStims
8f9becc5	nMaxOnlineStoryOpLocationHistorySize
8f9f955e	iMinMissionExpirationTime
8f9ff4cb	uizonesettingsMPDownloadZoneSettings
8fa183be	fVignettingAnisotropy
8fa2dfc5	selDebugDisplayPrimitiveBlendMode
8fa6749a	fRotorIdleStiffness
8fa8d4ac	fStageCompleteDuration
8fa997b3	fAlignMovementSpeedThreshold
8fb2c855	locstridNoScheduleDescription_WithRelation_NonOperative_WithStatus
8fb2f0dc	locstridHappeningInTheFuture
8fb5e084	fWakeUpLookNearPlayerTimeMax
8fc6247f	ThrowActionParams
8fc97d48	sndPreAnnouncementSound
8fcaa97f	selLoopType
8fcc4557	AssistanceParametersOverride
8fce65ba	uiBehaviourOriginPositionY
8fcff0f7	fDeactivationTime
8fd1969a	AgentComposition
8fd36f97	sndMenuHide
8fd41278	fMarkerOffsetY
8fdbc5f1	curveReajustOrientationCurve
8fe662ad	sndtpSoundType
8feb15d4	DamageZoneStim
8feccefc	fileCinemaResourcePath
8fee82b3	bTestIntuitionOnFootThreatInWarningZone
8ff2b2c5	PressurePlateEntityId
8ff64fcd	RulesmithFollowersCount
8ffa6e0a	fDebugMovementSpeed
8ffbeb9d	GenericDirtyGroundHighPorosity
9002f9ed	Resolutions
90044d81	fSteadyPushingMediumDecPercMultiplier
90059907	ImpactMaterials
9005a0e4	textureSellAll
9006c318	sndMapZoomInExitSound
9007c9e9	fInvestigateLKPInvestigationStartDelay
9008e341	Pose
900faabe	angShadowOuterAngle
900fcf33	ForbiddenZones
9010b68e	fTailRotorSpeed
9015fdd7	sndTaserSound
9016b119	cloupsetUpdateSettings
901b07be	fFormantThreeShift
901b39f2	StumblChallengeCompleted
901f50f3	fHackLockStopRumbleIntensity
9029d781	fMaxPropagandaDelay
902d6710	fSteadyPushingNoneIncPerc
902e1a0e	humanconfigDataOwnerHumanConfig
902fb80c	bBarkThrowGrenadeUseConeOfVision
9030532f	bPerceiveIfHear
9030b37c	clrOffset
9033cc82	fileAnimation
90385bf4	chasesearchparamsSearch
9039c18d	bHoustonIsActivated
903c7f80	fYawInterval
90410d5f	TerrainDirtyMediumPorosity
904117c8	SpeedModifierConfig
90426a16	fNearlyExpiredBarkTime
9044a97f	fPreExplodeTotalTime
90460834	fMinEntitySearchRadius
904b87e2	fMaxHeight
90575b2a	fExtraGravityScale
9058a8a2	BottomTexts
905981cd	fHackableObject_Small
905b8d79	fProximityOnFootDetectPlayerDistance
9065e0f9	iFarDistance
9068d992	fDefaultfollowSpeed
906aa6c6	selVsmCoverage
90747654	fLevel3Min
907539c7	fSpeedThreshold
907736a6	selLeverageRuinProfileModifier
907815bb	bDisableHack
907b3ad7	archetypeconfiglistBoss_ContinentalAssassin
907b900b	BuddyAIEntityMapIconConfig
907e4c36	bAllowStateSearch
907f2207	fDaySyncSecToGameSecRatio
90895c16	bActivateMultiplayerBoostCoef
908a9fac	WarningLightOffParams
908b1e39	chaselevelparametersChaseLevelConfig
90927784	locstridShopEquipBodyPart
9092b279	fCallSuccessCooldown
90937005	DroneCombatSwitchAllegiance
9094e260	locstridAttrack
9094f29c	fHighlightAmount
909810cc	fRotationRollMin
90992c01	locstridPhotoCameraUnavailableLocId
90a3580e	locstridTutorialUseNetHackMessageLocId
90a3fd92	Difficulties
90a44f64	locstridExplosionCountdownWarning
90a78314	fMultiplier_Orbis
90a95eb8	sndTakedownByBollard
90ad6224	fRightForearm
90af8046	ShoeTagValues
90af82a5	Aliases
90b6842f	selEmitterShapeType
90b6b704	fArrowInaccuracyThreshold
90b93a58	choreographyshootingpatternsSuppressivePattern
90b94cd0	fDetectionGaugeRaiseTime
90cbd7ab	fFacingStiffnessNoContact
90d2d7a2	bActivityAgainstTarget
90d702e5	sndtpDisruptSoundType
90dcf8ba	vectorBasePivotOffset
90de6233	bHQ
90e1ce05	curveTargetingPulseTimeOfDayFadeSpeedMultiplierCurve
90e6e7c0	iOnlineChallengeReadyTime3
90edc2d6	bHackEscalationEnabled
90ee0674	DebugHackList
90f83199	bTalkersCameraBlendInEnabled
90fd11d1	archLaserDotArchetype
90fe37ac	fGaugeTimeToReachTopWeaponInHandsModifier
91003457	IntermediateGoals
910077a4	camerablendlistdbPivotCameraBlendOutParameters
91014b37	LocationSettings
91033963	fAnchorRotationOffset
910385ec	fPlayerFastMinSpeedKmh
9103e215	fRocketMaxAngle
91043ba3	AvailableAssociate_NoLocation_HasEndTime
91050668	fSwayVerticalTimeMultiplier
9108413a	ShopBroadcastProgram
9108ca4c	selLocalPlayerObject
9108dd1b	fLightIntensity
910e121f	sndvarNPCCountRTPC
910e6ad1	ObjectiveLogicsSettings
91139130	sndtpDetachSoundType
9113a06a	IntuitionRadius
91161d1f	fCameraJumpDelayForAnimation
91195a5d	selConditionalOperator
911ab074	bChangeCheck
911cc483	fAccuracyModifier
91249581	fMaxPitch
91263d47	dgohackthevandescriptorHackTheVanDescriptor
91266c0a	locstridStumblAppLocId
9128cc7c	fDroneMinDistanceFromPMC
912abcea	fSniperScopeCameraOffset
912b9231	fCameraMovementModifier
912bf0a2	sndtpGainedFocusSoundType
9133fbcb	uiIntroPlayerPlasmaDialogTemplateId
9134e3a8	uiMinRequestLenFrames
913700eb	TerrainLowPorosity
91398683	fMinSpeedToStopBhv
913c3781	fAlertHardMultipleDeadBodiesBarkStartDelay
913d015c	fSharingErrorMsgDuration
913e3758	MaxSeperationDistance
91440c7c	colorPositiveColor
9146a46f	bUseFade
91500000	RCDroneTakedown
91567cad	fOperativePortraitScaleMultiplier
915945d7	sndtpLockedByPlayerStartSoundType
915dff38	MyCarJackingFinishedRunAway
9161d5c8	vehiclebhvsetupVehicleGoAwayBhvSetup
91671906	fDisengagementWarningTime
91673a68	Slot1
916a1ff3	FxBoneName
916d4357	fTimeBeforeResendStimAfterUse
9176d223	bFailOnDroneDestruction
91771109	sndVehicleArmingTriggeredSound
917e5f8e	sndDoorShutted
9180f4d9	tagcategoryTagCategorySecond
91832c4a	fVehicleVsStaticDamageMinSpeedChange
918aac6c	bGenericProperties
918f7008	DroneBetrayData
918fbbfd	fRareGiftCooldownSeconds
9192ae7b	bIsStumbleActive
91940df9	ActionMaximumExecuteCount
919475f3	fRagdollBulletImpulseScale
9196287d	curveGrenadeGaugeFlashingCurve
91964db4	sndPDASelectAppSound
9196b6a7	fDampnessAccumulationDurationMin
91972f0d	fSpeedMultiplierJog
9198e821	Yoga_Warrior
919a7b17	entOrientationTargetId
919b97c6	fEndMusicMinimumSafetyDuration
919eb004	GeneralSettings
919f225c	fRetriggerMaxDuration
91a0f989	fDelayTimeCinematic
91a4e675	StepTransitionBarksData
91a76844	uisoundSwitchToRightTabSound
91a94cbb	entCinemaScenePivot
91ad5a86	sndtpTypingTextSoundStartType
91b0ba5c	archMasterArchetype
91b327ac	fMatchmakingPhase3ExpandingTextDuration
91bc06de	locstridMalware2
91c858ff	MapPitch_LowerValue
91c9cdb0	TeamSkill
91d6f51b	vec2RagdollType
91d7b70a	fStrengthRndMax
91db3bde	gradSubsurfaceLowerLayerColor
91ded222	CivilianSettings
91e10444	SelectionBlackboards
91e18332	fPhysImpulseFalloffFactor
91e207ae	FlyingDroneProximityTooClose
91e2f02e	fCoverLineOfSightTestRepeatTimeout
91e62c43	ReferencePoint
91e96d17	selCivilianRole
91f13123	FxCenterColorAlpha
91f1f858	iBias
91f46b64	fNormalToOverHeatDuration
91f61db1	texturedbobjectRobotAttractor
91fb4ccd	fDistToCatchUp
91fc5e02	PMSValueOR
91fd65f1	fileMapPathPlayerTexture
91ff3360	fPickWeightThresholdPercent
91ff5ae1	sndtpBeamStopCancelledType
92019686	BehaviorCategorys
920342ab	locstridLockRightWheel
920347c3	SpawnBudgetOverrideCategory
9206c971	fScaleAnimDelay
920888f4	PlayerDialogActors
9208eb25	selRole
920d28a9	bAllowGPS
920ed967	bIsActiveInRaids
92109684	locstridChat
921157dc	texturedbobjectUIVillainsSectionImage
92144868	iMaxCellCount
9216d850	bLooping
921b03e0	WeaponSoundObjects
921bbedf	gunshotrigidbodyimpulseconfigGunShotRigidBodyConfig
9224f381	fIdleMultiplier
922762a3	CooldownTime
9227d092	fInvestigateLKPBarkLostTargetStartDelay
9229d8d6	fInputMaxThreshHold
922a0b72	bDisplayInApp
922ee9d4	MemoryPair
9231f5c7	vec2SecureYZLeftOffset
92361655	VehicleHacked
923b07b6	fReinforcementBarkCooldown
9244601c	bIsLineOfSightMandatory
9245713c	uimenupageDebugAppItemSelectorPage
9246c84c	fMinimumRawAngularVel
92483681	FOVDownCombat
92484ba9	FlareElements
92496843	DurangoPadLocalization
924c385b	fSoundHypeBase
924cd452	sndLockonStartAi
924fb6d8	CloseRangeThreat
9251f845	fLockOnBeamOpacity
92522c59	LifeTimeScaling
92576846	tagconflictconfigurationTagConflictConfiguration
925914d8	fFollowDelayPY
92665612	fBreachReactionTime
92667c4d	curveAILockOnPositionLerp
9266a796	fDriftRatioForEngineBoostStart
9268aac8	uiSpotlightSlot
9271e35f	fTriggeredCooldownMin
9275313c	NoAssociate_HasDistrict_HasEndTime
927ac87b	tagcategoryselectionblackboardLocationRequiredTags
927affb9	HeatLevel1End
927bea4f	RemainingTimeWarnings
927d382f	MeleeKill
927fb084	bImmuneToMeleeDisorientFromShield
92841991	LTLKill
928ae997	sndWheelRimSlideSound_3
928baba3	dWanderHistoryOverride
928fefc5	dronethreatenedeventsettingsDroneThreatenedEventSettings
929292c6	angFadeStartAngle
92a68980	pdcfgTargetConfig
92adacf8	SpeedingCar
92af09e1	itemcategoryItemCategory
92b1c8e5	selConnectionLinkToPlayerColor
92b29300	AlarmPoweredSound
92b3ae27	uiDropObjectCount
92b57998	GlobalRules
92b6e22f	archNormalSolidCoin
92b8a3c0	fRandomConnectionRandomFillSpeedMin
92bdfe25	coverselectionparametersCoversNormalReservedCover
92c18aad	nMaxOnlineQuickOpLocationHistorySize
92c51c94	locidParkingSpotMarkerText
92cb2bb2	NewDedSecWorldStory
92cc5b6f	fRollTurnRate
92cf0705	fEndRpmFactor
92d0f859	fVehicleDamageMultiplier
92d12c11	fChanceForEqualSurname
92d205f1	CProgressionModuleAudioSettings
92d4017b	FleeStartBark
92d89529	sndTakedownByTrafficLight
92dbf154	selBreadcrumbTileId
92dc42ed	locstridContactHasBeenInjured
92e4d8d0	OneGunInventoryConfig
92e7f32a	fDriftRatioForEngineBoostFull
92ebddd0	bUseVelocityBlend
92ec5e14	mapicondescObjectivePortal
92ee19a1	FOVSidesCombat
92f22541	curveMovementSpeedFactor
92f52e93	fAverageDuration
92fb0240	fMinimumSpeedToUseBhv
92fc93a5	ScopeAimingConfig
9306ad0a	uimenutileControlReminderTileId
930bfcbe	selEndJointName
930c912c	sndForbiddenAreaWarningMessageSound
930f55a3	StatusLightSpeakingParams
930fd2fb	locstridArenaSubtitleCompletedLocId
93111428	fPlayerVisibilityDistance
93159080	TargetActor
931c40cd	fChanceForEqualBirthplace
931dedeb	DetectionIntuition
9322b58f	sndEarnedBadgeSound
9322c226	fHackLockFlashSpeed
9323392e	bCanExitVehicleToFight
932786c0	ShockwaveRadius
93299568	sndHackingIngredientDisarmSoundId
932a2198	sndNarrativeItemChat
93304cab	AlertSoftFollowEntityOfInterest
933379fb	iNumberOfOpponentsRemaining
9335020f	PerkUnlockedRuleTrigger
93352872	AvatarCoverPeekLeftOut
9338dd7f	fCycleTimeDrones
933ba3b7	SoundParams
933d42bd	RestrainedCalloutSafe
933f6ec8	sndtpMindjackFailSoundType
9347fa6f	fThrottleBrakeLowSpeedThresholdMs
93492836	DroneNonCombatMalfunction
934aa7ec	bShouldPingBack
9353aeb9	PoliceStrobeArrestParams
9355a717	sndDestroyByExplosionSound
93683bd6	fOversteerMinFutureHeadingDiff
93690702	fCover2DefendPointDistWeight
936b94ab	sScrambleGlitchCharacters
936ee4d3	fMaxTurnRateStopped
93722e17	chaseperfcfgPerformanceConfig
937c2ff9	fMovingPushingHighIncPercMultiplier
937e11f6	OnUpdateBark
937f363d	SpeakingScreenGlowParams
938060bc	locstridRevealMessage
938ad91f	iMaxRecommendedMissionBuildRetries
938ae567	uicolorpalettesettingsOpportunity
938b017d	vectorNoiseBaseVelocity
938bd6f5	fLowerHeightCap
938cf6cc	wolfskinitemdbFallbackClothingItem
938e8373	fCoverSideExitAngleAiming
93a4b546	SmallDogBank
93ab2960	HitByVehicle
93af464c	PlayerDodgeAttackWindow
93b0435e	fExplosionBreakChance
93b1f9bd	sndMovingPartSound
93b72eae	sndFireBeamHitStartSound
93b858df	bIsClientExclusive
93bb1744	bPoseDefinitionVisible
93bcb13e	sndtpAboutToOverheatStartSoundType
93c405b5	fCausticIntensityScale
93c58c5d	fVehicleDrivingFriction
93cb2b61	bExternalArmEnabled
93ce9b9c	fPipValue
93d27c0a	fTyreTemperatureIncreaseRatio
93d296e1	fCallTheCopsInfoDuration
93d4820e	locstridAvailableAssociate_NoTitle_NoLocation
93d9ff5a	texturedbobjectCategoryHeaderImage
93e38b92	Identity
93e662da	kfgradSkyDomeColorSunOppositeSide
93e81eff	LandingReactionStims
93ea36ac	uTimeInExplosionState
93edcb22	DynamicEventsSettings
93ee61d5	fCcolorRemapBlue
93ee6edd	fMemoryDuration
93f1fb31	IncomingThreat
93f7915e	locstridReturnToSandboxCountdownLocId
93fecc37	fRollingResistance
93fee9f5	fileGroupBehaviorStrategyCategory
9400ddfc	CarHonk
9401954e	fPlayerHeadOnCollisionMaxSpeed
940a4507	PassengerCoordination
94190cac	fTimeBeforeApplying
941b5661	fRankMax
941f7842	fMovingPushingNoneDecPerc
94228848	texturedbobjectMalware2
9428677b	fActivationFailureFeedbackDuration
942a7eb2	hidTrackWidthRearTest
942b75db	fMinSpawnDroneDistance
9432fdc1	ComplexityEvaluator
94355f3f	AffiliationsRelationSettings
9435a01d	BaseIdleStartTimes
9437f90a	psWobbleParticle
9443aafd	bIsReckless
944cf695	fValidInputValue
945313b1	fWobbleVelocitySoundCooldown
94553c21	matScreenSwitchAllegianceMaterial
94594c55	fLadder4mEnterHeightLowSpeed
945a64a7	curveOutOfRangeFogHeightMax
945ffbee	bCanPlayBark2D
9460ad32	fVisionLossEndAlpha
9464a645	fDistanceToThreat
9467ada3	flifeTimeMaxValue
9469b4c5	VehicleStunt
946b58cf	sBreachRequestBackupCallID
946f7951	htmlAdvancedReportTemplate
9471e14a	RCCraneDollyCam
947367f0	PointChainRight
947426cd	curveAvailableBodyPartsCycle
94755fda	VehiculeCrash
947631c4	MainTimer
947715c5	AimingWithGun
948014d7	archUnlockedRiftArchetype
948ca8be	uimenupageMenuPage
948e1036	fStepValue
948e8d2e	fEffectDurationMin
94950a49	sndRimSound_2
9497d94c	locstridActivationObjective
949cf925	sndContractVoteRoundStartingWarningSound
949d8321	vector2LineScale
94a10922	fRotationReferenceYawOffset
94a25d28	bUseDifferentColorsForSpeakers
94a6362f	UIElementSettingsUIElementSetting
94af221b	PseudoPrefab
94b4299d	fNegativeCoinRotationSpeed
94b818fb	fLateralFrictionScaleUnderTarget
94b9e82d	StealthTakedownAngle
94babbdc	bIsDelayedBothWays
94bb4819	nethackingconfigMainSwitch
94bce5e7	locstridEventFailedAIEscapedLocId
94bd28be	fFakeGearShiftDownTranslation
94bf5b84	selSelfie
94c06439	fPlayerEnemy
94c08f3e	selDebugDisplayPrimitiveFlag1
94c08f9b	rulesmithidRule
94c94e09	fSpikeRatio
94cb0590	locstridRobotLoveBull
94d170a1	fPVPRespawnTime_3Players_1vs2
94d2a357	sBlackboardKey
94d3b6e3	selValueType
94d61209	bRefreshObjects
94d8c2db	EntityManagementSlot
94d92391	PlayerDrivingModifiers
94d92ca3	ObjectiveNeutralizeAnyOverrideSettings
94d937bc	bTaggingEnabled
94dfa114	dgsceneScene
94e0d8bd	locstridStep3Name
94e52bf1	Sticky
94e8dc17	sBack
94e9e2db	itemsVeryGoodItem
94ec2d82	fRatio
94ed8569	sndMediumVegetationSoundId
94f125f7	fEmergencyShootingMinDistanceInStandAndShoot
94f18a0c	interfaceHudThreeLayer
94f3f482	phonecommunicationsettingsKickoffBark
94f4ac6d	Hint
94f821b2	fKi
94f9e7f2	bReflectorUseMoon
94fb39fb	ForbiddenFlagsList
94fc9c48	bIsPlayerAlly
94fd7db2	Arrested
9500bf81	fMinHealthRatioToOperate
95052828	bDrunkEffectDisabled
9505b25a	fThrottleAggression
950c51a3	SceneID
950f42eb	bShouldAlwaysFollowFurther
9511f7da	NPCDescription
9518efbe	locstridInAnHMA
951b8827	fBulletDamageDistanceEndDistance
951fe887	itemsRelatedItem
95229249	locstridCelebrationTitle
9523d6b1	drvstylecfgReachNoRules
95265962	fElapsedTimeShort
9527e919	locstridWalkingMyDog
95295398	Defend
952d88d8	sTriggerTypeExtraInfo
9534e369	locstridEscapePoliceObjectiveLocID
9535dee3	Slow
953b8855	tagcategoryselectionCelebrityTag
953c90f7	LowHealthModifiers
9541f786	selBoroughUprisingCategory
9546366c	CivilianHitByACarButNotDead_ReputationOnly
95487831	Interest
954a0346	StateOverrides
954a08d0	bPaintedGIIntensityOverride
954cfa98	fSpeedLimitSlow
954e44e6	sndNpcGearShiftUp
9553ad03	fFollowSpeedSelfDestruct
95560f84	sndtpFirstWipeDroneConnectedType
95571e44	AISpawningTypes
95592766	bRestrictToNpcs
955b9219	StepProperties
955d78e6	fPathProximityI
9562025a	fHackLineAvoidFrontSidePositionSidePushRatio
95640d73	ShopParamsShirt
95668a81	fFrontTyreRadius
956ca967	sndToggledOffEnd
956f8e37	bIntuitionGaugeIsVisibleInUnawareAlerted
95705d90	ForOthersOutOfLOS
9571af1a	LinkedProps
95741049	Bone
9575ab65	sndProfilerCardClosedSoundId
95786974	selCivilianCycleBreaker
957988dd	tagVisualStereotype
957d0277	bSendCustomExplosionStimOnPlayerOnly
95851557	ReactionStims
95858fc0	bOverrideLevel
95879db0	uiMaxCarStrategyRandom
958aba6e	fCameraMovementRadius
95927a88	sndtpHackedByPlayerSoundType
959ce017	fMobileRotorRotationFactor
959e5181	fWeakpointsHotIronIntensityMax
959ee224	bOverrideHardcodedValues
95a6bfe2	FreeRoam
95a6c577	vectorNoiseWeights
95af4299	FlareElement
95b29297	Integer
95b3d432	fTurningYawMaxValue
95b764d3	CustomEnvironmentMapIndex
95bab611	fDelayTimeSurvival
95bb1fe7	phonecommunicationsettingsBagleyRandom
95bd1521	TagLocalizationIDMappings
95c01522	sDetectorConeMaterialSlotName
95ced8f1	selDecorator
95d30c28	fFirstGearEngineScale
95d3f30b	locstridArtistName
95d40c86	bIncludeDrones
95d98c8a	FootOffGroundThreshold
95dff10d	bUseVerticalWallHelp
95e82ec6	bShowInApp
95ecf2ea	fMaxBumpToBumpTime
95f0982b	bSupportsImpactStrengthCurve
95f125f2	archWolfskinFemaleNewArchetype
95f23e97	LandSubState
95fd7609	entEntity
96003792	Edge_1M
9609a67e	sDetachParticleBoneName
960afe71	Slot5
960b6d15	selEnemyVehicle
960cdfbd	sndtpStartSoundType
96113aad	fDebugMovementMaxOffset
96136127	HairDefault
9625e72f	texturedbobjectEmail
9627d60a	fDeathCamAlternateGlitchBinkTime
962ca9bf	MeanderDistanceModifier
962ebc11	bIsCargoVehicleLocked
96307c8c	GodRays
963dd8b5	fRuleCooldownTimer
96437d54	EcoSystem_MaleFixer4
964c19b5	iMaxIntrigueMissionRetries
964cc360	texturedbobjectVoice
964f179b	sParamName
96503810	PoliceStrobeCombatParams
9650ecd4	Domino
9652c6e0	bTriggerBarkOnMarkup
9656b2a0	Snap
965764fa	fFadeOutLength
965872b3	Curve
9658a5e9	MemorySettings
96621910	sndLockedByPlayerStopSound
96647bc9	locstridEventPropositionTitleLocId
9672a8c8	uiSequenceLength
9677948e	fNonMatchingTagWeight
967b6f41	fNodeUsageDistance
967c4591	bAnimatedCameraDisableCollision
9686587a	ProceduralShadowParams
9686ca51	fRandomAdjustmentAmount
9686f5f6	BranchPreConditions
968aad39	bRoadBlocksAllowed
968aca70	fArmedOscillationAmplitude
968bc534	bEmitsGunshotStim
968eea71	PartNames
96909ce5	UnawareAlerted
9696394a	fProfiledPassivePeople
969d3ddb	Relations
969e36cf	Link
969f75db	MusicEntries
969fbe06	nLeverageThreshold
96a2c727	fMandatoryPoolTime
96a3aa5a	nThreatPriority
96a9fdc4	fFovMaxHorizontal
96ac6e00	locstridWarningReinforcementsCalledHeader
96ace5eb	fDefaultWeightPercent
96aec386	MusicGroupName
96afc275	animalconfigSeaLionGroupScoutXDefault
96bb916c	StatusLightMalfunctionParams
96bd6767	bAlertGaugeIsVisibleInValidateLKP
96c1c1a8	ObjectiveFamilies
96c2385b	locstridFullHeatSwapPhonesTip
96c5ec19	fRearAxleGripModifierforBurnoutSpin
96c86863	uicolorpalettesettingsColorRCDormant
96cea5dd	tagcategoryselectionHackerspaceCLOTag
96d08b70	fMoveToPointAbandonTime
96d1789b	Deactivation
96d9d01e	iCLOWakeUpCountPerFrame
96e0e524	fPlayCombatBarksMinTime
96e282ae	fGunPitchStiffness
96e5ed9b	archWireframe
96e6437c	vectorLimitsExtraRotations
96ef1487	vectorPresetPositionOffset
96f0cc5b	bVolumetricFog
96fbac83	texturedbobjectGunLock
9704e1fd	selHackStrategy
97053a77	fTurnOffFallOff
970926a7	archDropItemArchetype
970d21f0	fHPRatioLowThreshold
970f2718	curveButtonOptimalRangeInitial
970f3e13	RCCraneAntenna
971b05c3	selUserType
971e88cf	graphickittagspecHighEnd
97211ca7	psExplosionParticlesSystem
97266052	fSearchPhaseDuration_4Players_FFA
97275596	EmoteAnimation
972d1bf2	fSpawnNewsDroneProbability
972fd041	HangParams
97309389	VehicleWheelie
973136c9	StimFilterSettings
9737786e	Playing_Banjo
973a46d3	bPerceiveIfSee
973ae2cd	tagcategoryPersonaTagCategory
973d3666	bIsLeverageable
9747aa80	AvatarAimingEccentricMale
97482f53	fRollDamping
9749fcd3	bForbidSameSubjectPermanently
974bea42	curveButtonOptimalRangeCycle
97509cdd	SecurityCamera
9755bed9	fForceCombatDuration
97604b9e	fCriticalHealthDistanceModifier
97610661	RemoveFromVehicle
976711d6	angPitch
9768157a	fPincerProbability
9769c392	sndRepairStop
976b80c9	fDamageAvgMass
976ef711	phoneCallBark
97788d88	TutorialGoals
977994f5	entLobbyDoorEntityId
977d1896	SpotlightFpvParams
977f7bea	PathGeneration
978bbe78	sndStart
978e732c	bClampOnWorldMap
9792d634	fDriveInTargetDirectionRatio
9794a59d	UtilityAgentStateConfigs
97981a6b	fEventDuration
97a2545e	Operative
97a370cc	degangPitchAccel
97b138ea	fReticleFocusBounceFeedbackScale
97b298ec	fMaxTimeToReachSafeZone
97b89c6f	sndNavigationSound
97b91282	bShowZones
97bd63e4	locstridCallEnemyFaction
97bf1271	fMinGunPitch
97bf1cb8	fileDefaultDayReflectionTexture
97bf1df2	locstridHoldBackLocId
97bfbb92	sndHackingTBoneBackWeaponSoundId
97bfdd1f	Nemesis
97c21caa	SpotlightCapturingNewsParams
97c351b5	ReleaseFromSIRS
97c43a7a	TrafficLights
97ca900e	locstridEventFailedPackageDroppedSelfDestructLocId
97ceb796	censusmetaintrigueresolutionbucketNextBeatBucket
97cf1239	fCrashMagnetMaxAngle
97d015aa	fGaugeTimeToReachTopMediumRangeModifier
97d0b5c1	colorNodeHackableColor
97d17a12	fHackLockLineJoltRandomMax
97d52d87	Takedown
97d9746a	EmoticonsToUnicodeMappingDB
97db844b	uiDeathTollToForceNextWave
97dc2a5e	FOP
97dc6412	fRareRewardIncrementPercent
97dcfabe	fLaserSightNoiseRangeX
97df075e	fTurningRollMaxValue
97dfc845	bHackLineFadeEnabled
97e17bda	RingOfSteelClimbing
97e526a7	fCivilianSelectionProbability
97e55a45	DisruptComm
97e82499	Walker
97f2ad85	Animated
97f4cf7a	Crane
97f52b73	tagcategoryselectionAssaultPlaystyleTag
97f67313	bIsOneWay
97fc2589	colorLineStartColor
97ff70d6	fNearbyOpCheckingDistance
98065d86	degangRotationVariance
9806db22	texturedbobjectRelicIcon
980e9509	locstridCar
981293f5	bForceWetness
98135003	fCoverNeighborNormalAngleThreshold
98163ecf	LaserPatterns
98179f29	fStressDecreaseSpeed
9820f9f2	bCanTriggerRewardItemNotification
98239496	fIconFramingMaxOffsetY
98248aaa	fZP
982725d3	fDebugMalwareCooldown
982816fc	bEnemyPlayerVehicleHackingEnabled
98283cc0	fRaycastHitMaxDistance
982917f5	fMinTimeForBagleyHackAfterMajorEvent
982a225f	fSpeedLostRatio
982e5ad2	bTargetLocatedOnStart
9831f05b	tagcategoryselectionDroneTag
98360f01	envweatherpresetCinematicOverride
9837a931	fBrightnessScale
98388d80	lighteffectprefabLightEffectPrefab
983b7fc3	AvatarAimingEccentricFemale
983ec4cd	fTurnRate
983f2060	uizonesettingsAIAgentForbiddenEmptyZoneSettings
9842d758	SeePlayerInWarningZone
98432a3b	bAllowSafeCutInBodyAnim
98432dab	EntityList
9843b796	MayorRewards
9843c95f	fExplosionIconOffset
98488e33	sndtpLostFocusSoundType
984a8546	BarkGhostCombat
984c282f	fProximityTriggerEnemyVisibilityDistanceOnFoot
984c33af	ActorRarity
984c5378	sndtpEnterSoundType
984d494a	fSizeXVariance
984db5a6	locstridRaidName
9856289b	bIgnoreWhenSitting
985a324e	FemaleHighHeelToeBoneToTip
9860ad16	arcloakbossabilityconfigARCloakAbilityConfig
98620830	fOverheatFloatValue
98625a99	Includes
98635ba9	fColorAnimDelayBetweenLoop
9864c0dd	fProtectorDistanceFromTargetToTriggerATeleport
9865439a	sOpName
98656a4f	u32FilterTypeOne
98685a2a	sndDamageSound
986a6e26	fGoldenHourStretchFactor
986ab723	ZoomPresets
986df20b	fInteractionChainingMinTimeInterval
9875ebd6	fileAfterInteractionIdleMove
98785d58	DroneType
98794633	ChaseEscapeAvatar
98794ca5	Arrest_ForcedOutcomeFlee
987dbeb5	uisoundStopPauseMenuSound
987f976f	sndPingWaveStopSound
987fe87a	fDelayOnStart
9886612f	Levels
988949e1	TimeEntry
9889d4ab	bLowerSidewalk2
988bb1e1	texturedbobjectDistract
988da8f9	archRCSpiderArchetype
988e07ad	bIsFilteredFar
9897ca2b	VehicleLockSteer
989a95f8	fWobbleOffsetDelay
989e24c5	fImpactStrengthDistanceStartStrength
98a34c71	fRevealByLOSFocusDuration
98a591b1	fVerticalMoveAngleMax
98aa06ba	Large
98ab369b	sndRiftClosesSound
98aca61f	DrunkPersonDrunk
98acee14	bUseGlobalCooldown
98b1032c	PerceivedDistance
98b2276b	colorClampOnMainMapColor
98b314b7	bOrthogonalToRoad
98bd7fd6	mapicondescDifficult
98c08110	degangWindDirection
98c1b741	AnimalThreat
98c3ede3	vec3TruckMarkerOffset
98c4bba9	selStores
98c4be44	fPeriodRange
98c85de5	fRainHighLightBoost
98d2e8e4	vehicleengineEngine
98dac51b	fLookAroundAngleDegMax
98dca235	curveCollisionDamageScaleVsDistance
98dd0c5c	archDataYInteractArchetypeResource
98ec40cc	fCover2AgentHeightDiffCuttoff
98f0199c	sHeader
98f1a634	Types
98f2bac0	iValueType
98f3095d	fMinDistance
98f4a2fd	curveFullBodyTriggerFactorOverTimeLTL
98f598b4	uicolorpalettesettingsConflict
98f88ee0	bLensDOFEnabled
98f8b430	texturedbobjectPhoneOverheat
9900eaac	selShakeType
9901a677	fIngredientShutdownDuration
990358ff	ShockwaveSpreadDuration
990d6a81	Slope
990d7b11	fRainScrollingSpeed
990e469a	PlayerWeaponsModels
990f186a	uimenupageUbisoftPresentsMenuPage
9912b79f	String
99162c55	gradMoonSkyColorGradian
991e12b8	bScaleParticlesWhenFadingOut
992069e0	fVehicleSpawningMinDistOnRoad
9920d5b3	fWindFactor
99217735	bUseBrakingCam
992236fc	possyselementObjectiveMarkerTeammate
9925060a	fDebugDisplayUpdateRate
99255e5b	ReinforcementData
99298bda	angvecRotation
992daa53	EngineHacks
99314ed2	bIgnoreIncidentInstigator
9931752d	Cruise
99365b30	Min
9938b09a	HornAndSiren
9938c360	CloseRangeCheatScale
9943d1c4	bHasFixedAILevels
994e3c1c	bEnablePDAExtraction
9950bd1c	FOVFrustumConfigs
995578a6	fDrunkLevelTotalLimit
995cf1b8	selPuppetArchetypeNavStyle
99631874	sndNotificationReward
996b5478	fBarkShowPeriod
996bfd3b	bSendSpecialBroadcastStim
996f2864	fDurationMin
9971ccc5	graphickitparttypeGraphicKitPartType
9978ab63	bShouldPauseTheGameWhenMenuIsActivated
997917d6	fMinTimeToStartAfterTrigger
997cbfb0	selPresetType
997dfb60	iRightLightSlot
9980783e	sndvarMusicPlaybackSpeedRtpc
998430ad	HitByBullet
99944987	RingOfSteelActivePersistent
99978234	PuddleTweaks
999835aa	fBackward180TriggerTime
999b35ec	iTextureVariationCount
999b6a11	bIgnoreWhenLaying
999fa1f1	fTakingFireEventDistance
99a0ba88	RebootPart1ScreenGlowParams
99b098b5	fMinRollSpeedRatio
99b426e3	texturedbobjectBigImage
99b60cec	sndOperator911StartSquelch
99b84098	bShouldTestPlayersDistance
99b8f6fb	fTargetDiameter
99b98309	fDurationMale
99c305f5	fGameplayCompletedDelay
99c53fda	fDistanceToPause
99cce36f	InitTrigger
99cf0e24	sndScanCancelledSound
99d2ac4e	AISettings
99d385fc	MoonRiseTime
99d9268a	mapicondescTrackedHumanContactMapIconDescription
99dc6e82	Lefts
99dde906	FOVConfig
99e03952	filePersistentFeuFiles
99e3537f	AvatarDeploySpiderBot
99e35f9b	bHasChanceForEqualEthnicity
99e42227	locstridTextOnProgressBarOnOutOfRange
99e7a7e4	fMotorMaximumSpeed
99e936c8	bAllowReactionToBulletImpact
99e9c36c	LeverageOps
99ec6c2a	FramingCamera
99f63dee	selSubcategory
99f782c4	LevelEvaluator
99f973b4	LicencedMusicGroupName
9a00cf9f	texturedbobjectUnproxy
9a02592e	fWaitForCombatWarningAfterAlertTimeMin
9a03ac05	sndtpToggledOffEndType
9a089bd9	selAlignmentReference
9a0ad8ba	sndStartSoundID
9a0aead6	RechargeTime
9a152447	Knot
9a17e813	locstridwarningRoomSuccessBody
9a1d016a	fileRacePathTexture
9a2304bd	ThreatZoneSettings
9a275235	fClimbOverJogStartDist30_60cm
9a29f818	MalfunctionLightFlickerCurves
9a2da156	fRainHeightNoiseRange
9a2f344c	selFilterCategory
9a324541	archAimingBeamArchetype
9a32b1f8	CLODefaultSettings
9a3372a0	vec2Range
9a3db324	DroneConfigToLoadResource
9a3ef84f	sndswtpMusicPositioning
9a4baf88	LOP
9a4bc461	archArchetype
9a4fcb07	DisruptCommConnectionLinksManagerSettings
9a52e6b5	Scanner
9a541eb0	DroneShutdownSettings
9a549f7f	emotionAngryEmotion
9a5602f0	locstridDownloadAccessIDKey
9a56c7cf	fSwerveIntensityAIDriverModifier
9a5a8206	AudioFromAIStateSettings
9a5ee568	Attraction
9a6040c6	sndFireAutomaticModeStartSound
9a61fec8	bIsSeamless
9a651a5c	fUseAngularImpulse
9a6ec8e4	fOffset
9a717cbe	ProfileModification
9a71c44a	fBrakeMinValue
9a7236a1	fTendrilVScrolling
9a74ca50	bTestIntuitionOnFootSearch
9a7a6770	fMonitoringCurveFactor
9a7b9577	TagCategories
9a7f8ae3	fDefaultOverallDuration
9a81dbb3	TutorialCategoryIconData
9a8a148f	bKeyboardShortcutIsOnlineOnly
9a8afba1	psMotionDetectorParticles
9a8d0098	fFarSSAOIntensity
9a948fb7	archSlaveArchetype
9a97b63b	LightSlot
9a97ccd9	ObjectivePhotographOverrideSettings
9a97cffd	bFeedbackLinesEnabled
9a9ede52	selResolutionModifierForTarget
9aa40471	VehicleSearchCriterias
9aa440a1	fMaxGateAngle
9aa7c7c5	sndSoundEndEvent
9aa8e82c	uAgeMax
9aab2766	FastTravel
9ab0081d	MissionActs
9ab02a11	fPMCMinIdleDuration
9ab3d67e	locstridUITemplateForPersonalMemoryAboutOperative
9ab4945d	sndtpDetectionStartSoundType
9ab4a7a1	SmellTrackingParameters
9ab5cff5	bUseLightIntensity
9ab75993	LocalGiftInfo
9ab922f1	sndClutchIn
9ab9a628	fResetInactiveDownloadAfterTimer
9abf85ac	Props
9ac48891	RegroupNeededDistance
9ac875ac	fPostShootingCooldownTimeMax
9ac9092c	uiTotalStatPoints
9ace0544	fRacelineRiskDistFromSideScale
9ad5a38b	fPitchVelocityDamping
9ad8199f	curveDaytimeParkedCarsCurve
9ae3aa21	bWantSpecificActor
9ae79aa5	WalkSpeedConfig
9ae99fd1	curveActiveTime
9aeaa869	Leaves
9aeb4da1	curveCenterOfMassZOffsetOverTime
9af0e19b	SoundArchetypes
9af8effd	AttractSettings
9afede8a	fAggroGainOnBossDamage
9affd254	ClimbDown_To_SlideOver
9b02b759	bVulnerableWhenDroneMalfunction
9b02e8a8	locstridProtectCarrierObjectiveLocID
9b0301fd	fLowBeamOpeningTime
9b05403c	CombatWarningBark
9b05548e	iFollowRRef
9b08bd58	curveEngineOverheatHandBrake
9b0c46c4	HeadshotDisorientChance
9b0ec11d	fEmissionInterval
9b0fc699	CameraVehicle
9b0fe9eb	fChassisInertiaPitchCoeff
9b14362c	RightFoot
9b15ea7a	tagcategoryselectionEthnicityBlackTag
9b199490	CriminalityBehaviorsProbabilities
9b1a4646	LobbyOutroParams
9b24a381	fInteractionReactionLevel
9b312294	UninterruptableStrike
9b32ceb0	MaterialBank
9b39603a	progressionplayeractionAction
9b39bb99	fLeverageKickoffDelay_PostAffinityChange
9b3a5b04	fileWarmUpDecisionTree
9b3c4612	fLookAtFadeAngleCurveExponent
9b3df613	fSteadyPushingNoneDecPerc
9b425fb5	NoAssociate_HasLocation_AllDay
9b46de74	bAllowInput
9b4800f8	fCooldownMax
9b49363b	fRoadBlockInterval
9b4d98e7	curveThrottleStartup
9b50ca30	fBagleyHackRadius
9b54f8bd	selTagIndicatorCategory
9b552dad	bSUV
9b55c138	hackablenpcprofilesetupHackableNPCProfileSetup
9b575a0c	fEntrypointObject
9b57bf5f	FailConditionGroup
9b592592	bOverrideTimeOfDayCivilianSpawnDensity
9b5c5028	Modes
9b603416	WaitingForOtherPartyReachCriticalMessage
9b64d8bc	psMissionDamagedVFX
9b66c851	sndtpAbilitySelectedType
9b68c386	fAngularYawSpeedThresholdRev
9b6a653f	LightData
9b6daafa	bEnclosed
9b8318b9	Collectible
9b874297	selRootTypePos
9b8e4f3f	selPivotZReference
9b907424	animationboundvalueAbilityAnimationBoundValue
9b94b184	InteractionTypeY
9b94d601	DeliveryLocationsDefinitions
9b97b98a	FobiddenDisctrictsList
9b996491	fTurningAngularRotationLag
9ba8dce0	fHackLineEndAlpha
9ba9cf25	FOVSettingsCombat
9bb0b07b	tagcategoryselectionKenningtonOvalSpawnTag
9bb0cf6e	wolfskincollectionCollection
9bbe4389	vec2FovSpeedShiftMed
9bc391e9	BarkElement
9bc69025	fHackLineJoltVerticalIntensityRatio
9bc6a82b	OutroWinMadCinematic
9bc98962	CustomRespawnPriorities
9bcab6c2	fSquareProbability
9bce5236	aispawningdbDefaultAiSpawningDb
9bcf6ac2	DestroyedSpiderCooldownTime
9bd0357c	fIdleBreakerWalkInterruptDelay
9bd054cd	fInitialWeight
9bd77532	DrivingVehicleHacked
9be1c1fb	ScheduleMapCardTemplateStrings
9be2e445	sndNetHackRandomConnectionSound
9be373bc	VisChainList
9be5ef76	LockDown
9be6e8fb	vectorOffset
9be7d3ee	PrefetchList
9be99de9	FacialAnimation
9be9b82a	fIntensityLog2
9beaa83e	VehicleFirstEntry
9bede625	WorldStoryCompletedAgeCount
9bee1aaf	tagcategoryselectionEthnicityEastAsianTag
9beeb9a3	fPuddleStartAccumulationDurationMax
9bf1df42	sndBeamStart
9bfd70ec	fDynamicCollision
9bfda96e	RcCommon
9c06b9aa	raidstepsettingsStepSettings
9c08ed00	bIgnoreIfSameGroup
9c094c1a	fileDeniedEnterDecisionTree
9c0afc25	fQuickEscapeTimer
9c0f2c3f	sndtpSoundStopType
9c12283f	locstridShopDescription
9c1474bc	plasmaparamsCameraParams
9c14ad80	iRefillAmmoPercentOnReload
9c1841b4	UpperLayer
9c1da869	fHangingVelocitySoundThreshold
9c1ea1c8	fPlayingStimSendInterval
9c23ed9f	ExplosiveBot
9c250477	uimarkerdescriptorDescriptorType
9c2d9688	DestructibleHookPartName
9c353a1e	ConeAndRadiusConfig
9c3836c6	SinglePlayer
9c384a80	fSpottedByFlashlight
9c397dcb	sndNewsJingleSound
9c3fdcff	fWakeUpLookAtPosTimeMin
9c46fff8	fAdaptationSpeedFactor
9c48a666	DefaultTrafficDronesDensity
9c4b1a97	fApproachAngleMax
9c4bf81f	sTag
9c4f8150	sndswtpSwitchType
9c602d96	FelonyForceCombat
9c6b81f2	ScreenGlowPlayerParams
9c6cb3be	bRareGift
9c6e8c6a	CombatCheckLKP
9c6ebd76	bUseDamageModifierOnVehicleContact
9c765d93	bProbeBackgroundAmbientStrengthOverride
9c7fcafe	LayerSoundRegions
9c8312fb	GenericGroundHighPorosity
9c8425ef	EntitiesForMaterialChangeIds
9c85a2dd	locstridUnavailableWarning
9c8cf8d6	LowerBoundFrequencyRule
9c8d1015	WalkTypes
9c8f9b03	locstridMissionsAppSubCategoryName
9c904b65	ARGlasses
9c9121a4	Deformation
9c97b54e	CustomNearDeathSpotStrategy
9c98c755	fNoWheelieLeftStickThreshold
9c9921c9	fileLineTexture
9c9b61d9	BulletImpactPresetsOverrides
9c9fc552	fGravityVariation
9ca2d5df	uimenupageStartMenuPage
9ca41b60	locstridFailLocIdDeathByGorgonDrone
9cb17afa	fRusher
9cb3d520	archetypeconfiglistDrone_Chase
9cb3eb27	ParticleEffects
9cb79c05	sFadePostFx
9cc0215f	bRestrictCourierLocations
9cc0e87d	bRequiredButtonHoldToSwapPhone
9cc21fe0	fLineAlpha
9cc29d7d	curveContinuousShootingMultiplier
9cc3c10a	sMaterialSlot
9cc3e0db	fMinAmbient
9cc612a1	uiNbrUnitInMiddleCircle
9ccadd0e	nMin
9ccd087c	fFleeSpeed
9cd24550	iRandomConnectionEntityFlowCountMin
9cd87657	fNoMoreInConflictWithAiTimeoutDuration
9ce1e64c	vec2YawAngleMultipliers
9ce35598	bIgnorePolice
9ce82f99	AvatarCoverAimingLeftOver
9cebb6c3	TagCoopSettings
9ced6773	propProp
9cf6bd8d	fPlayerSpeedThreashold
9cf8abf0	fUnspawnQueueTimeMin
9cf8ee08	bTrickCameraFOVEnabled
9cfb259f	nStep2BelowLevelDiff
9cfbae17	LTLChokeProximityMine
9cff5e76	selMidZoomInLayer
9d009b47	bUseLaunchHelper
9d09766f	sndvarWetnessRTPC
9d0c5065	LandingDamage
9d153f77	locstridDistract
9d17d174	fCastPitchOffset
9d1a10d2	fOcclusionFactor
9d1a2775	fDofFocusPointBlendSpeed
9d1b5a30	StatusLightBroadcastParams
9d1bfc8f	ValidModels
9d1e039c	fRNStartingSpeedPourcentage
9d1fe750	uimenupageOpsAppPage
9d204512	sndSuspensionTensionSoundStart
9d2dba80	ItemContentProperties
9d2e0a6c	wolfskinitemdbMaskMaleCinematic
9d2e76e4	HitByRCToyCar
9d31c832	sCallTheCopsSendInfoPostFx
9d31e757	locstridOverrideText
9d3354db	bUseUpOrDownSubIcon
9d36cc3e	sndPauseMenuOpenSound
9d42281f	fObjectiveHideDistance
9d4498b6	fMinZMin
9d45715a	nStartChapter
9d4a2185	TagAnySettings
9d4a56ad	decalLargeAngleDecal
9d4b4219	fIncidentMaxDelay
9d4fb80f	vector2LockonStimDelayRange
9d50e9f5	bIsUsingStepFalling
9d591a4f	bIntuitionGaugeIsVisibleInValidateLKP
9d5cc5d6	fMaxYawDegrees
9d6a2f7e	brickflowBrickFlowConfig
9d6edfc9	dgobjectivelogicObjectiveLogic
9d7183b7	Axles
9d81e0a4	fTotalTimeMin
9d8378e3	vectorIdealMin
9d8870ae	bCanPassThroughGates
9d9a0e18	bGeometry
9d9b2db8	uicolorpalettesettingsOtherFontColor
9d9b4eee	bFollowYaw
9d9cc7c5	sndTurnOffEngine
9da037bb	bIntuitionGaugeIsVisibleInUnaware
9da5c45e	uiMalfunctionCountInVolley
9da7cba7	Train
9daaa350	fMaxSpawnsPerMinute
9dabcef4	fC
9daca330	bZ
9dae10a6	fLowHealthPercent
9dae1c8a	bRimLightIntensityOverride
9dae8406	DataDriveAppFiles
9daf24b8	fRubberbandMaxDistanceAhead
9db7daa3	sPlayerGreetingsTrigger
9dba604a	LightningSettings
9dbb88d6	CurrentShopDiscountRatio
9dbcf018	selSpawnBudget
9dbf5233	fPartsCollsionDamageScale
9dbfdf5f	sndSoundXPSmallGain
9dc9b365	fDigitalHeatCost
9dcbe503	bUseRule
9dd00dec	fOnFootPostCombatDetectionZoneRadius
9dd6f702	fFacingStiffnessClimbUpWithContact
9ddd6dcf	ClimbDown_To_ClimbUp
9de6475a	bKillAlignOnPitch
9dee7d4a	selFamilyPropagatedReactionCategory
9df18205	StopAndGoFollowEntitySettings
9df76c4f	fInteractionVisibilityDistance
9dfa6c7c	fFollowHoverMinTime
9dffe5ed	dissndStart
9e022512	fAlertHardDeadBodyBarkSurprisedStartDelay
9e03ed79	FactRevealCollection
9e092e68	BarkRiftDestroyed
9e098c33	fFollowHoverMaxTime
9e09b373	fVehicleDamageVelRotationVelocityMax
9e0d060f	vecProfilerOffset
9e0ee5e8	bSpecifyQuitState
9e124970	SpotlightAiStandbyParams
9e1642b7	sndswvlBrokenSoundSwitchValue
9e1d2c58	fSplashesSize
9e240b56	uRecordCaseNbMin
9e254d19	Bark
9e27d995	fThreatInstantAdd
9e2e407d	FollowMe
9e35134c	bParticles
9e3b31f4	ImpactDiedNormal
9e3e7345	ThreatReactionsSettings
9e4cb7c9	selSecureReference
9e54eefc	locstridKickoutFromCameraWarning
9e5da2f1	fOffest
9e6753f3	fMobileRotorStrafeFactor
9e6818b8	sndvarSFXVolumeRTPC
9e69558d	fRunAlongEnterDelay
9e69cfb7	bCanExplode
9e6aae88	bTurnSignal
9e6f127f	IsInCombat
9e70cbf1	DetachingParts
9e71cb19	bUseRollTimer
9e764568	uiNumberOfParticlesOnVehicles
9e768e39	VehicleDisabled
9e86c19f	logmatTreeRaySurfaceIdx
9e8853c5	InstigatorTypeOverride
9e88b935	texturedbobjectIncreaseWantedLevel
9e8a5d36	progressionteamtraitOverrideTeamTrait
9e8b94b8	Fights
9e8e5a84	bAllowInInterior
9e915f36	fOnTargetStopLength
9e92c56d	locstridTextToDisplay2
9e934f9b	bDisableInteractions
9e9745bd	bDynamicReflectionGIInfluenceOverride
9e9aa936	iHeatIncrease
9e9b3b55	locstridReachLocationNotificationText
9e9db6ca	OtherPlayersMaxDuration
9e9e3093	NPCHacked_Exposed
9ea57a66	matScreenAiWarnMaterial
9ea80c08	fileFog2DNoiseTexture
9eab361c	uisoundGetUpHoldStarted
9eacca17	bRestoreNPCStateOnStop
9ead6989	sRewardIconRandomEventMissionIntimidation
9ead809e	fPointVisibilityCheckMaxDistance
9eb778f9	fMaxZMin
9ebbb6be	fNpcOffsetX
9ec09b95	fHackLineJoltRandomMin
9ec29ff0	bInjured
9ec4c205	bIsAllowedToReferenceAssociate
9ec8e80a	fLKPRefreshRateInVehicle
9eca43e1	vec2ImpulsePeak
9ecb534b	archCashRegister
9ecc69a9	fMaxHeightDiff
9ecc8e6f	fStep1WeightPercentAtBelowLevelDiff
9eccb696	LocationMusicSoundId
9eccc904	Boss
9ed03e03	fLeanSpeedLowForced
9ed09465	selDetach
9ed465aa	fPenetartionMaxRandomExitAngle
9ed5090b	fMaxStrength
9ed73382	uiNumberOfParticlesOnTheGround
9ed7cbb4	sndtpGlobalQuickStopType
9eddc27d	sndNotifyScannedSound
9ee6be26	DirectoryInfo
9ee8d2e3	RingOfSteelIngredientBulletHit
9ef353e1	BlendOffTime
9ef5f374	bIncludeRCForPlayerPosition
9ef7cb22	fMinimumLinearLimit
9efc95be	Playing_Harmonica
9efdf306	locategameplaydescriptorLocateDescriptor
9f024bdc	fAccelerationTime
9f064b0c	fHealthEffectIncreaseMult
9f0822cf	DroneFollowStateSettings
9f0a97a2	itemlistShotgun
9f0d1365	bUseBumpstops
9f0fb594	HumanItemOptionalSelectionTagCategories
9f0fe941	fMovingPushingNoneIncPerc
9f108a4e	fROSDisableSpeedForDistance
9f13146b	iBagleyAffectedEntitiesMajorEvent
9f1941ab	reactionBark
9f1cd7e8	vectorTintInner
9f2578dd	texturedbobjectARBetray
9f2f6353	AvatarCustomization
9f2ff11a	BorderIconAnimationColor
9f32c37f	fDisableDuration
9f33d74e	archRoadworksVehicles
9f35f58e	bTransfertYawSpeed
9f4187aa	fLargeDecalMaxAngleImpact
9f448218	Enabled
9f47e5fa	fMaximumRelativeXYPosition
9f488989	fFixedValue
9f48a540	fBankingLagOut
9f52ac96	ReticleAssistConfig
9f538f35	bIsBail
9f53b31a	OnProximity
9f58ae65	fGunFightVerificationCheckDelay
9f5a6c1a	colorReputationNegativeIncidentColor
9f65e1b2	fVelChangeMsThreshold
9f67d285	fWarningMessageCargoAlmostLostDistanceToDisplay
9f69a849	fLastFiredGunThreatTime
9f6e645d	fLaneSwitchTravelDist
9f70da22	ForbiddenLanes
9f72d365	curveAmbientSkyIntensity
9f732644	iCriticalSmokeBone
9f742c07	archNegativeCoin
9f75f432	fActivationDistance
9f76b1cc	Radial
9f76da90	fRebootInDuration
9f796514	bFailOnTargetNeutralized
9f79ae6c	fLootTruckMaxStartTime
9f7ba3b0	locstridRelationDescription_NonOperative_NonNormalStatus
9f826ff3	bShowWeakpointsOnOverheat
9f8d9bc0	locstridTopText
9f8fe0fe	tickertapeparticleParticle
9f9a592e	Doors
9f9b24e4	TileConfig
9f9c3c1a	uimenupageSettingsOnlineMenuPage
9fa38564	GunShotAtPolice
9fa4702e	sTrackingName
9fa670f8	fFog3DNoiseEndFadeOut
9faacdaf	archPickupCone
9fb2750b	PersonalitySettings
9fb50cfa	bCanUnblockGates
9fb555a0	fMaxWarningProximity
9fb57f53	Player
9fb8904c	bDebug
9fb97816	selCharacterSex
9fbca169	BehaviorTypes
9fbfbfc2	ObjectiveFreedOnlineNotification
9fc178fd	sndPDAOutSound
9fc30a04	fForceClosePuzzleDistance
9fc31613	locstridPowerupNameLocId
9fc69b8a	nNumberOfKills
9fc70969	bCanGoBackToCLO
9fcb6f96	AvatarCrouchAimingLeft
9fce745d	RiftTeleportBarks
9fd11f25	demoNewGameDemo
9fd3a548	fInRaceSpeedReduction
9fd3a76e	CallBackup
9fdcda3c	vectorDisplaceFactorHuman
9fdf7ae8	bAutomaticRadius
9fe10c21	fMaxPitchSpeed
9fe1d5b4	onlinedifficultiesDifficulty
9fe28c13	uiFogEndHour
9fe938b1	BoosterTypeName
9fea0bac	fileRightHeadlightTexture
9feb07c5	fApproachMaxDistanceFromStart
9feb409e	AppStore
9fec11e5	DefaultArchetypes
9fee3ae9	fCoverCornerTurnAfterSnapInLockTime
9ff02688	fileFightImg
9ff239ab	fHealthRegenerationDelayMedium
9ff24aef	AffiliationFilter
9ff268c9	TakePicture
9ff746db	bUseReinforcementSearchTarget
a000b3e9	VehicleEntityMapIconConfig
a00145b7	PawnIdentity
a0047961	floatingvehiclebhvsetupBehaviorSetup
a0080146	fLobbyCinematicBossVisibilityDuration
a0096cc6	fFinishCoinPickupDistanc
a0104cbe	fIdleInteractionMinDist
a0118070	Wheel
a01a4567	selSwitchNextOperativeTileId
a01a877d	bIsPersistent
a01eff88	humanconfigBuddyAIOneHandedWeapon
a01f22c4	bInhibitPathDirectionChange
a01f81e9	bCanBind
a023e187	fHigh
a02b6954	fCornerSpeedModifierForTraffic
a031d762	fTimeIntervalWalkieTalkie
a032e3a6	fWakeUpLookAtPosTimeMax
a036e525	fTimeout
a0393be0	locstridRemoteNotificationBottomTextP2LocId
a03ca0ed	GiveUp
a041ae60	ExtraEffectLightAiWarnParams
a042abdc	SpecialBroadcast
a04625ce	fApproachAngleMin
a0483b5f	fHitWithVehicleCollisionSpeedKmh
a04c9a62	fDisplacementMaxRelativeVelFactor
a04fe0b7	iNavigationArchetype
a053865e	Ground
a059d495	texturedbobjectRCEngageTargets
a05b56d1	fSilverSpread
a05dcc6c	archDropPointArchetype
a062ac1c	locstridPlayerStartDownloadLocId
a06460ac	missionobjlayActivationMissionLayer
a066ba26	EliteUnitIsUnlocked
a067b1a1	itemsTutorialItem
a06a9747	InvestigateLKPBark
a0711333	leaveareabrickLeaveAreaBrickDescriptor
a071dbfa	fIntuitionOnFootUnaware
a072939d	fSwayStartDelay
a074cc20	GraphicKitModelSelectionTagCategories
a07525f4	InteriorColorGradingLUTS
a0757023	SpeedCondition
a076b70e	VehiclesDefinitions
a077ce4e	PersistentStateConfig
a07a4c72	fileProxyObject
a07a56f2	nethackingconfigCivilian_Epic
a07caae2	fGlobalCooldownTime
a07de652	bUseCounterSteerSpeedVsYawSpeed
a07f114b	selSwitchPreviousOperativeTileId
a07fb150	fMaxInitialScratches
a080eb65	fWeightLimit
a081b889	iBagleyAffectedEntitiesMinorEvent
a0853dc0	curveWorldAOMultiply
a08a8d78	CryptoId
a0902112	fInputYawExtraSpeedAngleThreshold
a0a1a51b	curveSunLightIntensity
a0a1b6be	EntityToDeliverLocateDescriptor
a0a1cbbd	fFadeInOutSlope
a0a4081f	PingCard
a0adf2b1	selLookAtType
a0b114d2	fBrakeCamBlendInLag
a0b51f41	fDefaultValueWhenFocusActive
a0b5ad43	locstridUnscheduledKnownAssociate_HasTitle_NonNormalStatus
a0b8ed9e	ProgressionBoosterId
a0be899d	fRepairStimPeriod
a0bef577	fAIDistractedGiveUpDelay
a0c7e257	nMax
a0c85746	drvstyleFallbackDrivingStyle
a0c9a35e	RankId
a0cbd2c4	EffectTeamSpeak
a0cbe358	iMaxGunLockCount
a0cd1b2f	AnimationsPerActors
a0ce3b16	uiTrackId
a0d5c47f	fKidnapperGuardRadius
a0d6d63f	FxBorderColorAlpha
a0da43c6	texturedbobjectStateConflict
a0dda34f	reinforcementgameplaydescriptorDrone
a0df7a09	iRandomConnectionEntityFlowCountMax
a0e39845	fStaticToDynacmicFrictionRatio
a0f594a9	fUnspawnQueueTimeMax
a0f7d65d	fMinimumDelayBetweenAnnouncements
a0fe90ae	fBoroughTransitionTime
a101a9da	PlayerPhoneActive
a108636c	bOnlyInRedZone
a10ba5a6	vectorOverheatVectorValue
a10ccf74	fAerodynamicsDistribution
a113e885	tagcategoryselectionMediumTag
a1147e83	iTargetTime
a1161185	fFadeInDistance
a1181030	bBarkThrowGrenadeUseRaycast
a11d7bc6	fOrbitPosVisibilityToleranceFromPos
a12049cc	DynamicLights
a1208100	itemlistItemList
a121ba5c	bBarkGroupMemberShotAnswerUseRaycast
a1270440	RCFlyingDroneFirst
a1270af0	RequiredFlags
a129cb68	fFloat
a12b0f31	BrickID
a134f9b7	fResetSettingsHoldDuration
a1395c06	tagcategoryselectionPoliceSpecializedTag
a13a39d3	FollowEntityStealthSettings
a13d0403	curveLockBrakesHandBrake
a13fe5eb	AlphaScaling
a143edf5	AvatarBareKnuckleStun
a146ee8f	fRollCenterOffsetLat
a1492c31	SmoothingPasses
a14b4c93	vehiclebhvsetupConvoyMainVehicleBhvSetup
a14c2fa3	InVehicleFelony
a14e5203	dronealertstatesettingsDroneAlertStateSettings
a1523627	sndMapTrackMissionSound
a152b8c8	fSpawnInterval
a1565ed0	fRotationPitchMid
a1585fb6	fFadeDistance
a15beb3b	locstridRoom2
a15cc23c	fPingBackWaveRange
a1615264	criminalrecordarchetypedescCriminalRecordArchetypeDefault
a16323f5	FirstName
a165784c	fUnavailableNotificationDuration
a16616c6	fMiddleBack
a1665aa1	NakedBodyItemOptionalSelectionTagCategories
a166ec0f	texturedbobjectEventTexture
a1677cdb	CurrentlyHappening
a1680e44	uimenupageARMultiplayerProfilePageConnectedPlayer
a16e4285	cameracontextContextParameters
a17468f2	fDogTakeDownMaxDistance
a177d7df	bHangParticleUseVelocity
a17da622	bAllowReactionToHitByVehicle
a186b04c	fUnskippableMaxDelay
a18a0ab5	uiNPCMaxAgentBudget
a18cdffd	fTotalTimeMax
a18e47ba	vectorIdealMax
a1963e55	fAssistanceAutoLockDistanceThreshold
a1998e6a	sndtpGunMovementStopSoundType
a19b3efa	ClosenessConsiderations
a19b6070	uitagimagesettingLeftyStick
a1a1363a	sndtpHitInvalidTargetType
a1a21431	JumpAndLanding
a1a61489	psFxAirBag
a1ac1693	CompanionConfigSelector
a1af8620	fPingOutlineFadeInFactor
a1b2b595	mapicondescLabelIconMisc
a1b4d9ee	fChangeSpeed
a1bb2881	fPreShootDelay
a1bb4962	fRotatingSpeedScale
a1c58721	PMSValueAND
a1c6c9b6	VehicleAutoDrive
a1c7e112	locstridPausedDisplayString
a1cbe25f	Reliability
a1cce165	fHealingPerSecond
a1d04004	censusattendancedefinitionAttendanceDefinitionForActorInjury
a1d49a66	vehicletweaksTweaks
a1d60ba8	StimGeneration
a1d84639	fMaxDistBetweenPlayerAndHackableToArm
a1de9382	bShowIcon
a1e282ea	sndtpHackingIngredientShutdownSoundType
a1e7816b	fMoveDistance
a1e9effd	sndLocalPlayerGotOut
a1ee4adc	fileReactionPanick
a1eef926	bAllowSpawningInPlayerFoV
a1f2dc2f	sndTimeRunningOutSound
a1f3a672	fInVehicleMagnetMultiplier
a1f5f0d7	fRearLateralAngleInterpolationRange
a1f82af8	iRigidbodyCtrlConfigKeyCount
a1fafe96	texturedbobjectRCReturnToOwner
a1fb9d82	StunInteractiveTalker
a1ff356d	fBigSoundThreshold
a201113d	bSkipCollisionsWithPoliceVehicles
a203c600	uisoundOnPingedSound
a20b5bf6	locstridIsOpenWorldPolice
a212b028	fLayerHeight
a212ee0b	fShadowVerticalFadeRange
a2139b40	TargetDestroyedOnlineNotification
a21d4361	DialogActorSettingsWithTags
a21e4a6d	HackCategory
a21f3ba0	fTurningSmallRollReturnLag
a21f4cc4	fTyreHeatIncreaseRateCrashScale
a21fde6e	fThrottleToPitchAngleScale
a220f960	bApplyRegularDamage
a221c5dc	BareKnuckleWin
a229340f	uRecordCaseNbMax
a2295d66	DesiredCount
a22c17ca	opgenvehicledefinitionVehicleDefinition
a22d2533	fileMaskTextureFileName
a22ec2a1	locstridFleerAlmostLostLocId
a23864bb	fSteerPidD
a23dac54	DronesHighwayHeight
a2418e6d	Hack
a243b066	fRigidFriction
a24810d1	bShouldOpenLobbyDoor
a24a246d	Family
a24bc720	Skin
a24f58a0	fMassHackChargeTime
a24fe557	bCanBeAppliedToNeutral
a2514936	fApproachKeepDistanceProb
a252eaa0	fSniperLagHistoryTime
a25823aa	HeadLightSettings
a25ad4aa	curveMaxSpawnedOnFootUnits
a25b5a36	bNethackingDeviceArea
a25e4f46	fMovementTimeLookAt
a25f2ce8	availabilityrulegroupPerkLockAvailRule
a2622cf6	SoundEvent
a264b7d1	locstridRCHijack
a26577b2	sndOnPoliceTagAddedSound
a267f683	sndtpPackageDeliveredSoundType
a26af625	dronestandbystatesettingsDroneStandbyStateSettings
a26b88c5	fEngineHeatFactor
a27019fe	sndRoomWeakspotOpen
a27081b1	degangvecSpawnAngles
a271c0b1	fCurrencyPopUpDuration
a27624be	RaceItems
a277902f	TimeBetweenBark
a27de0a5	fChanceToDoSharpTurn
a27e5c1f	iFemaleEccentric
a284793f	CarBreak
a2866513	iOffRoadHeatAddTarget
a2893ffc	ReinforceAgainstTarget
a28a9211	civbankCiviliansBank
a28f8328	MaxRaise
a291c38f	locstridDistanceText
a29a4a02	fTargetPitchOffset
a29b289d	vectorCameraPositionOffset
a2a04845	FleeTriggersDescription
a2a31084	fSunBelowHorizonFactor
a2a49067	fTJunctionParallelAngleLimitDegrees
a2a81099	selWeatherForecastFogAmount
a2aa447a	uiFogLatestStartHour
a2aa5cf0	selOrientation
a2ac4ccc	uisoundOnExitSearchBadge
a2ad43a3	fMaxLoSIntersectionPenalty
a2b29587	sndProximityPing
a2b89b61	fMassHackVehicleRadius
a2bf33d7	AIModifiers
a2c29b7f	oprewardsettingsRewardSettings
a2c2cd15	cloactAction
a2c418cb	curveVertexAOIntensity
a2c98980	BehaviorProperties
a2cda4cc	fHackLineJoltRandomMax
a2cdeefb	bUseContactForLeanRotationCenter
a2cff32c	uPriority
a2d05855	fWantedLevel3
a2d4c088	fClosedToOpenedTransitionDuration
a2dab90e	locstridEventReachZoneLocId
a2dbbddb	fAimAssistWaitTime
a2dbc5c0	fHearRadius
a2dfaa61	Alley
a2dfbedd	fRollSpeedAcc
a2e17988	selSetting
a2e418f7	fMax_speedOrientation
a2e5e788	dronenavigationparametersNavigationParameters
a2e67a9d	reputationeffectsReputationEffect
a2e7f014	sndDispatchStartSquelch
a2e90333	ExcludedMetaIntrigues
a2e94226	uDrinkCountToStartTintOuterAnim
a2eb2432	tagcategoryGenderTagCategory
a2eff5de	MeleeShockwaveRadius
a2f4b5eb	ShootSettings
a2f4eef9	npcoverrideconfigMobSquadConfig
a2f54d7a	sndHackingRobotLoveBullSoundId
a2f59640	fBarkOrderFlankRadius
a2f5d74e	bDisabledInCinematics
a2f788a2	locstridUIEmptySlot
a2fe1c65	CollectParticlesNormalCoin
a3008b25	FieldOfViewConfig
a3052949	selFollowPYReference
a308c492	FightModifierIntroData
a30bb843	RCCraneStanfordDish
a30cb6f9	bPauseUntilDominoEvent
a30d87bd	HeadOnlyLookAtSettings
a30de84a	UploadTransferTypeSettings
a30ee745	SpawningEntry
a3101dfd	ClimbDown_To_ClimbOver
a311db9d	droneconfigRaidRepairDefault
a3148f00	bUseExplosiveIcon
a318a2c8	fPuzzleCompletionTime
a319c5bf	DroneCommandWaitForCommand
a31aa51d	TagDescriptor
a31d3b67	vectorGroupSize
a32003ce	itemsGenericNPCHackItemID
a3209bab	fAngularAcc
a321f584	RaidBoss
a3241b6f	phonecommunicationsettingsOpTransitionBriefing
a32584c0	fMinDamage
a328fdf6	mapicondescNorthSymbolMinimapArabic
a329e8ab	graphickittagspecTagSpec
a32b544d	nVirulence
a32b68ad	fTextureAspectRatio
a32b9d39	texturedbobjectStateStunned_LongDuration
a32d699d	degangYaw
a3397c1e	locstridCityHotspotsCollectibleTitle
a33dd7c2	fLockOffBlendTime
a3438f8d	DestroyedScreenGlowParams
a3448a5e	fRumbleIntensity
a34bb540	texturedbobjectRobotRepulsor
a353420c	graphickitmodeltypeDefaultModelType
a3548e8b	sndRepairStart
a3568b49	mapicondescDedSecVirusEvent
a35783fb	VehicleToWorldCollision
a3587222	curveIdealPositionYCurveLag
a35bb224	sndtpSwitchToFullCombatSoundTypeReset
a35e1e87	sIconName
a35e65c9	OnMainSwitchInteractionStarted
a3605336	sndRoomActivationSound
a360e624	psSplashResource
a364afc5	LookAround
a365a89d	fBulletDamageCurveInsane
a365c4aa	ShootingLag
a36792e7	FactionId
a367e233	fChanceToHave2Relationships
a36d0e14	fNetHackTransitionInDuration
a36ee3d2	vec2VisibleAnglesDistances
a372f35c	fShakeSpeed
a37c32e7	BarkAwareStayAlert
a37eb612	locsectionidProfile
a38ae7f4	teamconfigTeamConfig
a38ea286	fCollisionPitchFactorTime
a391c0b9	sndShockDamageSound
a3969bb7	fDualTargetingMaxAngle
a3980269	mapicondescVeryDifficult
a39b4956	bIsLocatedOnStart
a3a0b95d	selNumberOfColumns
a3a27cb4	fDeathShieldTimeMedium
a3aaa629	HipsPitchAdjustDamp
a3aae1ec	fLinearSpeedFactor
a3abeb49	fActorIntrigueUiSuppressionTime
a3acc0a9	fRearWheeliePitchHelperMaxSpeed
a3adedc6	fKmhPenaltyPerSpeedInterval
a3b18539	selFreeroamTargetType
a3b36356	UpdateThreatProximity
a3bc0e66	fileProfilerPortraitAnimRes
a3c36303	SpotlightPlayerFirstPersonParams
a3c70ceb	Crate_28cm
a3cdccbc	fFrontWeightDistribution
a3d2406f	selNav
a3d44a2a	iCycleHitsDuration
a3d46ab1	DangerousEnemyLevelDifference
a3d4c392	UpdateGroup
a3d5f26f	bTestIntuitionOnFootCombat
a3dac534	BlackoutStart_Day
a3dde29a	bApplicableIfActorHasNormalStatus
a3deeac6	selCollectibleType
a3eaebb7	bAirSpawningAboveObstacles
a3eeb7b8	error5
a3f50e8e	angMaxRollAngle
a3f5ac1f	fMouseInteractionsOriginX
a3f5cc0e	ArchetypeConfigLists
a3f5e362	archHintArchetype
a3f6107d	fImmediateRechargeObservedTimeLapse
a3fa7274	GraphicKitPart
a3fa9b6a	locstridModifierGroupLocId
a4000c90	SpawningOverrides
a40503db	bActivateGetToSafety
a40c8682	locstridAppHungoverLocId
a410a801	texturedbobjectProvoke
a413e0f4	disGearDownShiftRpm
a41e899d	fRepulsorThreatenTurn
a41f10f1	personalityPersonalityConfig
a41f8444	Overshoot
a4305df0	fCamShakeStrength
a431ff8a	PersistentFeuFile
a43836de	AvatarInteractingSprint
a43a46a4	fCollectibleDelayToHideDuration
a43af120	curveReflectorIntensityOffset
a43db15b	iMaxCivilInRailVehicle
a43e0eb1	StartWarning
a43e378f	PetBusy
a43ed10a	fProportionOfPatrol
a43f5413	AlertGuardsBark
a4406fe0	locstridFilterNameId
a4427e67	sndLaunchSound
a444681e	vehiclecombatconfigFelonyLvl3
a449a88f	fBulletDamage
a449bc5e	ExoticRewards
a44af3a2	bCastShadow
a44c54bd	fRpmAmplitude
a44ed5eb	fPlayerDownWaitTime
a4523016	GeneratorHistory
a4525031	fRandomAiSelectionMaxDistanceFromDeliveryEntity
a4533589	WrinkleMask
a45e7688	uinavigationbehaviourtypeidBehaviourType
a45f613c	bRainUseQuadraticAttenuation
a45f691b	peopleinfoSpawnInfo
a46264a8	DroneDeliveryGlobalSettings
a46349f5	PremiumOperativeOutOfActionTimeout
a4638121	locstridHudElementTrigger
a46508dc	bHasNormalizedLevels
a4674228	fRearDetectionDepth
a4678d0d	curveSwitchAllegiancePlayerRangeThreat
a46795e3	fGaugeLevelToPlayStartTargetRecognitionBark
a46fb9b0	NPCDenunciatorGPSTexture
a472c0ed	UIDataRoleB
a4738615	uiHitWithVehicleNbr
a4745cce	fSwitchAllegiancePlayerRangeWeight
a4790845	curveCameraShakeStrength
a4801e11	fMaxTorque
a48373a1	error1
a485451c	curvePrimaryTransmissionRatioCurve
a48c9b39	OnFirstTargetNeutralized
a48ca373	fOnFocusTileDistance3D
a48cb14e	sDefaultDenunciatorBark
a4950aa7	bBounty
a49cb992	nMissionsSucceeded
a4a21a43	fTweenDuration
a4a25e1e	fUndergroundMeshAlphaModifier
a4a3cf3f	droneconfiglistDroneConfigList
a4a86c31	bAllowSoloSkip
a4a8aee8	fVerticalMoveAngleMin
a4af5558	StateLightAiIdleParams
a4b6a00d	fLeftTurnMinAngle
a4b85b5d	uMinRank
a4bafa13	vehiclesteeringSteering
a4bde976	sndIntuitionStop
a4c2dc41	fFarCascadeRange
a4d0c857	sndDeflateTyre_1
a4d39609	fJumpOverGapIdealWidthJog
a4d450c5	ClutchLockUp
a4d5e2a5	sndtpHackingHackDisabledSoundType
a4d7fa42	fLookAroundAngleDegMin
a4d9bf69	sndvarStereoDownmixRTPC
a4db14f2	fAssaultDistToStopMovement
a4ddbe41	ValidFlag
a4e21ef6	Cameras
a4e2a0d7	fFlankDetectWhileMovingRadius
a4e5ea2e	locstridGetOutOfVehicleLocId
a4e699cf	fSearchStopDistanceThreshold
a4e93332	ProximityTriggerDisplaySettings
a4eb3788	DecreaseCrimeDebt
a4ee535a	sStart
a4f02e38	fWeightPercentAtMax
a4f0b9ef	uimenupageSettingsMenuPagePcSpecific
a4f16baf	bSpawnOnClosed
a4f1ed86	fPlaneScale
a4f2bdb3	fSupressMovementSpeed
a4f43e8e	CityLifeActionSettings
a4fc5746	RCBroadcastAttractEndedStressRules
a4ff339c	AcknowledgmentParams
a5004197	camerablendlistdbFixedCameraBlendInParameters
a504921b	sndMindjackFailSound
a504ffcd	bUseWallJumpTakeDowns
a50640c7	fHackLockLinePositionSmootherStiffness
a5079dc0	vehicleentityconfigDefault
a50ba8dc	bUseOncoming
a5137b9e	uiSpawnBiasBack
a513d48e	OnEntryBark
a517ae4f	locstridShopRefillAmmoTitle
a5190adc	vec2Cover2Ally
a51cd500	fShootFleeingTargetProbability
a51cf583	bMeleeOnly
a51e37bf	fAlarmTriggerPercentage
a520e909	WarningLightSlots
a5240ce0	ReactionsToLoad
a524c837	tagcategoryTypeTagCategory
a527d96d	bSkipCollisionsWithPlayers
a52a6cad	locstridLoadoutName
a52b35ae	chasesearchparamsTargetedSearch
a52cb0d7	fRagdollExplosionImpulseScale
a52f5d40	sndtpHackingDroneHijackSoundType
a53b005a	fTakedownMaxDistanceSprint
a53b6469	Max
a53cb9f5	tagcategoryselectionTypeLocationBasedTag
a53dff7a	fTurretTargetSwitchDistanceHysteresisMultiplier
a54b4050	fTemperatureLongForceScale
a54e9d16	BoundingBox
a54fa39d	filePreviewEmissiveTexturePath
a550fe8e	bSuppressiveFireEnabled
a5542978	fBumpStopMaxSpeed
a5559807	InjuryRecoveryTimeoutCalculation
a55dda2d	Grenade
a55ed073	interfaceHudOneLayer
a562173d	fDurationMax
a5661d7c	sndWheelSlideStopSound_4
a56888cc	AllMissions
a568f5fa	bUseOverrideRadius
a56c31da	bGeneratesThreat
a56f160c	bCountDBNOAsNeutralize
a571ae52	BarkPlayerDied
a572bd37	fEnableCoverCornerAutoSnap
a57da7bf	nethackingconfigNPCBeingProfiled
a580e545	sDamagePostFxName
a5848139	SocketUnlockDistanceFwd
a586ccb6	ScreenGlowSlots
a58b9116	DroneThreatenedStrafeSettings
a58dcaad	npcoverrideconfigPoliceSquadConfig
a58fd01b	fDensityScale
a5960513	uiSecurityLevel
a59661dc	OnFree
a5988efa	bSearchOnStart
a599c269	fRespawnFarMaxDistanceFromTarget
a59ba521	WipeSuccessPostFX
a59cd9cb	vectorIdealSpeedCoef
a59feefe	fBotnetEasy
a5a40f8b	HeatLevel4End
a5a9c91d	bAutomaticStartFadeDistance
a5b3f581	AvatarNormal
a5b67e64	AnyOpSwapsEnabled
a5b95aa2	bRelationCompatibleWithRoleB
a5bbc577	MenuSelection
a5bf4c8e	uiNumberOfScanners
a5c5eed3	fShotBeamDuration
a5c87c63	vectorParticleRotationOffset
a5d5325f	CrushAttackCooldown
a5dcdbbb	bEnableWeather
a5ddfb45	fAbilityActiveDuration
a5dff0e3	curveOrbitSpeedCurve
a5e13c40	ParticlesSystemsRulesSets
a5eb54b7	CollisionShake
a5ebb23b	PlaneShape
a5eee0dc	fAggressiveTrackingActivationTime
a5ef0b4f	uiColorGradingMoodExteriorIndex
a5f05792	sndTrollingSoundWhileUsingLifts
a5fd4014	fCollectibleMessageDuration
a60235b2	sndvarRadioBarkRTPC
a6034da0	vec2ControlVelocity
a6039780	GapJumping
a6046251	fSlideOverInterruptDist
a607fb2f	AIDetectionHighDetectionFireUiBlobTexture
a60a0177	bUseYawAccelerationForCountersteerCondition
a60c31ec	fFarScale
a60d20e7	fMaxDistanceForPullRequestLowImpactMerge
a60d74fc	sndswvlSoundSwitchValue
a60f6677	fWaitForCombatWarningAfterAlertTimeMax
a612b96a	locstridUnavailableAssociate_HasTitle_NoLocation
a612eb11	fMinimumLengthFactor
a6180293	OverriddenProfilerSettings
a62523e6	OperativeSwapScenarioList
a62816c6	fMaxAllowedDistanceFromTarget
a6287433	bUseRoadBumps
a62c316d	sndMapRemoveWaypointSound
a6398f84	entDronePostIntroTeleportLocEntityId
a63f5208	droneconfigKamikazeDefault
a641b2c5	iGoodReputationReactionProba
a6442485	locstridUppercaseAMLocId
a64750d2	fBrightness
a647e5f0	selDGODifficulty
a64b58ed	uicolorpalettesettingsEnemyColor
a64f5aa5	AmbientOcclusion
a65c0ec6	selObjectiveOutcome
a65e4571	fCameraJumpSpeedForAnimation
a660619a	fMinProgress
a661fa38	locstridDecreaseCrimeDebt
a66cac53	InvestigateLKPBehaviors
a66ec6a5	FleeSettings
a6704008	fVsmAntiBleeding
a671e6e4	CanShowTutorial
a6764c1a	fStartCombatWithShootingProbability
a6774584	DronePickableDestroyed
a678f4e5	sndswvlMusic3D
a67c1221	DroneDescription
a683a84e	psHangParticle
a686f795	RCCombatDroneFpv
a68b4232	fPingRadarDuration
a68e579e	DogBank
a693034d	sHudScreenMaterialSlotName
a6964670	bUseColorCorrection
a69b3054	fileCloBehaviorStrategy
a69cc4c4	vehiclebhvsetupVehicleStopBhvSetup
a69da55f	fInitialDelay
a6a5bad9	fOutOfControlVerticalScaleRange
a6a5d775	uAgeMin
a6a753d0	uimenupageDataDriveAppPage
a6ae93b7	bAngleFromSpeed
a6b341cc	selTagIndicatorBehavior
a6ba7e37	locstridVillainNameLocId
a6c01149	StatusLightIdleParams
a6c03fe7	fBumpAmplitude
a6c35a37	fBelowOffsetY
a6c52a62	StartNodeQtyRules
a6c54af5	fPostShootingCooldownTimeMin
a6c71be1	uimenupagePostMissionAppPage
a6cc61ba	fComfortZoneMinRadius
a6ce1978	DroneFlashSound
a6d9bc15	fVehicleVehicleSideFactorMinSpeed
a6de2f4b	BarkSearchThreateningTarget
a6e00cd5	OpPatternTropeTypeSettings
a6e177a8	locstridDefaultLocalizationID
a6e621b8	fSize
a6e93b9d	locstridRewardCryptoGainedDescription
a6f01746	sndTurnOffSound
a6f45cb8	AvatarBareKnuckle
a6f8fef7	texturedbobjectProjectileReturnToOwner
a6fb5faf	bAffectedByTimeOfDay
a7056326	sName
a70664f3	fVerticalBase
a70acbdc	selHackableCategory
a70b8fb0	vec2GrenadeLandingDistFromTarget
a712fe0f	ClimbUp_To_ClimbDown
a719cc21	Bench
a71e86a7	OnPieceCollected
a71ffcdb	fPostArrestCameraSecondsTimeout
a7205ae2	bUseWrapping
a720ea72	FilteredMidZoomInIconTexture
a7215330	fBaseHitThreshold
a7226aa2	StatusLightDeactivationTakedownParams
a723855a	fPickableMoveToleranceIfFar
a728d778	matsetMaterialSet
a72965b7	DrivingList
a7384998	phonecommunicationsettingsEntry
a73dd441	fChaseEfficiencyTimeModifierInsane
a7419f87	locstridRobotReboot
a7453fa1	fCooldownMin
a747942d	SquelchSounds
a74bbb12	uMaxRank
a74f0bf3	LowLevelCarriage
a750a7f8	bExtendableShapeUseParentForShape
a75491c3	ActionValidation
a7549c75	PersonHit
a75de58a	locstridNotificationText
a75f399d	InteriorTimeOfDayRanges
a7613f81	CanUseAllSeeing
a7616155	fDodgeDangerTimeToEdge
a7616fd6	fInitialRadius
a7618257	fMaxLeft
a770bdaf	fStaticColVelocityMinRangeValue
a770c575	uisoundOnEnterNormalBadge
a771ea50	dronesearchpattern
a773439b	EnticerRareShowcaseMaxCount
a774241a	fRightTurnMinAngle
a778e74d	DisabledIngredient
a782bda9	FakePhysics
a783da4e	CloudLayers
a7885390	tickertapecurveColorB
a788914c	hidValidationFailed
a788a44b	chasebehaviourparamsBehaviour
a788b3db	ZeroThrottleAddSpeed
a788fd38	sTagName
a78a963a	bHideMissionAreaOnEnter
a78ef528	GroupVehicles
a78f6d04	aispawningtypeReplacingArchetypeForCTDrone
a796a997	Accessories
a79767ed	Color
a79d7752	HealthRegenDelay
a79db041	sLayerName
a7a1ea2f	BlendShapes
a7a3ac1f	archBaton
a7a600bc	bAdaptCountOfRequiredPlayersToCountOfSessionPeers
a7a60b76	StateAlertHard
a7acf685	EMP
a7ae04d2	iLowWaterMaterialID
a7afee8a	sndHitValidTarget
a7b0cbd8	locstridTip
a7b38c36	fReticleInTargetingQuadWeight
a7b4a05d	fDisruptParticleFx
a7b59335	nethackingconfigHackableObject
a7b7d795	phonecommunicationsettingsKickOffSecondIntrigueTeamspeak
a7ba7d79	fFrictionScale
a7bac170	fRightCalf
a7bbbb17	fMinTimeForBagleyHackAfterMinorEvent
a7bd7548	vec3ShakePRYRange
a7c0d0a7	fChassisInertiaYawCoeff
a7c1183a	fCivilianSelectionProbabilityFailedMinCooldown
a7c22978	fCollisionRadius
a7c49443	AvatarCoverRightTopOut
a7ce2a40	IsInSearch
a7d1df0a	fStartDeformationAtHealthRatio
a7d380fd	tagcategoryFashionTagCategory
a7d651b3	uisoundChangeHandsSound
a7e1b659	humanconfigHeavy
a7e386fa	fPuddleStartAccumulationDurationMin
a7e40c12	fTriggerThiefGetInDistance
a7e8eb9d	Location
a7e93df7	sndHackingDistractSoundId
a7e9ba72	tagcategoryselectionIngredientTag
a7ed31b8	EmergencyBrakeSettings
a7ed6603	fCoverAimingCrouchStandingHeight
a7eeb98c	fTurningTranslationMult
a7f5fc77	mapicondescNorthSymbolMinimapRussian
a7f669bf	sndvarNPCRadioDopplerRtpc
a7f7604a	bUpdateRealSpeedPMSOnStart
a7f9aad2	opgeneratorsettingsGenerator
a7fa3947	texturedbobjectRCHijack
a7fda60f	fHackableObject_Medium
a803c3fe	bExposedWhitePointOverride
a80a504e	LightingSetup
a80eca1b	bFreezePivotXY
a80fa9f1	uimenupageARMultiplayerChallengesPage
a8108c3e	fMinHealthPercentage
a815bc89	matHudScreenOffMaterial
a8170025	fOnFootRaycastMaxRadius
a81cedeb	CurrentGameModeAllowsPermaDeath
a81deef7	bImmediate
a82113c3	IsHackerspaceAvailableForAssignment
a822207a	bIsSlave
a8233858	fRandomConnectionEntityMaxDistance
a8234948	EntityStateList
a824ffab	sHackEscalationGroupID
a82a9676	DynamicEventsOps
a82d81ae	bUseFillCompositionEntryDelay
a82f618a	fNetHackStopRumbleIntensity
a831e93f	fNextPlateDelay
a83431ce	SequenceEntitieIDs
a835e76c	SlideOverIsAllowed
a83cf45e	uizonesettingsRegroupZoneSettings
a847a638	RequiredX404MainSwitchTags
a849532c	selVisualModelOverride
a851d360	bIsDrawAreaOutsideShape
a8575bfe	curveOutOfRangeFogHeightMin
a859f3c3	fWobbleVelocitySoundThreshold
a85ff49c	MaxAgentBudgetsPerType
a86613b3	Parameter
a86689bb	TargetInBlackoutBackupTimeToReachMaxModifier
a8682f72	iHorizontalMargin
a8693801	bEnableHotSpots
a869ed91	fWaterLevelOffset
a86aa237	RuleInfo
a872d14d	bRequiresScheduledAppointment
a873701c	uimenupageWelcomeSettingsMenuPage
a876b2bf	locstridMissionAndProgression
a879b653	uidatafilesitemContentType
a87f6d2b	matimpImpactMaterial
a87fa004	locstridWeaponKillLocId
a8809ac7	locstridNoScheduleDescription_WithRelation_Operative_WithStatus
a8813813	vecOffset
a88188fa	Parts
a881c06a	NPCHacked
a883b277	fEffectDurationMax
a88a0cb3	PlayerSpawnPosition
a88ccf1b	locstridTargetDestroyedFailLocId
a88f7620	locstridRelationDescription_Operative_NormalStatus
a895de08	vec2AssistanceCushionInnerRange
a89d2009	nInteger
a8a4427e	fFrontWheelieOffsetY
a8a6b1a9	droneaudiosettingsDroneAudioSettings
a8a9a5e0	fGaugeTimeToReachBottomIntuition
a8abb6bc	sndEarnedMayorSound
a8ae6205	locstridBoostTransferHackWheelText
a8b36a3d	bAllowReactionToGunshot
a8b396b0	bUseCustomItemArchetype
a8b45aad	SDFShadowAlpha
a8ba757f	sndtpBuildupSoundStartType
a8bc2445	InVehicleFelonyCleared
a8bd1029	ExcludedStatuses
a8bf61c5	fGainTwo
a8bf78f2	curveMinimumExposureValue
a8c17e06	lighteffectprefabHeadlight
a8c64bea	sndtpStartGainingFocusSoundType
a8cddd6e	PlayerWeaponActive
a8d3367a	fNearCascadeRange
a8d6a200	FollowerSettings
a8d7ac82	fMobileRotorVelocityFactor
a8db87bc	angCameraMaximumYawAngle
a8e024c4	fRightForeArm
a8e313c4	uiTrafficRepresentation
a8e45521	fMaxReactionTimePenalty
a8e6dfe8	fVisibilityBlendRate
a8e85511	bIsBoss
a8ea9c25	opglobaldynamicactorFlatlinedGlobalDynamicActor
a8ec7505	psParticlesSystem
a8efcece	degangDiskMaxTheta
a8f24d33	PlayerIEDExplosion
a8f59e74	sndOpeningSound
a8fa213b	fHeatLevel0IncreasePercentage
a8fb952c	PartsToPreload
a8feeb76	sDescription
a8ff328e	fFinalFadeToBlackExtraDuration
a8fffa43	fLightsIntensity
a90577f9	mapicondescCourier
a905b275	EngineDamage
a9098823	bIsUsingARCloakBarks
a90a2f49	bReenterIfHealing
a913e419	fProfiler
a917e784	ConditionalStrategies
a9196c9e	fMinDroneCount
a91f24f0	fPickupCylinderTopOffset
a9203656	fTerrainHeightCoefficient
a928473b	Collectibles
a928a95d	uiBatteryUsedForExplode
a930de01	entPathIndicatorMaterialEntity
a930f0e1	DataOwnerItemProfiler
a93153ff	DroneShutdown
a93cbf87	locstridSecurityCameraInUseStateOasisString
a940becf	Relic
a942d920	vec2GrenadeThrowRange
a9438233	archetypeconfiglistDog
a950116a	sndvarWallaDensitySoundRTPC
a951288c	WaterDeepnessLimit
a954a248	vector2Range
a9556f3d	fAssistanceAutoLockRangeStrongMultiplier
a957d5cf	fHackDurationBeforePlayerDetection
a95a089a	fMinStopDuration
a95a4572	tagcategoryselectionMaskUpTag
a95a5e92	fVisionLossRatioOnGhostExplosion
a95cb568	uicolorpalettesettingsEnemyInstigatorBackgroundColor
a9604bfa	mapicondescVRUnLockIcon
a96381d7	sUnassigned
a96a2171	uisoundIndexChangeSound
a96c7695	vector4MinAmbientBasisVectorFactors
a972fe1a	vec2BlockedTimeToleranceTimeLimits
a97cefb6	DockSpawningDrone
a98003f7	texturedbobjectDroneBroadcast
a9803afa	fSunFlareMaxBottomScale
a980f10d	locstridStep2Name
a9844dfd	Sniper
a9877480	selPrisonerReactionOnRelease
a98b4edf	fLOSEngagementDuration
a98ff0ff	curveRecoilTranslationY
a9905764	StateInfos
a9966e19	sndLandBad
a998251c	MaterialOverride
a99c9ccb	texturedbobjectIngredientDisable
a99ccb0e	bRestrictToSimpleAnimal
a99df040	fBackward180TorqueScale
a99f5a0e	fActionGameTimeDelay
a9a00102	fVehicleVsDynamicDamageScale
a9a017ad	SmoothingSelfWeight
a9a0b60e	sndTextEffectSoundStop
a9a79db6	fImpactStrengthDistanceEndStrength
a9a8e2ad	phonecommunicationsettingsNextMissionActivationPhoneCommunication
a9ae1a28	locstridName
a9ba738b	GenericLibrary
a9bc4e60	selCinematicDialogType
a9c05d1f	fVehicleLifeCoefficient
a9c9616b	sNotificationRumbleId
a9cfafc9	fBumpstopDamperSpeedThreshold
a9d23410	bAllowCapabilityToInvestigateDeadBody
a9d2efb8	CooldownRadio
a9d4b0a7	AnimationParams
a9d9727c	iRenderResolutionSizeY
a9df7409	bAllowStateCombat
a9dfa620	selMinimumIntensity
a9e1be40	WinRewardRulesmith
a9e5bbf9	fCenterOffset
a9ec8f5d	fCiviliansDensity
a9ececee	bDisplay
a9ed4de0	bUseGlassEffect
a9efa8e9	fGaugeTimeToReachTopHuntModifier
a9f93a5b	SpotlightPlayerOwnedTeammateSpotlightParams
aa01a367	progressionquirkQuirkName
aa06f87d	IsBlitzkriegAvailable
aa09dec6	fMinSpawnDistanceFromPlayer
aa0e5336	fProfilingRange
aa1a2d10	fCriticalHealthPercent
aa27fdcb	DroneAudioStateSettings
aa2ad89b	RegenHackPipsPerTrapCountRule
aa2e4ce1	MostWantedBountyHunter
aa2e6956	fNormalMapIntensityMultiplier
aa2e7632	sndtpTypingTextSoundStopType
aa37e3d9	matCurbMaterial
aa38088f	fCompressedSuspStrength
aa3db664	sndStandbyStartSound
aa3de5cd	fMaxPitchAcceleration
aa3f0cfa	fLaserNormalScale
aa4313ed	LongModerChair
aa43596b	bDisableNeededPlayerCountJIPRuleForRaids
aa45ee00	vectorPositionRange
aa461668	sAnchorName
aa46e6d5	selWorldActivityType
aa474eed	bIsInstantDBNO
aa47c8e4	ContextualSettings
aa48cf22	bOnlineHackingVictimEnabled
aa4ab25f	HearStickyProjectileLanding
aa4f7bed	bBarkOrderFlankInVehicle
aa51dff0	iOnFootCastHitThreshold
aa569ed2	bUseKeyFrameMotionType
aa5740d0	fLineOfSightWarningDuration
aa5adb93	fLiftCdaSide
aa5b97c9	DigitalFelonyDroneSpawn
aa6467fe	bAlwaysAvailable
aa679aa5	fTurningRotLag
aa6a46e9	fMovingTowardMultiplier
aa7003f4	mapicondescLabelIconLandmark
aa79a2e3	drvstylecfgFelonyLvl3
aa7daac2	Emote
aa7ec690	RumbleSettings
aa823f88	vec2CoverShotsCountBeforeMovement
aa838b34	bAllowRotation
aa83f729	fMinFreeSpaceAfter
aa878ebd	sndtpBoundingWallStartType
aa8a08a0	WallColorAlpha
aaa40e16	RootSpringDefaultStiffnessDown
aaa45871	RCSpiderWarDefault
aaa9482b	locstridIngredientArm
aaa98e5b	fRearWheelieOffsetZ
aaaae017	fCausticIntensityBias
aaaecaf3	fAggroGainOnOpenArea
aaafaaae	fFacingStiffnessClimbOverWithContact
aab0e595	DefaultDelayParams
aab338b8	SteerMapping
aab81441	fMapSpeed_LowerValue
aaba9aa6	locstridIngredientTriggerHackable
aabdb8c0	fInvisibilityDuration
aac53e41	Low
aac55654	pmsPMSName
aac5cc7b	trackingdataTrackingDataToIncrement
aac6af60	locstridOverrideObjectiveLocId
aac6dd87	FullZoomOut
aac7d1c0	TurretFlashDisorientedTime
aacec796	DroneLandStateSettings
aacf236d	SecurityDetectionDisabledRule
aad19ca0	cameracontextCameraContext
aad22e0c	sndtpLockingOnCancelType
aad28e24	QuitSettings
aadb73f3	Light
aae1fb93	nethackingconfigVehicleAlly
aae278e5	bCheckPerceivedDistance
aae4e05b	sGroupName
aae9e195	fRelaxationCriticalDampingFractionFast
aaefd156	CameraAiming
aaf9ff4e	fWeightPercentForNonMatchingLocations
aafac1a8	Micro
aafadd27	fLowVisionRatio
ab008114	SchedulingView
ab061de1	StressBonusRule
ab0afda9	fExtinctionCoef
ab0b3268	fGaugeTimeToReachBottomPlayerBlackoutModifier
ab0f25f9	bDisplayDistance
ab11f11e	Timer
ab17d474	locsectionidName
ab19abd1	fDistanceToTargetReached
ab1dc8ab	bShowDirection
ab2086c0	selActionID
ab20a4f5	uiDroneMaxAgentBudget
ab24f2f7	bBulletHitAffectVehicleTotalDamage
ab26b1ba	fHealthEffectRecoveryDelay
ab286080	EnticedInterruption
ab2a93b5	clrNightSkyTopColor
ab2eb3a6	selYawControlMode
ab3097cc	sndStopHorn
ab32631e	fTimeBeforeFelonyTrigger
ab350d3a	fNearTargetStrategyTimer
ab3546a2	sWheelDown
ab381abd	uiRequiredDistricNumber
ab3b8fdb	fVeryLow
ab3dc27f	bUseSpawnedDataOwner
ab3eb363	InteractionChaining
ab3ebeb6	bToyCar
ab3fb98a	BulletImpact
ab40995c	utilityactiongroupNavigationActions
ab40bcec	VisibilityCheckSettings
ab431079	iScore
ab4aa8b7	BlackoutConfig
ab590ce1	NavigationParams
ab625b44	fDodgeBoxSizeX
ab72eb7d	BroadcastBark
ab74a207	vec3LocalCameraOffset
ab76fca5	Gear
ab7a0b0a	uizonesettingsDigitalSearchZoneSettings
ab7b2061	fBulletsPerClip
ab7b4ad0	censusmetaintrigueresolutionbucketInitialIntrigueAndLeverageBucket
ab8463cf	locstridUnreachableWarningLocId
ab874738	sndtpHackingIngredientTurnOnSoundType
ab8cf79f	fLowMaxAngle
ab8e2968	fReplaceFinishedTimeout
ab8e3d55	locstridHudElementDisarm
ab904e4d	plasmabucketHideBucket
ab9ad3bd	sndLockedFocusSound
ab9b2c6e	SpawningParameters
ab9b9080	LocationDescriptionID
ab9e4b72	locstridTeamSkillName
aba01c68	fPlayerVehicle
aba9c263	fBlendInTimeMultiplier
abacadcb	fMinAiAimYaw
abb3c640	sndBuildupSoundStart
abb6448d	locstridArenaName
abb646fa	bUseVelocityRTPC
abb8f20f	PMSDatabases
abbfaf92	DestroyedState
abc4dfab	fShieldEasy
abc5814d	BarkAllyNervous
abcc736c	fMaxValue
abd12c4c	fBarkTargetKilledTimeToStart
abd197c5	ShutdownScreenGlowParams
abd6becc	EmailReadSpeedSettings
abd7f6a3	ConditionnalParticlesSystems
abda9380	bCanPatrol
abdc454b	fHackLockLineJoltRandomMin
abe0ec5b	Map
abe22e91	sndDestroySound
abe8e45f	selComparison
abef629c	sndSirenSoundStart
abf0b57d	Sequence
abf2bd75	bUseLightDistanceFade
abf82b30	sndpairPlayStopEvents
abfc8bf7	fOnFootThreshold
ac016bc1	Group
ac0ad5d1	fCurvePow
ac0b7b56	fRearWheeliePitchHelperMaxAngle
ac0c8d8f	sndPlayerSearch
ac0c97e0	bCanShootNotInView
ac0e2067	slot
ac0fb6c8	UIMarkerDescriptor
ac0fc325	DataOwnerProfiler
ac15ab4e	fIgnoreInputForSecs
ac1ea054	DGObjective
ac1fb52b	fVisionBlurredSpeed
ac227bbd	LayoutSelection
ac31113a	WheelSpinNoise
ac31b198	fColorAnimDelay
ac348df8	fVehicleExitCamMinimumHeight
ac3531a8	AiForceDenunciatorSettings
ac38c1a8	RackBones
ac3cd8c2	locstridRemoteNotificationMiddleTextP2LocId
ac402c74	fGaugeTimeToReachBottomHeardGunfireModifier
ac40cf8f	fBackward180FrictionScaleFront
ac451f67	sndMapSurvivalPopupCloseSound
ac474715	ItemSlotConfigs
ac488fc4	degangvecCameraAngle
ac497d21	disName
ac4f89bf	bClockwiseProps
ac50ee88	fSpeedScaleVariation
ac54288f	uimenupageSmartphoneMainHomepage
ac5b3340	fXyI
ac618387	fHealthBarWidth
ac625cca	locstridwarningAttemptsSuccesful
ac64ed77	sndGunMovementStopSound
ac689b86	SquadVehicleHacked
ac699147	SpotlightPlayerOwnedTeammateParams
ac6fd694	fMaxDistanceForIconsOnMinimap
ac73da8a	fGunshotInPanicMinSpeed
ac791621	fWipeDurationRoomsFailed
ac796c20	bIsHoldAction
ac7c37d6	SpotlightAiNoCargoParams
ac7f2de4	ChassisInertiaScale
ac7f71d1	ContextBlendElement
ac80cd43	gradSubsurfaceBorderColor
ac8345df	fRightHand
ac8f7a94	bSwatTruck
ac943bfc	fDefiantMaxCooldown
ac94da2a	fIconRevealedShowOnlyInLOSCheckTime
ac952f95	fRotationRollMax
ac9b2cac	iMaleTrained
ac9d571f	bIsContainer
ac9e68d0	Axle
ac9fd093	matIdleAiEnabled
aca02206	sndswvlSoundSwitchOutOfWater
aca14995	iNbTicketNoLandOnDock
aca3247c	LampBehavior
aca4a086	psExplosionNoHoodFx
aca4cf25	iNumberOfZone
aca5b29c	StartNodeRules
aca94843	sndLockedByPlayerStartSound
aca9c524	MusicEntry
acaa37e3	SpotlightStandByParams
acab314a	fMidCascadeDensity
acb0f34c	sndAllFactAcquiredSound
acbabb22	MoodLUTTextures
acc0d430	sndtpVehicleDestroyedSoundType
acc20cac	bSendTrackingEvent
acc4f1a5	locstridTimerExpiredWarningLocId
acc710bd	fFollowPYLag
acca3298	bQuadraticAttenuation
accb3246	bDisplayInWorld
acd0d5b5	sndPlayerOutsideScanSound
acd13808	bNormalizeRGB
acdc43e7	sndMapZoomOutExitSound
acdeb433	AvatarAimingLeftGenericMale
ace757af	curveOnFootDefaultRadiusLOSCurve
aceb50af	fSpeedKmh
aced22c9	fMinCooldownToSelectSamePMC
acee2a81	fBarkOrderFlankTimeToStart
acf0552f	carhackbossabilityconfigCarHackAbilityConfig
acf0b01d	PointChainLeft
acf1a69d	fCatchUpDistance
acf447a5	publiceventsettingsSP
acf83f21	fHackingHalfAperture
ad0031a1	curveDistanceWeightCurve
ad047679	selJointType
ad0ba0dd	mapicondescKickUp
ad0f08b9	sndAbilitySelected
ad0fd357	MaxNbrValidator
ad10e5a9	curveTendrilMask01Intensity
ad11275c	fVehicleVsStaticChassisDamageScale
ad1141db	PartPropagationRuleList
ad148140	iMinPlayersForAutoStart
ad1797bb	conversationcameraConversationCameraSetting
ad1b0238	dialactorlistMaleDialogActor
ad1c6064	is2D
ad1e47d4	MoveStateEntries
ad228fc8	sndtpShockDamageSoundType
ad24bd7f	ScheduleLocationOPSwap
ad2adb7e	uiMaxNumNPCSpawns
ad3110fe	locstridContactHasRecoveredFromInjury
ad328877	sUIIconName
ad338b7a	fileReticleShotgunNormal
ad38f299	vec2RadioVehicleDistances
ad3b5404	envweatherpresetPreset
ad3f91b0	sndswtpType
ad3fdee5	Exclude
ad4ab7f4	uimenupageTutorialsListPage
ad4cac27	bIsGameLostIfPlayerLoses
ad4f7020	MaxOpacity
ad4fb150	fAttackFlashDuration
ad50f609	fMaxAntiGravitySpeed
ad55c2b0	fBotnetInsane
ad567963	ClosedCaptioningStates
ad56ac8e	RiotConfigSelector
ad5d3e01	gradAmbientGroundColor
ad5d5797	chopperreinforcementconfigChopperConfig
ad691f1c	fSlicingMinDistance
ad6d22ca	fSpecularIntensity
ad6d9877	ConeRestrictions
ad6dc184	fHandbrakeTimeThreshold
ad6e175a	Edge_1m
ad72e0af	fHackLockLinePositionSmootherDelay
ad72e1c6	fMaxYawSpeed
ad7e5895	SoundsToPlay
ad7f430b	Sit_Ground
ad81176a	curveAutoDetectionRadius
ad830c24	availabilityrulegroupSeamlessNeutralActivitiesAvailabilityRule
ad85c67d	GunTakedownAutoAimInvincibility
ad8cca47	InjuredTimeouts
ad8da023	fSteering
ad8edf8a	mapicondescCameraDetectionIcon
ad8ff993	sndTimerAlert
ad908af1	bAllowStateUnaware
ad91bdcb	locstridUnlockedLockboxNetworkMessage
ad91c05d	SeaLion
ad96ba58	chaselevelparametersCustomChaseParamsLevel3
ad9b89fe	fDampnessAccumulationDurationMax
ada7af3e	texturedbobjectMissionModuleTextureIcon
adaa770b	bUseMaxAngles
adaccec0	fMalfunctionInitialFireDelay
adad4a73	iOnlineChallengeDuration
adad9b13	SpotlightMalfunctionParams
adaf0704	TrackSetName
adb79d4c	fUpdateTimeout
adc101ae	locstridBreachingProgressBarOutOfRangeInfo
adc42cbb	vehicletractioncontrolTractionControl
adcecbac	fDestinationAirBuffer
add56ed1	fSearchRanage
add6322d	fAttentionRequestTime
add953a0	fCollisionMaxRadius
addc8442	AvatarAimingLeftGenericFemale
ade1d6b4	uicolorpalettesettingsColorRCHijacked
ade20bfc	itemlistObjectInWheel
ade3dc97	RaceDrone
ade4bfc6	fMinDelayBetweenAlertSoftStimuliCount
adea917f	fPuddleAmount
adeb9642	Puddles
adf19377	angMaxAngleLag
adf72f93	sndTimerHudElementUpdateSound
adf80cd0	sndswvlSoundSwitchWaterLow
adffe32d	fHandbrakeNoDriverFadeInTime
ae009970	fUnspawnRadiusInGame
ae08272c	UIElementWithLayout
ae0bc9c1	sndTargetDetectedSound
ae0f8d4a	selEnterTriggerVolumeType
ae10abe5	bShooterEnabled
ae11bb3d	fDownloadSpeedDecreaseFactor
ae122727	AffiliationSettings
ae1776e5	bAbsolute
ae18ade6	fFadeAngle
ae1b34c8	vec2AssistanceAutoLockRange
ae1ca90f	vec2ImpulseCurve
ae25eac5	locstridPackageDroppedWarningLocId
ae2e5e45	IngamePDAExtract
ae3bd03c	TalkerPivot
ae3ca5ec	sndtpSwitchSoundType
ae3ef726	psEngineFireNoHoodFx
ae3f9cff	Alignment
ae401296	fMaxDropDistanceBeforeDespawn
ae4c4b28	tagcategoryPartsPairingTagCategory
ae4e832f	ParticipantMergeLogicConfig
ae4f822d	HackEscalation
ae51b2eb	bReplicateStatusEffect
ae548864	locstridMenus
ae569099	fSeamlessStrategyTime
ae5a3d05	sndtpWipeStartSoundType
ae5c9ab9	fWeightPercentIfWrong
ae5f322d	OpTypeBehaviors
ae61d166	locstridEventDownlaodMarkerLocId
ae6584b9	iManualAutomaticBulletsMax
ae667bad	fCoverNegativeDistCutoff
ae6dedc0	VehicleDefinitions
ae6e4800	LocalTriggerCooldown
ae6fb6aa	OnObjectiveComplete
ae7199c9	bEnableEntityForInteraction
ae73000d	fMaxLifetimeCoefficient
ae7b7b33	fMaxLift
ae7cdc06	fTriggeredCooldownMax
ae7ef8d9	OnLeaderQuitCuriosity
ae8076cc	sndCombat
ae8800fb	sndtpSFXWipeAttackBeforeType
ae89345a	curveExposureRetarget
ae8fa673	locstridUnscheduledKnownAssociate_HasTitle_NormalStatus
ae931e96	RescuerExclusionTags
ae94b83b	bUseKeyFrameDriveMode
ae9ad928	fAttenuation
ae9d9cd9	locstridDefaultBarkFemaleName
aea6b5e9	StimTypeOverride
aeafd96c	drvstylecfgFlee
aeb13143	uimenupageKickUp
aeb169d2	videosGlitchBinkVideoFile
aeb39ac8	fInCoverMultiplier
aeb40bbe	bCanHideInVehicle
aeb59c99	fRandomConnectionRandomFillSpeedMax
aeb6a183	AllowedVehicles
aeb8a7fb	fFinalGearRatio
aeb8e138	fStressValue
aebeb205	selPositiveRelationDedSecAffinityChange
aebf8025	angRainFalloffAngle
aec06e6f	selGrenadeAnim
aec1210f	iBadReputationThreshold
aec91db8	fLookAroundSpeedModifier
aecef355	hidNumKnots
aed0bcb4	sndTimerCountdown
aed1fea9	fFoamAlbedo
aed2374c	fSunLensFlareFadeEndAngle
aed56f58	LightColorTextures
aed89a4f	colorReputationPositiveColor
aed8e787	DroneThreatenedEventSettings
aedb4366	chasesearchparamsUntargetedSearch
aedb705f	locstridInteractionText
aedda51d	DroneHighwaySettings
aee75195	SwitchAllegianceDurationCT
aee75436	fAlleyOnFootRatio
aeeb84b3	fHackableSpawnPercentage
aeef79eb	matOverchargeOnMaterial
aef4bff2	fMaxProcessingRange
aef53c38	curveWindCurve
aefe6a03	entBareKnuckleComponentEntityID
aeff9b8d	sndNitroStopOptionalSound
af01aeda	Object
af05093f	fApproachPosVisibilityCheckDistance
af091d07	RaidStepConsoleCommands
af0d90a3	mapicondescCoffeeShop
af12242a	fBarkCombatGettingSnipedTestSilentWeapon
af174417	iMinModulo
af1f24c0	WindSettings
af221bf5	curveMoveToPickableSpeedCurve
af22543c	DownloadLineSettings
af225c52	fFlightFleeDisplacement
af25c432	fFramingMinDistance
af28f4d7	fGaugeTimeToReachTopFarRangeModifier
af2ac8e9	sndTrickSound
af2e8906	fWeaponFireRateModifier
af3033c5	fTimeBeforeDataOwnerSpawn
af325c42	bPlayer
af360546	fRareRewardInitPercent
af3cda86	fSSAOIntensity
af431e13	targets
af4b407e	SECarAccident
af4bbc40	fDetectHackerIfTooNearDistance
af4d29aa	FamilyOverride
af50050a	bUseForEvents
af52fa31	itemlistBullet
af52fdb7	Particle
af5300cb	fLandingReactionStimMinDropHeight
af534915	locstridProxy
af53ec36	SpawnInfos
af5592f4	locstridClearanceAwardedMessage
af56fa03	sndWheelSlideSound_2
af591900	selSmoothingTypePos
af5af2a2	bIsManagedByPgtIngredient
af5e75c0	fDistanceMaxCallerFromDeadBody
af6063ab	phonecommunicationsettingsBagleyDarts
af676f2e	LeagueFinishedBark
af693202	fFullEffectTimeFromSteer
af69579f	uiShouldEqual
af6bbb65	ProximityBahaviour
af6c95ec	DeadBodiesDetectionRadius
af6cfc58	iRandomSeedBias
af713c61	PlayerAnimation
af783ad3	sndAdrenalineDeflateTyre_4
af783e8b	VehicleTypes
af79668b	MaxNbEntitiesInFluidSimNormalPhysicLoad
af79a095	locstridFeedbackPerfectLocId
af7ccca7	locstridWorldMapTypeTag
af8480d4	fLayeredTimeToLive
af84a922	mapicondescClothingShop
af868eae	CLOSelectorIDs
af8bbd8f	GunDirectionHandler
af8e34e9	fDropVelocityMultiplier
af927793	bMustBePropagatedViaRival
af95c96d	locstridwarningAllRoomInactiveBody
af9c537e	bBlockedByObstacleActivated
af9d228a	fileHungoverAnimationLoop
af9f17e4	fNormalExcentricity3
afa949f5	tmplDialogActorOverride
afa9c075	selProfileColorTypeOverride
afaac9c1	uiMayorXPReward
afb32bd2	iShareChannel
afb54157	fMaxAssistInputValue
afb6f4f2	filePathTextureResource
afba1e89	tagcategoryselectionLargeTag
afbb0516	TowardsCamera
afbb8b86	fMaxIntroHeight
afbbb889	fFollowHeight
afbbceea	FAAConfigDifficulties
afbeea2f	sndSoundResource
afbf052e	TriggersDescription
afc0cfd5	colorNodeCameraColor
afc87114	sndtpRepairStopType
afcab833	fPingFadeTime
afcfe7cb	fTargetingPulseRotationMultiplierDuration
afd0299f	archVehicleArcrtype
afd18cff	ReticleParameters
afd8a43f	uimenupageNewsAppPage
afd94f85	curveMindBroken
afde162d	fHoldActionDuration
afe3dbae	texturedbobjectWeaponTexture
afe766e8	ShootingTickets
afee0fd8	TimeBasedParams
aff2778f	ObjectiveConditions
affa10ca	fTractionUpperSlipThreshold
affcd7b1	LivingCityArea
affd0ef0	StateLightRebootParams
affd84ee	vectorMuzzleOffset
affdb8e0	fSliceDown
afff2028	sndtpHackingRobotAttractorSoundType
b0004336	AdditionalLanes
b00538b7	curveInputToSpeedMappingCurve
b0058032	ScreenDeactivationTakedownScreenGlowParams
b006ed20	RotationPitchMin
b00a22f6	StateLightAiStandbyParams
b00eaafd	SeeIntruderIllegal
b017d7d8	fV2YawSpeedZeroLatSlip
b01891a0	uimenupageWorldMapPage
b01a70cb	archRobotGreeterArchetypeGalilei
b01b7824	ExtraSpawnHumanConfigVector
b01b8f42	fManualAutomaticTriggerFireRate
b01cb9bd	fNewsStartBarkDelayMax
b021fd58	Pelvis
b02478fe	NPCDescriptionDescriptors
b02707fe	locstridProjectileReturnToOwner
b0287ae1	fVisionLossStartAlpha
b0339244	UncommonAction
b036d331	colorOnlineColor
b03875b9	fCompletionCooldown
b0389606	fFovMaxVertical
b03f3cce	locstridWardrobeDescription
b0421409	CanUseGamestartOperativeController
b0458525	locstridDisconnectHeaderText
b051a18e	tagcategoryCategory
b05286e4	selOverrideOperativeSource
b053f89e	DroneMalfunctionDuration
b05472d6	bUseFilletOrientation
b0568086	curveHackAreaIndexPerSecondCurve
b059bd75	bSniperGun
b05a2fc6	TipData
b05b4785	OperativeTeamName
b05e7e47	CivilianHero
b061ff71	sndPatrolStopSquelch
b063cd1d	iROSHeatLevelToStartfire
b064f153	MotorParams
b064f79f	StringValue
b06cbde0	BlendParam
b074d6f3	fReachDistance
b075a482	locstridWeaponNameLocId
b07e7579	fIntercloudShadow
b081e933	uisoundTerminalActivatedSound
b086676f	fMaxCannonOffsetFireAngleRad
b0872fee	fDeleteLivingCityDistance
b0892118	PuzzleActivatedSound
b08a0b4f	sndEmergency
b08cddfe	fDroneShutdownDisconnectDelay
b08d51c9	curveSwayAccelerationCurve
b0901634	RCWheeledDrone
b0919d10	vectorPresetOffset
b092cebb	sndSFXMachineGunChargeLoud
b09477f9	FillIconAnimationColor
b09c6e19	fMinAngleBetweenPatrolSegments
b09e4926	fParticleFadeInTime
b0a09711	clovehiclecreationsettingsSingleVehicleSpawn
b0a1294c	FOVFrontPitchDegrees
b0b36497	fCollisionBlendOutTime
b0b5e613	fWaitForCombatTimeMin
b0b8396e	locstridImageId
b0b9bba8	PhaseRange
b0bde721	bDebugDraw
b0c286de	iAmbientDroneSpawnWeight
b0c3b77d	itemcategoryTutorialCategoryDbObject
b0c60b93	fSlaveEmissionDirectionVariance
b0c937d4	CarTheft
b0c964a7	fileAnimPath
b0d5583a	ExcludedCensusFilter
b0db759a	fHackLinePositionSpacingVariance
b0dfb54d	DefaultLampList
b0e45edf	EffectiveDistance
b0e54511	fAlertSoftFollowEntityOfInterestTimeout
b0f1ab7e	curveTargetSpeedVsMaxDepthModifierCurve
b0f3b395	selHumanNeutralizationCondition
b0facfab	sndPhoneCallIncomingMail
b0faf8b3	curveTendrilIntensity
b0fb1815	curveInputToSteeringCurve
b0fd1557	fileIconTexture
b102224e	fYawMovementMax
b107b667	FreewayLayout
b10f8c04	SpotlightSwitchAllegianceParams
b11001ed	entBarksEntityId
b110628b	fMission
b110e223	fHeightMidRatio
b118971e	GunsList
b11caafa	TargetExposed
b11eaf46	fullscreentutorialFullscreenTutorial
b1218a45	fSearchStressThreshold
b1278951	psAttachParticles
b127c616	TargetingSettings
b1285712	fDeathCamAddedRotatationLag
b129795e	fAlignPitchThreshold
b12b30dc	bExpCloudLighting
b12f1f70	ArrestOnGoing
b131f364	curveFollowRotationLagCurve
b134fc42	uiShutdownEscalationHackNumber
b13547a0	censusactormemorydefinitionIntrigueTargetMemoryToApply
b135c5aa	tagcategoryTagCategoryArena
b135ca54	TagCategorySelectionDescriptor
b13731de	fDelayBetweenWeaponFireAttempts
b139aeb5	digitaltripoverridedescriptorGameplayOverrides
b13a0d47	CombatBarkPatameters
b13abc3e	locstridWarningContent
b13b72a7	selAvailabilityType
b13bd4ca	fShiftHysteresis
b13e2ce6	fClosingSpeedMin
b1427aea	TutorialItems
b143d4a3	curveRumbleIntensityCurve
b144dea0	Checkpoints
b1453ae5	AnimalItemSelectionTagCategories
b1468236	fTagSelectionMinDistance
b14763b8	PressurePlatePuzzleData
b14b4db2	BarkDescriptorsPathBlocked
b14e29e1	pcSignal
b15a172f	fSprintInteractionMinDist
b15b88ac	archGrenadeArchetype
b15f39f4	bHideOut
b1611d35	fMinTime
b1652812	sPmsName
b165519f	fLowerHeightAdjustment
b165532f	uiCooldownIntervalMin
b1657db0	uiRequiredFactCountToComplete
b1705600	fPathSpeedTurnCautionFactor
b1721f2a	fTargetMin
b1754a48	ExtraCreation
b1760482	curveMoonSpriteIntensityScale
b17611d6	GlobalReinforcementsData
b17696c7	fMalwareLifetime
b17aa8c5	bForbidGPS
b17b29e1	fPackageHealthNotificationThreshold
b17c8c24	MalfunctionScreenGlowParams
b1822b99	sndEnter
b186a826	DedSecNegative
b1898d6e	archPingIndicator
b18edeb1	fEventDeathRadius
b18f4e82	fCloakDuration
b1921e72	selTractionControlType
b192ab34	selFollowInteractiveMode
b1987022	fDelayTime
b1998ff2	ReactionSettings
b199bd55	DRAMALevel
b19b5266	WaterPipe
b19c0728	NewTarget
b1a1f0fd	bIsDisplayMarkerDuringSearch
b1a3e9c3	fMaxSpeedKmh
b1aadf32	bKillAllFramingElement
b1ad9355	BehaviorsSettings
b1ae6324	bDebugsingleForwardSpawn
b1b1c20b	fGaugeMaxOffset
b1b66e19	fLinearDamping
b1be9020	sndLaunchHelperStop
b1c34a0d	bUseDistanceForEngagement
b1c54589	bExportForInstallPackage
b1c80b14	fMinCarDefense
b1cb6d9b	sndWheelRimSlideStopSound_1
b1cc94c4	Effect
b1cd1906	fileNoiseTexture
b1cf702d	fPreActivateDuration
b1d704f9	PopUpFeedbackSounds
b1d8f7de	Loadout
b1da1955	pgtaientitygroupAiEntityGroup
b1dcdced	wolfskinitemdbDefaultDNA
b1de3c7c	curveSteerTimeVsSwitchNbr
b1dfe987	bShouldSucceedObjectiveOnCompletion
b1e3df5b	fRainTimeScalePower
b1e3fa3b	locstridSkipOverviewLocId
b1e9c740	matScreenAiIdleMaterial
b1f352bc	Gadget
b1f59781	phonecommunicationsettingsOpIntroBriefing
b1fa901c	fileFlowTexture
b1fe8cff	selActivity
b206bb39	censusmetaintrigueresolutionbucketUpreWithFelonyBucket
b208c200	sndOverHeatSoundStop
b2194db4	texturedbobjectReward
b219a218	GroupName
b21d14c2	uisoundChangeFabricColorSound
b2216602	phonecommunicationsettingsChapterEndBriefing
b227f07e	drvstylecfgSearch
b22c3f60	sndProfileGrantedSound
b22e19a1	Playing_Erhu
b22e6e8c	CriminalRecordGenerator
b231e372	animalfleeparametersFleeParameters
b23932de	fIntensity
b23e4374	RollMaterialsRange
b244e619	GameplayCategoryRepetitionSettings
b245573e	ShopParamsBag
b24b2ad7	Riot
b250a160	ChoreographyShootingPatterns
b2612e9f	fSearchPhaseDuration_4Players_2vs2
b261cd44	selAudioSystem
b262c76b	LeagueElementsVector
b262ecdd	fWindGlobalNoiseTextureRange
b264ce5e	LightsOffParams
b26874dc	uimenupageSaveNotificationPage
b26d31b9	archMeetingAttendeeItemArchetype
b26edceb	locstridRetrievePackageObjectiveLocID
b26f6edf	vec2CoverChangeTestTimeout
b2703b75	VehicleSpawnInfo
b27261f3	fWitdh
b278dfac	FullScreenTitle
b27fda35	OverlayIcon
b2803dbc	ScreenAiCargoDeliveredScreenGlowParams
b282ce6b	selTalkerDialogType
b2865ec8	sFireRumbleId
b28b422d	bPlayOnAnnouncer
b28e0c5a	Resolution
b28ee04a	iGoodReputationThreshold
b292fd7a	fMaxTime
b298673c	BarkAllyAcceptedGotoCover
b2987357	bEnableSaveGame
b29a3418	selSizeType
b29c6bb8	iAutoHeatAddAmount
b2a239f6	fIconSwapDelay
b2a3e769	sndvarDenunciatorInstiguatorRTPC
b2a47238	selCharacterArchetype
b2a715e2	nDebugMalwareVirulence
b2a78cb9	locsectionidNoveltyFact
b2ae621d	hidEventType
b2b79d21	bOppressedRandomizeSequence
b2b87cb9	selDebugMalwareEffect
b2bfddb2	curveAmbientSunFrontIntensity
b2c1f797	GameFramingElement
b2c38861	locsectionidOccupation
b2c591bc	curveAnimationSpeedInitial
b2c5a718	OneEighty
b2c620bd	OpponentBikeClo
b2d1b45f	DominoDefault
b2d51e9e	fileDynamicContentThumbnail
b2d96e35	fKillWithVehicleTime
b2dfe64c	FOVMaxDepthModifier
b2e4e33e	tagcategoryselectionblackboardLocationDisallowedTags
b2e6e559	iLightSlot
b2e85da8	tagcategoryselectionCivilianTag
b2ea68dc	cameraframingdatabaseOnFootFramingElement
b2eb0735	PlayerAccuracy
b2ee256b	sndtpReloadSoundType
b2ee83a6	fSunLensFlareVisibility
b2f0ed2c	bSendAlertStim
b2f0f225	vector2LockCurve
b2f2f298	sStunGroupBhvTriggerName
b2f66829	fHorizontalHiddenAngle
b2f92918	texturedbobjectStateStunned_MediumDuration
b2f95825	fBarkSeekingCoverTimeToStart
b30d95fe	FAAOps
b30f328c	Quality
b30f3d68	AiEntityGroupConfigs
b3155cb4	fMediaRange
b3166c1b	fPatrolSpeed
b3169d5f	bManualEnableAutomatic
b31df103	fRaycastHitMaxDist
b327d91b	censusattendancedefinitionAttendanceToReveal
b32fbc42	fileReticleSingleShotNormalAR
b330f2d7	fBloomIntensity
b33208f8	crimesettingsDefault
b332bc27	AvatarAimingLeftTrainedMale
b3343bed	BlindingFlash
b335e9d5	CopNonLethalTakedown
b3366bf1	fShieldMedium
b33ac6f4	selEGpsClamp
b33f84e0	sndPlayerGotInCar
b33f98ec	bUniformSize
b340f3eb	sPoppedParticleBoneName
b34379e0	uimenupageOperativeContactListPage
b346761a	InCombat
b3482d30	bUseRefRelativeInput
b34bc2b8	sndTypingTextSoundStop
b34ecf16	lobbyoutroparamspresetLobbyOutroParamsPresetOverride
b34f1e45	CameraOffset
b35013d6	curveKmhPenaltyOverTimeCurve
b35a5b4c	Maneuvers
b35cde91	Search
b35d726c	sndPreSelfDestructSound
b3643bf0	fPlatinumCoinPickupDistanceVehicle
b36bfbae	bDisplayInMiniMap
b36c80d9	ShootMovement
b36e5993	bTakeMultiplePhotos
b3769c09	sProjectileBoneToBind
b37b1037	uizonesettingsScoutXTargetZoneSettings
b3812ccf	Rtpcs
b3864c0f	MaterialSlots
b38bd050	vectorCenterOffset
b38f249d	bIsSurvival
b3938d11	curveMoonLightIntensity
b394f24c	CannonRoll
b39b1101	CollisionStumble
b39d5ddf	uizonesettingsWorldMapRedZoneSetting
b3a073d2	selNPCState
b3ae8b39	bAmbientSunFrontColorOverride
b3b8dfdd	fWakeUpLookNearPlayerTimeMin
b3b94376	drvstylecfgChaseNoFelonyDefault
b3bbb655	vehiclesbankVehiclesBank
b3c4531c	bIsInnerColorSerialized
b3c967ef	locstridHackObjectiveLocId
b3cda315	fEmotionFallbackCostFactor
b3ce0024	nLocationCount
b3d323aa	Emitters
b3eee852	mapicondescMainSwitchIntrigue
b3f16520	RuleSmith
b3fc45d1	sndvarGamePhaseSoundRTPC
b3fc54a2	SlideOver_To_ClimbDown
b3ff12c1	ProgressionDefaultRank
b4062c52	bForceSyncPosOnRaidLeader
b40655e9	fWeightsAdd
b408dce8	sFree
b40daa98	vec2Cover2DefendPointDist
b40ed25f	fRandomEntitiesHeight
b415b001	CustomActions
b41ab2a0	IconRevealAnim
b41c65dd	bShowClampedWarnBadge
b41dfebb	uiDifficultyValue
b4212ebd	fTimeToWin
b4236661	curveIdealPositionXCurveLag
b4248163	fDistMaxFromRoad
b4292155	sndStandbyStopSound
b438e2fd	Speaker
b43a9c23	Playing_Flute
b4414916	fCffPow
b4423a0b	fWaitAfterAttachDetachDuration
b445e851	uimenupageARMenuTabPage
b448eb5f	fTagRange
b455459f	Hitman
b45948d3	vectorDrunkEffectsTintOuterMin
b45ad09b	HeatIncidents
b45c3b2c	ObjOutcomeForRecruitedActor
b45e9b30	VehicleHollywood
b462291f	fRandomParkingOffsetHigh
b4671278	ChooseTargetStrategyParams
b46e3567	tagcategoryTraitGroupTagCategory
b4715559	bIsRequired
b475fa6e	locstridDownloadBlockedString
b47f11b9	locstridResetCameraLocId
b484c517	Small
b48885f1	fPackageDamagedBarkCooldown
b48a7591	ClimbOver_To_SlideOver
b48a7c54	fHackLockLineJoltVerticalIntensityRatioOnHack
b48a9f04	texturedbobjectImage
b48ae4a8	fDistanceModulationFactor
b48df37b	fWipeNoRoomsWipeChargeDuration
b48f73d9	sndtpFireBeamStartSoundType
b491aa7a	vec2HighDistanceRange
b4945dfb	locategameplaydescriptorTargetsLocateDescriptor
b499b123	tagcategoryselectionUncommonTag
b49a2d0e	bDriving
b49ba169	laserwallgameplaydescriptorDescriptor
b49bded2	locstridContactAdded
b4a6752d	fDawnSyncSecToGameSecRatio
b4a6a16d	fPickupCylinderHeight
b4aa061a	ObjectiveTextsSettings
b4ab0b2b	fHackLockLineEndAlpha
b4ae6983	sndswvlSoundSwitchWaterDeep
b4afd058	fRainSpecularLevel
b4b5b922	texturedbobjectDataDriveImageTexture
b4bc3c3a	NegativeInitialMemories
b4bedd4e	iBurstAmountMin
b4bef5bf	locstridTeamateIsOutWarningLocId
b4bf908f	curveOutOfRangeFogHeightDensity
b4c0b87a	fCloseLightHour
b4c12372	nethackingconfigPlayer
b4c5ab83	PlasmaBlendSettings
b4c85619	fCollisionMinDeltaVelocity
b4cf2d34	fCheckDelay
b4cf526d	MediumIntensity
b4cfae97	phonecommunicationsettingsContactRecruitableWithoutLeverageTS
b4ec5d0e	fROSDisableMinDistance
b4f33bc4	curveWindBankingForce
b4fa725a	BlendOnTime
b5131ef3	fAirNearSafeDistance
b51458f6	BarksSeekingCover
b5223002	uiNumberOfParticlesInTheAir
b522d37d	MinRaycastDepth
b524b908	BarkDescriptorsConvoyInterrupted
b525662b	fInitialObjectiveDelay
b525c83c	curveBottomHeightBase
b525fbe5	bIsInsideMode
b52c050d	FallDisplacements
b52d8bf7	psRiftClosingParticles
b52e909b	selCollectiblesFilter
b534307b	bUseTriangleBodySimulation
b5345964	bInWaterRequired
b53a639c	fFastMovementTime
b544080f	bDestroyWipeDronesWhenWeak
b54b241c	uimenupageTeamAppMainPage
b54da01d	censusactormemorydefinitionMemoryToApplyOnWin
b54f9580	fConvoySpawningMinDistOnRoad
b552c8da	fArrowWidthInMinimap
b55325e5	MaxFacingAngle
b55326ce	checkleavetheareabrickCheckLeaveAreaBrickDescriptor
b555169d	ColorIntensityPoints
b557baa3	WindSounds
b557caa3	MinDistForSpeedAdjustment
b55918cd	VehicleList
b55c289c	OcclusionLimiter
b55fbb17	bSkipCollisionsWithCivilians
b56166b5	locstridRewardDataDriveAudioAcquiredTitle
b5619389	Volumes
b5707fb2	bContrastOverride
b5717178	bCheckCoolDown
b57a0c49	fHideDistanceFactor
b57b1622	bProbeSunBounceMultiplierOverride
b57e125b	MixingState
b5805f01	SocketUnlockVelVertical
b5829716	fDetectionRadiusRatioOnBlackout
b587fe91	ParticleEffect
b5899680	bMoonLightIntensityOverride
b58c6d31	sndAimingBeamStartSound
b58e92dc	archRobotGreeterArchetype
b591e6d8	fGameStartCooldownMin
b59e2f2c	fBlendInTime
b59ec272	uiLightSlot
b5a06eb1	MusicMetadata
b5a5be22	fStopSpeedSquared
b5abce69	bAllowReactionToHackedEntityMalFunction
b5ad6fa0	fStaticMinSpeed
b5b12f3d	curveBollardAmplifiedDamageVSWeight
b5b2238a	locstridEventNeutralizeHackerMarkerLocId
b5b440b1	ActivityCardVoice
b5b95ba7	HumanConfigPool
b5ba2e32	BlackoutStop_Day
b5beb19a	fDownloadBlockedStartRatio
b5bf5abd	bOnlyLastDownloadStartTriggersVehicleTargetFlee
b5c82c7b	AutoCompleteOpNames
b5c85d1a	ProximityTriggerBallDisplaySettings
b5c865d0	LocationMultiplier
b5c9d522	psRiftClosedParticles
b5cace12	singleclocreationsettingsApproachCLO
b5d56aff	TagsAND
b5d67924	locsectionidSpecificBlackoutProfilerInfoId
b5d6b631	fCounterSteerMinSpeedForSlipAngleLimit
b5d6e623	OpContracts
b5d8b100	uiFogForecastHours
b5d93b2d	curveScaleCurve
b5da9222	fOrbitLeftAngle
b5dd64fe	ActivityCardEmail
b5dea0f4	AutoTagCaptainsDelay
b5e0f2a6	fMaxAngleSide
b5eee65a	ImpactMaterial
b5f3663e	fVehicleHandbrakeEffectTimer
b5f583e9	fAlertSoftBarkSurprisedStartDelay
b5f609df	BreakStage
b5fc6270	bDisplayAtInit
b5fe115f	bAvailableInMP
b5ffd1fa	mapicondescObjectiveType_K
b6018ec1	bDisconnectRCOnStart
b604ecbe	fSkipButtonDuration
b606a7fa	sndMisssionCompleted
b60b6e1c	uimenupagePremiumShopCategoriesMenuPage
b615382a	vehiclelamppresetLampPreset
b6160a48	AvatarTakingPhoto
b61e5d10	UIDisplay
b61f0be3	LightEffectList
b621c2b3	EntityOverrideBehavior
b621cdb2	fSpeedNoiseDuration
b62637ed	Card
b62849f4	npcscenebrickdescriptorDbSettings
b62cf832	ObjectiveReachOverrideSettings
b630e028	fGatherMinDistanceFromVehicle
b6355c58	selModifier
b636bc6b	HitsUntilStanceChange
b63a16b2	sndAlarmCallStartSound
b63a6e51	fMaxAngle
b64051d3	locstridItemCategoryNameId
b640be16	EmitRateScaling
b64e5031	sndOutroSoundTrack
b6506541	bCanDestroy
b650cb96	charactercardCard
b654fd6a	fRainIntensityForSplashesMaxIntensity
b6558509	fPingOpacity
b6582a20	locstridSequenceSuccessLogTitleLocId
b659d7ef	mapicondescObjectiveDriving
b659f79a	sFlashRumbleId
b65c926f	itemsRace
b65ec95d	RCDroneChase
b66013ba	CanFastTravelRule
b6601af3	TextureStateChanges
b6620e79	TriggerEventsOnFollowingRatiosReached
b6625642	Metadata
b665cab6	texturedbobjectDecreaseCrimeDebt
b66a596e	sndStartBuzzIntersection
b66cecbe	progressiontagInvasionPlayedOnceProgressionTag
b66e4671	fFarHeight
b672a309	bIsFragile
b6746eea	PlaybackMode
b675f36c	LeftHand
b67d12a5	fDefaultStartHeight
b68bcdd6	detainedgameplaydescriptorNewDetainedSettings
b68f000e	sndHackingDroneScanSoundId
b6941d3f	fSmellIntruderRadius
b69d2dfa	fVerticalBallVelocityThreshold
b69e8a56	shopcomponentsettingsRCCustomizationLoadoutSettings
b69f8010	sCover
b6aa933f	HitByRCCrane
b6ab4589	uiNumberOfChecker
b6b0476c	colorGreenChannelPostFxMaskHaloColor
b6b162cc	fShootTimeBeforeFiring
b6b96c82	FirstArrestYell
b6b9a03b	kamikazedronesettingsKamikazeDroneSettings
b6c440f4	fWeakStateAngleMaxDiff
b6c65665	Root
b6c85af3	BarkDescriptor
b6ce830a	fleebehaviordescriptorFleeDescriptor
b6d8ed35	texturedbobjectRcOvercharge
b6dc24c2	fRespawnFarMinDistanceFromTarget
b6dd1bcb	fHonkReactionAngle
b6e3a1d4	fMudBurnoutFactor
b6e482d5	entDeliveringAiEntityId
b6ec0ce9	CanSpawnWhenTargetIs
b6ef94e2	CalculateLTLDamageRule
b6f24ed1	selAffiliatedCivilian
b6f55459	fPlayerImmobileTime
b6fb4a4b	fDefaultFadeSpeed
b6fc4337	bPauseOncallForReinforcements
b6fefb1d	UnholsteredGun
b6ff1800	uimenupageTeamAppOperativeLoadoutPage
b7009cf1	sndStopSoundID
b7023da1	bEnableLocalExposure
b702ca54	sHitAnimationName
b70738ee	fIdleBreakerCoverInterruptDelay
b70fe401	ViolenceFear
b7119fa5	bUseLightColour
b711fde9	fAutoDropDistance
b71243fa	itemlistsRewardList
b716feb0	fSoftShadowLightSizeForSun
b717a5ba	bShouldEnterCarAfterAnim
b717de62	fWipeDroneStartDelay
b71bd144	ObjectiveDeliveryAnyVehicleDescriptions
b726365b	bComputeAllObstaclePOIs
b72acc52	fFarScaleDistance
b72d5f4a	BarksBlackout
b7377136	fZoneLimitOut
b7498605	fPosAnimationTime
b74bc302	fVehicleDistanceFromPickPointTriggerDistance
b75413b0	fWaitForCombatWarningNoAlertTimeMax
b75534e1	locstridNotEnoughSpaceLocId
b757c006	selLockedObject
b75a7612	fMaxTimeMultiplier
b75b032a	OperativeRetireEnabled
b75faf35	ScanIDComplete
b764681d	psFlashParticles
b7692360	fHackLineHackFillSpeed
b76b2264	mapicondescHumanContactMapIconDescription
b770082b	fileColorRemapTexturePath
b772125a	PMSList
b7724799	bDepthPass
b774740c	fSkippableMinSkipTime
b7769623	ValidBehaviors
b77857f0	iMinCivilInRailVehicle
b778bf32	sBtn5
b77b4c42	fAggroGainOnNPCDamage
b77fe212	texturedbobjectHitThePlayerHack
b78229dc	bShowNameOnWorldMarker
b7871bdf	vehicleliftLift
b788eeab	tagcategoryselectionIsClanKellyTag
b7895809	fLongitudinalStiffness
b789abb3	opslistOpConfigDbObject
b78b49b4	fWaterLiftCoefficient
b78ec99a	PressurePlatePuzzle
b78f1c21	vectorFlowDirection
b78f309c	TimeOfDayFilteringEnabled
b790c30f	fReachOrbitLookAtIntervalMin
b79435a3	bIsMonitored
b79547b3	fFollowRRefOffset
b7a16991	boatreinforcementconfigBoatConfig
b7a49fd0	iProxyHackMaxProxies
b7a8ed29	bEnableShadows
b7ad94e4	TargetInCover
b7b1e849	CompletingPart
b7b5d04c	CantEnterVehicleBark
b7b7d342	angDiskMaxTheta
b7b8791f	uPresetIndex
b7bd13c0	bRandomStartTime
b7bfc52d	curveAlphaOverTimeOfDay
b7c7dfba	fSourceAreaRadius
b7ca5e11	Filters
b7ccb4c5	sParticleBoneName
b7d95d5f	fileReticleHitFeedback
b7dc76ba	selEngagementState
b7e01e3f	bUseFakeGearShiftingCam
b7e44a80	fBleedingOutTimeOverride
b7e466e0	bUseDefaultRevealAnimation
b7e5731a	fShowOutSightDistanceFactor
b7f29612	AvatarAimingRefinedFemale
b7f8916e	bRestrictToPlayers
b7f8e4dc	LeverageComplete
b7fa8249	LookAtParams
b7fb01c8	fOverlayHighlightStartDelay
b7fdef17	ZoomPreset
b800866f	MeleeShockwaveAvailable
b8055f05	RegionHidingDescriptorArray
b80683f4	fMaximumRollAcceleration
b8076483	fFireRateMultiplier
b808e431	curveFollowSpeedBonusCurve
b8127d66	locstridWaitForEveryoneSafeFaaMpObjectiveLocId
b8143bc2	Cost
b8157c51	bRestrictToAnimal
b817c27b	vec2LightDistanceRange
b819c207	vehicleinfoAfterEventTruckSpawnInfo
b825e6f2	RCFlyingDronePhotoCamera
b826a3cb	Stool
b82ac539	bUseFormerCameraCollision
b82af04a	archRoadBlockZone
b82f90f4	bInverseIdealPositionX
b83366e4	iPerfectCompletedRaces
b8364818	CloseRangeThreatSniperModifier
b83799bd	PMSValues
b83b66a0	fSeeRadius
b844d36c	bHasTeam
b848a48a	Transition
b8499d78	fLagRPMincreasing
b84a513c	bUseOncomingOnShortcuts
b857bb6d	BulletDamageCurveMultiplier
b8582a8a	locstridStealLocId
b859b3d4	uiBehaviourWindowSizeX
b85a84f5	TagCategoryFilter
b85ab17d	Destination
b86227a9	DroneCombatEscalation
b8640f52	fIntroCinematicTimeUITriggerExit
b8663ec6	Medical
b866482e	fVisionLossCriticalratio
b86cac97	fAlpha
b86fe494	bBreakAssociatedLight
b874ec4e	Vehicle_BackRight
b8780894	fLightSpacing
b8799ca0	fExtinctionExp
b87a2475	fPickX
b8803dfc	fValidCheckRadius
b8824ca5	SoundId
b88d77f8	fSpeedForMaxHeadingScore
b88dc72a	fSpeedMultiplier
b88de030	vectorShopkeeperSpawnOffset
b8903ded	sndPressTriggerSound
b8921087	bOpSwapPermittedInForbiddenZone
b8938351	gradPaintedGIColor
b89aebe7	fDropHealthRatioThreshold
b8a36323	uisoundOnEnterHackEscalationBadge
b8aa0b2b	fTrafficDensity
b8aaf020	fResetSettingsDelay
b8b16f3d	curveWheelLockHandBrake
b8b885ae	MoonSetTime
b8c156ca	bIsAddedByDefault
b8c16d95	vectorShakeRotationSpeed
b8c690a3	SlopeAngleHysteresisForCoverInDegrees
b8c79329	bOnlyUnspawnIfNotInFOV
b8cb1300	fThumbnailDelayTimer
b8cb6171	opgenprofilesdefinitionsProfilesDefinitions
b8cb7453	bFAAShouldMonitorPlayerIsInChased
b8cf6f5b	fStaticSpeedForMaxEffect
b8d90574	angRotation
b8d90f83	uimenutilePageIndexTile
b8da2b01	PlayerInVehicle
b8e04a6a	fileMainSequencePath
b8e2b0c6	fSteerPidP
b8e821f1	SocketLockMinVel2D
b8e8d28c	selEscalationSeverity
b8ebb8e3	ShootFromCover
b8ee7e37	TargetsRole
b8f09bf2	NPCWeaponCategories
b8f0ebed	fAcceleration
b8f14c6d	AltitudeRestrictions
b8f64bf2	graphickitmodelModel
b8f7ec42	fSizeOfTargetingQuadOnScreenWeight
b8f8832a	bIsOccludable
b8f9e515	bIsAffectedByFocus
b8fa91db	TextureAnim
b8fb6c11	fAscendHeight
b8fd7b6f	fMotorForce
b90009c0	fIntelObject
b900f6f6	StateSearchEnforcer
b9015cc9	sRevealAttendanceDescriptionHiddenString
b9028342	LightEffect
b912189e	fRepulsorThreatenRadius
b9121bb0	fSpeedRatioSpeedMinValue
b91b9ad2	csKeyId
b91e6a7e	Passenger
b9264db8	colorFxBorderColor
b92725c2	CommonNPC
b9295cc7	hidName
b92d5b29	bPlayRevealOnlyOnce
b9334256	CanBeDetectedBySecurityAlarms
b9388405	selPlayMode
b9418073	fRemoteControlOwnerLinkDuration
b9456fe6	fApproachMaxDistance
b948610d	NPCDialogActor
b94a15e8	fFasterSwitchTime
b94a4cd2	AliveBehaviors
b94ae5ca	locsectionidFemaleFirstNameOasisSection
b94f4464	bStaticReflectionIntensityNightOverride
b953b125	BoneIntensityInputs
b956089f	RCTakedownCooldownTime
b95a16e7	itemsRCObjectItemSchematics
b95d8252	selReaction
b95e138e	WheelParticlesFxParams
b960041c	sndHackingContextualCallEnemyFactionSoundId
b9617f9d	Dog
b961e34f	archViscousDiffCurve
b9674620	fClearanceDistance
b9695230	bIsPreventingDeadlyDrops
b9753a42	bNews
b97d31d7	sndPlayerScannedSound
b97e9a6e	disMatId
b97ec325	uimenupageSettingsHUDMenuPage
b97fe1ad	texturedbobjectLockLeftWheel
b9836aed	tagcategoryselectionVanessaNameOverrideTag
b984782d	fPickupToDropoffMinDistance
b9859913	fSearchMinimumThreathDistance
b9860aec	profilingpathpresetCustomPreset
b9876aa6	fGameplayReadyStartDelay
b9912fce	fActivationThreshold
b993bcf6	ShockwaveDamage
b9963a15	tagcategoryTagCategoryThird
b9981787	bAmbientSkyColorOverride
b998e82f	HeadAndSpineLookAtSettings
b99dd5ae	fMaxSpeed
b9a218c1	RarityInfos
b9a5c265	bImmuneToDartDamageFromShield
b9a77f73	fDisableAttractorOnEntityDuration
b9ac642a	strCategoryIconMovieClipName
b9acfe3c	fEntityGridSearchDuration
b9b12000	ChildSettings
b9b192e2	bIsManuallyActivated
b9b77c1f	fPointTangent
b9ba25e4	bShouldFleeAfterAnim
b9bb5203	sndSongSneakSuccess
b9bd38a3	texturedbobjectDownloadAccessIdKey
b9c30d93	lighteffectprefabTaillight
b9c62e38	curveAvailableBodyPartsInitial
b9cdf0b3	fDirtIntensity
b9d049e2	BarkId
b9d0c76e	locstridObjectiveMarkerLocId
b9d621d6	bEnableAvoidance
b9d7e01d	locstridDamageWarningLocId
b9dbfe8e	vehicleentityconfigVehicleEntityConfig
b9dcec75	RewardsForCaracas
b9de32b4	vec2LockCurve
b9dfb8e6	fStopWaitingTime
b9e04526	fHidingSpotDefaultSpeed
b9e2f3ab	uimenupageSettingsGameplayMenuPage
b9e42b13	SpawningSettings
b9e451ce	sndpairSound
b9e46ef5	fMinDeformSpeed
b9e597b8	IsAvailableRule
b9ef03ac	bSmoothTimeOfDayFade
b9f06fc5	possyselementIconAcquired
b9f1b6de	CommercialModule
b9f1e0a8	fMinGILevel
b9f4c29c	EmotesCountByArchetype
b9f854cf	WorldFlavourModules
b9fac013	censusprofilemodificationtemplateRecruitable
b9fbff4f	Epic
ba06be2f	archVehicleArchetype
ba08eed2	uicolorpalettesettingsAvailableColor
ba0ac8c5	GunBoneName
ba195598	bShakeEnabled
ba267a36	locstridPuppet
ba2e745c	sndtpSFXMachineGunChargeType
ba33f4ad	Emitter
ba37e81d	fSpeedLookAheadDist
ba393937	fGetUpThresholdHeight
ba3bac5f	fStimsTimerLengthMax
ba3f43f4	tickertapecurveColorR
ba42a28f	fIntuitionOnFootThreatInWarningZone
ba42cb28	FemaleToeBoneToTip
ba43b496	PortraitSaveSizeWidth
ba444b1f	fProfilerRewardTimer
ba46d6af	bUseParentSettings
ba5125a2	mapicondescNorthSymbolMinimapDutch
ba598c66	sndtpOverHeatSoundPlayType
ba5dc3a5	iMinBaseDevicePower
ba5f47a7	curveFVSunExtinction
ba610812	sndSearchStartedSound
ba67fabd	fOrbitDistanceModifier
ba69a1fe	vec2ShakeVertStrength
ba6c64a0	bDisplayDestinationArea
ba7692ad	fDelayFailOnPlayerDie
ba77cd42	fDelayIfHijackedTargetMin
ba79d3db	fReactionProbaToHiJack
ba7b8fc9	RCExplosiveSpiderDestroyTransition
ba806f4d	iFemaleTrained
ba82fd10	Reactions
ba8473fd	selCameraMode
ba84a6a0	fMaxFireAngleInRad
ba8641ba	fHealthRegenerationSpeedEasy
ba90809e	LightDeactivationTakedownParams
ba90e4d1	progressionmodmodifiersModifier
ba91436e	texturedbobjectStateSmellTracking
ba97cabb	BurstAmountMax
ba9d3e9a	StateLightPlayerLocalParams
baa47111	bSpawnBuddyDeconnected
baa4d7ec	sndWobbleVelocitySound
baa6634e	fVerticalSearchOffset
baa6f81d	fGrunt
baa7d90f	uiLightIntensityCurveIndex
baab7119	curveLandingShakeIntensity
bab19ea2	sndHangSound
bab62e98	PickUpAndDropState
bab73441	mapicondescAmmo
babb8389	DataCardPanelGenerator
bac1c169	fCameraMaxDuration
bac2658f	fHeightAboveBossAverage
bac8390a	fFloatingScaleSink
bacfc8d6	tagcategoryPersonalityTagCategory
bad7e005	CoolDownSettings
bad82400	locstridRelicName
bada5fb7	fileTexture3D
bada9957	chaseboatparamsBoats
badac5f7	uisoundHoldFinished
badc81a4	fAllRolesSelectedDisplayDuration
baddb8c1	fRelativeSpeedDamageReduction
bade62e5	bNoSignalBlockedDuringBroadcast
bae2d5fa	uicontexttypeUIContextType
bae46f72	HeatLevel0
baee6a15	StatsAndPerks
baf91521	uiMinAllowableHeat
baf9a998	fStartCountdownSoundTime
bafaa95e	fGateSubsequentUnblockingDelay
bb04da28	bVulnerableWhenDroneDisabled
bb05f6a2	rewarditemlistsCarOnDemandDebugRewardList
bb06e8c6	HumanNoiseLoud
bb0eab45	fConfettiKillVolumeMaxDistance
bb0ed401	uisoundCinematicPauseSound
bb0f5f26	fLoveBullDuration
bb1721d1	fMaxDurationUpperLimit
bb17a6ea	SpecificStatePriority
bb1804ab	fMotorStrengthAtMaxSpeed
bb1927b8	ResetWarning
bb1d7fee	curveRecoilRotationX
bb1dc722	Robots
bb2459c8	mapicondescObjectiveType_C
bb2a1286	Sensor
bb2ea872	vec2Delay
bb2ef948	selCivilianVehicle
bb33aae9	sndswvlCellMoodHappy
bb37ced0	musiceventsLoadingMusicStop
bb3ad5b2	VisualSteering
bb3b0a79	Conditions
bb3d64a5	fAvoidOtherPlayerDistance
bb3fcaba	uicolorpalettesettingsDisruptedProgressColor
bb422da0	HackingFeedback
bb461907	bUseRearLateralSlip
bb4b189a	sndAlertHardState
bb4c38ee	fSpikeHalvingPeriod
bb552fa7	selPuppetAIMindSet
bb55b1f4	iMaxNumberMissions
bb56d2f2	emotionProtestEmotion
bb5703e7	FilteredIconTexture
bb5a3cd5	fBlendDurationHighSpeedIn
bb5a6c36	bUseEnemyPriorityManagement
bb5a9aec	RoomData
bb5c4607	bCanSpawn
bb5da4e8	uimenupageLoadGameSaveMenuPage
bb5ebb77	locstridDisengagementWarningLocId
bb5f4bd6	matRingGlowSearchMaterial
bb69836e	EffectParamters
bb69bccb	fileDetectorLineTexture
bb6c0646	vectorRotAxis
bb74bda3	fMaxShotLength
bb7703f8	fileWaterDetailNormalMap
bb787590	bCableCar
bb7d84c9	fReviveTimeOverride
bb822aa9	fAlreadyAssigned
bb825600	sndtpWipeFiringType
bb82b979	StealthTakedownAvailable
bb85f596	fWeakPerkBonusPickupRadius
bb889310	bForceToOwnerLocationForNonNormalStatus
bb8903d6	FleeingFromTarget
bb893162	Flavor
bb8a727a	Dare1Threshold
bb8b2862	nethackingconfigEntrypointObject
bb9083bf	fCiviliansMaxDistFromClanKellyMember
bb91709f	fSkippableMinRemainTime
bb96d4a0	selAbilityType
bb96f929	fAutoTriggerCooldown
bb980dac	fCoverSideSneakAngle
bb9dc156	operativeclasswithemptyClass
bb9e41ea	fRainIntensityMultiplier
bb9e4582	GameStartIsComplete
bb9ebbe9	bDefaultToggleValue
bba9b42b	Yoga_Lunge
bbaed10e	Picnic_Table
bbb12891	fHandbrakeMinYawSpeed
bbb34c4f	OperatorArchetypes
bbb90e6c	sndtpEndSoundType
bbbbd35a	uiNumberOfEmittedParticles
bbc10bb3	fDefendSecondCoverPreShootingTime
bbc5f952	sndDrivingStopAimingSound
bbc715ec	fCylindricSkewYAxis
bbca4285	fSlipMax
bbcbaaa4	vehiclepartDefaultDatabase
bbd397a4	AccumulationSettings
bbd5ae0b	selMotionDetectorCone
bbe161f7	AvatarCoverLeftTopOut
bbe199c2	fBindedFrictionScale
bbe25ea9	fVehicleVsVehicleCenterOfMassDisplacement
bbe94e71	fWaitForAlertGuardsTimeMin
bbeb54e4	bIsNotable
bbedee58	sndPingBackWaveStopSound
bbf0555b	Heavy
bbf1e043	bNoneType
bbf540db	digitalsearchsettingsDigitalSearchLevel3
bbfb59ec	uisoundSelectUnavailableSound
bc004b77	fTurretTargetUpdatePeriodMin
bc018cf4	fCoverFrontSneakAngleCornerOppositeSide
bc105311	vecPlaneLocalOffsetMax
bc1388f9	bAutoPingOnThrow
bc16b5c5	fClimbDownSprintStartDist3M
bc1940f1	SpiderTankAim
bc1a9774	sndtpHackingLockRightWheelSoundType
bc25f6b3	fSkydomeDuskHour
bc280219	selDroneType
bc2a1e29	Branch
bc2c956e	DroneCommandFollow
bc2de119	nMaxRaidOpLocationHistorySize
bc2fb866	operativeskillList
bc339c62	iEffectRange
bc354a61	fApproachBehaviorProbability
bc35d67a	vectorBBoxMin
bc3a2ca1	AccessCodeRewardEntity
bc3b63c8	CounterCalculationRules
bc3f2a35	bDisplayArea
bc43b3d5	bIncludeInstigator
bc453240	navigationconfigUpRezzedCivilianNavigationConfig
bc499dd1	mapicondescObjectiveType_G
bc4c347d	fTakedownMaxDistanceFleeingTarget
bc50d778	fHandBrakeChance
bc54e787	bMeleePushBackEnabled
bc576d08	curveBallStartAnimationRoll
bc594489	locstridGameScoreLocID
bc5cbcf6	fIndoorOutdoorTransitionTime
bc6104c3	fStallTime
bc687fce	numberOfLocations
bc6bfd8e	fFakeReflectionScalingEndDistance
bc6e0211	spotlightAngleInRad
bc774260	fHackableObject_Large
bc79f996	selAffinityChange
bc891b4f	locstridTargetKilledWarning
bc9230e3	fFog3DNoiseVScrolling
bc97d5b6	fTimeUntilNextWave
bc99507e	profilingpathpresetPathOnPreset
bca055a2	iCryptoMin
bca233be	sndvarEngineThrottleLoopRPMVar
bca34bf1	fMovingInWaterDirtFactor
bca4582d	curveSecondCoverShootingAgentsCondition
bca5a0a2	bShowClampedCombatBadge
bca8563e	RainIntensity
bcad1302	degangMaxRollAngle
bcb10abb	sInterrogatedInitialTalkTriggerBhv
bcba84a9	missionlistStoryBStartMission
bcbc5ea5	fEfficiencyPenaltyPerToken
bcc41e67	fMapFieldOfView_LowerValue
bcc6ccb6	vectorOffsetMinRight
bcccf960	bInteractionTriggerTransfer
bcd2cbce	locstridWeaponLockerTitle
bcdaf6c7	CanSyncOnlineData
bcdc2057	fRangeMax
bcdea3b2	nethackingconfigPlayerCoop
bce0762b	fRaindropRippleSize
bce7ecd5	fTimeMax
bce817a5	mapicondescFriendlyPlayerMapIconDescription
bce9da07	BossCarcassArchetypesToSpawn
bced7d95	ObjOutcomesForCensusStates
bcf4b296	texturedbobjectTexture
bcf6263d	GlobalLineSettings
bcf6724e	TileConfigs
bcf6f04b	fLineSize
bcf927bd	DronesHighwaySize
bcfc06a2	fMaxGameDuration
bd01f4b0	MaxLength
bd01f867	hidAllowedTypes
bd020c6a	bRestrictToStandbyDrone
bd06d86e	fMotorizedMassScaleMaxMass
bd0debbc	selInventoryRcEnemy
bd107c66	fNearbyOpSameObjectiveTimeoutDuration
bd19ee90	Gears
bd1b623e	archHoleShape
bd1ba269	iNbToDeliver
bd1e917d	iNbTicketDockSpawnOnStandBy
bd1f4a9c	colorReputationPositiveIncidentColor
bd25f7f7	texturedbobjectStateAlertEnforcer
bd266559	bUseReinforcementZone
bd290903	LTLChokeFireExtinguisherExplosion
bd300f04	fCharacterBoostDistanceEnd
bd303fcb	fRedZoneCheckingDistance
bd34e758	fBlackoutEffectTimeInterval
bd3c650b	Elements
bd3de19b	fileReticleLauncherNormal
bd3e8342	sndIntroSoundTrack
bd411a0d	alonespawnsettingOutOfChaseSpawn
bd413259	locstridArenaSubtitleFailedLocId
bd4499ab	fIdleBurstMultiplier
bd4ba7f0	DeactivationTakedownScreenGlowParams
bd4c17af	fOverheatPerShot
bd4c77c3	LeftCalf
bd4c91ab	sndPreBakedReverbStart
bd4d124f	itemlistAssault
bd506801	locstridRewardDataDriveVideoAcquiredTitle
bd51ea8e	fFireRumbleIntensity
bd5370aa	GroundMaterialNames
bd5a0c23	tickertapeemitterEmitter
bd63b45b	uiShopCashMax
bd6f5ce3	GrappleGuaranteesTakedownRule
bd70eeed	selPrevTagType
bd71dd67	fMaxAimRotationSpeed
bd72019d	locstridInAIgnoreScheduleZone
bd77c4f9	sndHackingIngredientAttractSoundId
bd78c7a3	FadeIn
bd79369e	fEventCompletedMessageDuration
bd7e29a9	fPropSpawnChance
bd823ba7	sPerkRewardIconName
bd89ab6b	HeatLevel4
bd8bb5e6	SpotlightDestroyedParams
bd91184b	fHackLineAvoidJoltIntensityMin
bd9411c6	Splash
bd945fce	bLargeDrone
bd99dcfe	fProfilerPanelTimeForFirstOpen
bd9db013	bUseBumpstop
bda36fb3	bGeneratesFireOnDestroy
bda3e208	fCanForceDelay
bdb01f25	fProximityBhvDistanceMax
bdbf3543	Bullet
bdbfb95a	colorAimingBeamColor
bdc51f36	fileReticleSingleShotRed
bdc92f1f	NameData
bdcb712f	colorDetectorLineColor
bdcf8bdf	fDistanceMin
bdd40bdb	vec2BlockedTimeTolerancePows
bdd75b53	dronewatchstatesettingsDroneWatchStateSettings
bdd8f371	WaitingForOtherUnitHackCriticalMessage
bddbae0c	fMoveDownSpeed
bddc5587	sndPDAMoveCursorSound
bde03363	fScaleFactorAtMaxDistance
bde1366e	News
bde244e0	fNoiseFadeoutBeginSpeed
bde453e8	pmsrestrictionsettingsPmsRestrictionDb
bdec3825	Parkour
bdefef3e	DriverSpawnInfo
bdf27a21	WorldMap
bdf51b99	bEnableOnFootAimingLags
bdf79746	fTargetAccelerationAtMinimum
bdf99f5d	bAlertSoftInspectionRequired
bdfa9ba8	sndvarBankingRatioRTPC
bdfd35ba	bCanDoCombatManeuver
be019e3e	fWetnessDryingDuration
be02a61f	bOnlyPlayImmediately
be047709	fTargetAccelerationAtMaximum
be08b9b3	fGoToPlayerDuration
be0a8961	fFollowMinSpeedAfterInput
be0bad4d	selFreeroamTargetState
be0eb54d	LocalPlayerParams
be1174aa	sndCrowdNegativeSoundEvent
be12ab2a	drunkeffectconfigDrunkEffect
be1342b0	digitaltripcustomizationitemSkin
be14b503	fileSunFlareTexture
be167a30	fKeyLocationIconRange
be1d5d20	sndstvlDRAMAConflictLevel1
be2a1002	fBokehContrast
be2a74c4	sndswtpMaterialSoundSwitchType
be2ac4df	PossibleHacks
be2b09de	itemsFirstWeapon
be2f6722	fChaseEfficiencyValueModifierMedium
be30a58f	OPPatternSetting
be36c8e8	Volume
be37d98d	ShareErrors
be3d223c	locstridInactiveTargetNearbyNotificationText
be440b00	fDoubleVisionRollTimeMax
be46f125	AvatarAimingRefinedMale
be4849e0	peopleinfoHighEnd
be48daf5	bSetHeight
be4a7a97	bLocationBased
be4aad39	bLimo
be4bb2aa	TraitVariables
be5233c0	uiMaxSimultaneousCallers
be5de9fb	curvePosCurve
be611bf0	bUseCandidateRewards
be627b14	fSpeedIncrease
be62bdb9	disInaudibleDistances
be71266d	curveAttenuationStartAngle
be750598	InitialMemories
be7b30e4	sndswvlCellMoodRelaxed
be817144	Pieces
be869eba	curveCaptain
be9114ac	bCanBeDeferred
be914a80	selFaction
be967632	bEnvironmentSpawningHalfVolume
be9a913e	fMouseInteractionAreaPositionX
be9c3f0c	HeatLevel2WaveSettings
be9cc6c5	selRoadNetworkRailVehicleType
be9de7cc	fDenunciatorDelay
be9ee404	Cornering
bea4e141	fTransferRadius
bea6c68b	fFramingAdjustmentSmoothingSpeed
beab8976	StatusLightAiDetectingParams
beabf784	HackChainList
beaebe62	CryptoNegative
beaee25a	DefaultEmotes
beb24dd1	sndtpBuildupSoundStopType
beb475bb	fOnProximityDistance
beb72602	archetypeconfiglistElite_Rusher
bebd7acb	bVehicle
bebf4830	sndLockBoxUnlockingSound
bec0760f	fRotationXAmount
bed02e6d	fAirDragFactorForBigParticles
bed145d8	fHangingVelocitySoundCooldown
bed5c757	fStrengthMin
bed812f1	bIsTeleportInSameLayer
bed852e5	archWeaponSupport
beda14a4	fMinDistanceBetweenSpawnPoint
bedc305c	CProgressionModuleResourcesSettings
bee50628	mapicondescLockedEntityUnlockIcon
bee696dd	uisoundChangeShoesSound
bee75111	MissionSoftQuit
beea9b63	fHitFadeTime
beecb9ab	archetypeconfiglistElite_Grunt
beefa779	bCylindricProjectionEnabled
beeffeb9	locstridEasy
bef41ec3	ndVec3
bef53821	fMotorizedMassScaleMinMass
bef721ba	fFOV
befa0e85	fCoverSnapInMaxCoverAngleDiff
beff346f	sndtpLockingOnBeginType
bf00c17e	Repulsion
bf0165e3	RecruitmentLoopFailureBucketName
bf01af08	VehicleStolenCriticalMessage
bf024af6	curveAerialPerscpectiveFogExtinction
bf08f34c	locstridSecurityCameraDistanceText
bf0ac104	uimenupageSettingsDisplayMenuPage
bf0f7c63	Legendary
bf0fef0e	uiTileCount
bf105517	Include
bf197d88	texturedbobjectIngredientTriggerHackable
bf1ca785	fGaugeTimeToReachTopPersonalRangeModifier
bf207b8f	selOperation
bf2628f7	sndWheelRoll_4
bf298a20	Item
bf3500a7	vec2FollowPYEnterTimeSpeedCoef
bf396e3a	PublicDisturbance
bf3b5d23	NarrativeManagerSettings
bf3daaf7	texturedbobjectFilterTexture
bf40acce	sndtpSwitchToFullCombatSoundTypeEndHostile
bf43b6cc	BossIntroBark
bf449f7d	fOversteerMinYawSpeed
bf4aef48	itemlistOneHanded
bf4b7805	sndCountdownSeconds
bf5a86a3	Position
bf5b930a	fIntuitionOnFootThreatSprinting
bf615d1e	uimenupageSettingsOnFootSchemeMenuPage
bf63c5a4	sndswvlMusic2D
bf641a65	bShowClampedArrestBadge
bf64c511	fSoftShadowLightSize
bf6a25ba	fSpeedAlongPath
bf73655f	StateArchetype
bf74d536	Sleep_Bench
bf785582	bShowMinimap
bf79368a	uimenupageSkillsTreePage
bf79ec42	sndRoomWipeAttackAborted
bf7b7fbd	bHiddenResolution
bf7cc8a2	ShopParamsMask
bf7dcbf7	fPitchMovementMin
bf7fa247	Dare3Threshold
bf86628b	fStartTimeout
bf8911df	vectorFovSpeedRange
bf89fce9	PreemptiveDodge
bf8e06a5	dronedisablestatesettingsDroneDisableStateSettings
bf90c14c	uicolorpalettesettingsBroadcastColor
bf93c8d3	fHealthEffectRecoveryTime
bf93e5e8	ExplosionArm
bfa1f9dc	bShouldAskSquad
bfae080e	BulletMiss
bfae3e2f	OverrideContainer
bfae79b2	UpperBoundFrequenceRule
bfafd460	Sliding
bfb0fb18	bOnFootHard
bfb41128	ShopParamsMisc
bfb90b19	Takeoff
bfb9badc	ForcedQuirks
bfbfe566	psDebugParticles
bfc32c72	fSearchZoneDistanceToDisplayPath
bfc449f2	sndWeaponStartSound
bfc515eb	texturedbobjectProfile
bfc536cb	SpotlightPlayerOwnedDisconnectedSpotlightParams
bfca7248	RatBank
bfcbb022	bCheckThreatProximity
bfcc5d52	fOscillationSpeed
bfccbb85	fBackward180FrictionScaleRear
bfd4f3b0	fNominalComToWaterZDistZeroSpeed
bfd821c1	Scattering
bfdd2ed6	fFakeEarthShadowHeightProjection
bfe2dc04	DetainedSettings
bfecfef4	opgenlocationdefinitionLocationDefinition
bff0a3a7	fDefaultPlayerCameraInputSpeedMultiplier
bff1ef3d	CopNonLethalShot
bff3d0a3	texturedbobjectBetray
bff45087	sndtpHackingRobotRebootSoundType
bff776ae	TargetNeutralizedOnlineNotification
bffa3b73	ReputationGainGetter
bffbb4f6	BaseTakedownDamage
bffd61f0	vehicleselectionconfigVehicleSelectionConfig
bffe6b4b	bMaximizeVehicleSpawning
c0023754	fEjectionProbability
c00625e2	FOVCombat
c007a489	itemsOnlineHackingAccessItem
c007ae6f	WorldActivityScaryHead
c0091c25	uimenupageIdleMenuPage
c00e589f	fHackLineAvoidBaseSegmentMaxLength
c01c86d8	mapicondescLockedEntityLockIcon
c0266433	fPhysImpulse
c028dc8a	sndvarASRLoopCountRtpc
c02da100	fProfilingPathDuration
c031db9a	Photobomb
c033c78f	fMinDistanceBetweenIcons
c03863a5	fLineWidth
c03aefe4	WeakspotDamagePostFX
c0419f76	HysteresisRaycastDistance
c0424c92	fOriginInspectionRotationTime
c0427e26	sndChangeCamera
c043da0a	sndvarPositioningRtpc
c046084d	vectorAutoNavPositionOffset
c047e42d	sndHackingIngredientArmSoundId
c04834d7	selCrossingLogic
c0490bf7	humanconfigHumanConfig
c04daca4	wfmWheelFxMaterial
c0529c52	locstridPhotoModeUnavailableLocId
c0535fa3	entDamageZoneCenterId
c054f696	GiftInfo
c056c68a	profilersettingsProfilerSettings
c066e43b	DRAMATransitions
c066e749	SpotlightAliveControlledSpotlightParams
c06b32b8	fRemainingRatioToForceNextWave
c073c27a	RiftOpenedPhases
c079c042	HackingExceptions
c07d74be	curveColorCurve
c07f8fa4	sBtn4
c084fd24	selCrusherCycleBreakerWhenPicked
c0850cd4	fHackLockLineFillSpeed
c08657be	KeyLocationCompletedMapIcons
c08739c0	MatchingAgentStates
c0892ba2	AvailabilityConfig
c08dfae7	ClothTextures
c09132e2	locstridShortDescription
c0915d8b	selFieldOfViewCheckType
c095b047	mapicondescObjectiveOpNodeEntry
c09ac4be	fHealthBarDeltaTweenTime
c09c014a	selLayerBlendSettingsID
c09e628a	bDebugMalwareIsTrigger
c0a21e8f	fBackAppraochCloseDistance
c0a6b688	fBeamLengthPlayer
c0a9948d	fMaximumSpiderTurretRange
c0aa540c	locstridWeakspotOpening
c0ac561a	sndOperator911StopSquelch
c0acd8c0	ProfilerTextOptions
c0ad24a7	uicolorpalettesettingsDangerousBackgroundColor
c0b4e961	vec2DelayToTrigger
c0b57e6c	uizonesettingsFelonySearchZoneSettings
c0ba7f45	selEntityTypeMode
c0c3607b	matSpeakingMaterial
c0c4c76e	tagcategoryselectionVehicleTag
c0c5be4d	musicdramamodulesModule
c0c8fc37	fMinTurnRateStopped
c0ca553c	selHeaderTileId
c0cd97c2	fReactionHandicapMaxTimeThroughCorners
c0ce2709	closedcaptionsubgroupSubGroup
c0ce8031	fActivationDelayMin
c0d1e253	locstridEscapePursuersWarningLocId
c0d82cf7	conversationsettingConversationSettings
c0d9d9d2	selDroneTypeFlag
c0db2fb7	TransitionTimer
c0dd143d	fBarkThrowGrenadeTimeToStart
c0e0e72c	fRepulsorDuration
c0e2a8d7	fClosedCircuitBoxInactive
c0e4fda5	sndKillStreakMessageSound
c0e7c267	libraryName
c0e8fc77	fTargetingPulseRotationFadeSpeedMultiplier
c0eb0f74	Gender
c0f0a43e	locstridTooFarFromTargetWarning
c0f12ad8	TransferSettings
c0f72f40	sndIntensifySound
c0fa982c	fChaseEfficiencyTimeModifierEasy
c0fb2c20	SpawnBudgetOverrideCategoryList
c0fbebb1	censuscontractdefinitionContractDefinitionForActorInjury
c0fcaf61	SoundTypes
c1033967	fProxyHackMaxRange
c1055f04	SocketUnlockDistanceSide
c1099f65	fCausticMapScale
c113446c	yinteractgameplaydescriptorInteractDescriptor
c117a92e	sndWardrobeOpen
c11f124c	bForceComfortZoneMaxRadius
c121db8f	nReachLocation
c125a336	fSpecularDetailMapScale
c13af0db	uWorldmapTextureSizeWidth
c1406a0d	Angle
c142a181	fMoveDistanceMin
c1435584	fRandomConnectionEntityFlowTimerMax
c14b5bd2	BuddyAISettings
c14ec16d	civdistCivilianDistribution
c1505739	bNeedClearPath
c1508354	fSpeedMultiplierSprint
c150b462	fFxNitroFadeOutTime
c1555ad1	PhoneCommEntries
c15c47bf	vectorColourControl
c15eb478	iMaxRequiredDedSecAffinity
c160f121	entTeleportEntity
c168056b	iNbTicketWithBoxLandOnDock
c1705934	filePoseDefinitionFileName
c17aa8f8	iNumberOfPlanes
c17ac8f9	PvpDamageScaleModifier
c17fc318	fTurnOffDistance
c1822963	SeeHitReact
c182e11e	CollectParticlesPlatinumCoin
c184b315	sndtpWipeDroneDisconnectedType
c1866347	IsUndetectableByCheckpoints
c187f89d	fTimeToMeetMax
c18bd13b	BlockingEvents
c18e2e4b	IsWeaponStrikeGrappleAvailable
c19bcbce	Directional
c19d58a3	psWeakpointParticles
c1a08aee	ProjectileRadius
c1a19914	sndWheelRimSlideStopSound_4
c1a1a979	SpintOut
c1a76601	curveFarRangeSpeedModifierCurve
c1a89c5a	sndAcceptPotentialTargetSound
c1abcdd5	psBodyBulletImpactParticleId
c1acf64b	BarkInfo
c1addcfe	fIconRevealedShowRange
c1aea40b	VehiculeTopView
c1b44fca	DroneAlertStateSettings
c1b5fbf1	fCoverCornerSnapInMaxCoverAngleDiff
c1bb0aaf	fFollowFrontAngle
c1c15c7e	fBulletDamageCurveHard
c1c2d381	LockRule
c1c3ad6a	SideLightIdleParams
c1c5c528	fMissionTrackedScaleMultiplier
c1c6dc19	vectorFovPitchCoeff
c1ca9294	DroneStandbyStateSettings
c1cb26fa	fMaxDistanceSq
c1cc07c2	fOccurrence
c1d18352	RCBroadcast
c1d3081b	humanconfigDebugFemale
c1d625f6	ShopTheft
c1d698b2	ScreenPlayerOwnedScreenGlowParams
c1d6dbc8	pcmenuitemDefaultSelection
c1d80561	colorNeutralColor
c1dc0ade	locstridPDACancel
c1df4081	Medium
c1f0cbfd	nethackingconfigNPCWithTrackedTraitsActiveInPing
c1f2010e	selRemoteControlObject_Large
c1f37f67	fFrontVersusRearEnginePowerRatio
c1f38726	fFloatingDecreaseRate
c1f9f504	fMaxDown
c211d1da	iRewardPctForWinningTeam
c2199c86	fLength
c221e4e7	fMoveAbandonTime
c22211d3	uiNbrUnitInInnerCircle
c22696af	bInConflictOverride
c2299068	fDefault
c22d74c2	PlayerShootAtRiftBarks
c22fd7f0	collisiondamagecomponentparameterComponentParameter
c23b13a9	IconGas
c23cbce0	BlockDuration
c2464367	censusmetaintriguedefinitionMetaIntrigue
c24b7a48	fEmitSpeedMax
c24d1f4d	GPS
c2549f0a	stims
c2581149	fDeathShieldTimeEasy
c259b552	fRepositionningSpeedWhenMoveSearchArea
c25b1eee	sndPlayerExitForbiddenZone
c25f4883	DynamicContent
c26435a0	fSpeedForMinTurnRateMoving
c266fd60	fProfilerAdditionalTargetScoreVehicle
c2675c06	curveIntensityCurve
c27649d3	logmatCurbLogicMaterial
c2769047	bIsRivalRelationship
c27851b6	fReticleHitFeedbackDuration
c27b4760	fMindBreakingSpeed
c27eead0	RCFlyingDronePickup
c283998e	fMinDistanceToHide
c28bda3f	colorHackLineColorPurple
c28d45a8	fileModel
c28e194f	ImpactDiedHeadshot
c28ed498	fDroneMaxDistanceFromPMC
c2929395	bSurfacePosAdjustmentActivated
c2a1e4f0	bHasChanceForEqualSurname
c2a25e86	bPincerEnabled
c2a445f3	bAllowSafeCut
c2ad8d2a	fSoundBlendDurationIn
c2aead86	OverridePMS
c2af30bc	bCustom
c2b323e4	sndWipeStopSound
c2b3caec	fLongitudinalFriction
c2b673fb	bAngleAffectsIntensity
c2b83da0	sndDistrictChangeDisconnected
c2b923d1	uicolorpalettesettingsHackable
c2b98656	tagcategoryselectionNewTag
c2bb3ef9	fMaximumSpeed
c2bb5251	fRandomAIVehicleProbability
c2c07a91	fMaxWeaponYaw
c2c0c7c2	ParticleEmitterParams
c2c294e5	fSuspStrength
c2cdd182	AmbientWiflyDroneSettings
c2d97ea1	fMovementDuration
c2db2679	MinFootHeightForLegModification
c2ddc2e6	Behavior
c2df8943	fPuddleEndAccumulationDurationMax
c2e1324b	fDroneSelectionProbabilityFailedMinCooldown
c2e7213e	fMaxSpeedValue
c2e81a95	fTargetHudMaxRange
c2e86242	fPlayerDetectionDuration
c2ea514e	vectorAttachmentPointOffset
c2ea6ed3	GrenadeGaugePipValues
c2f08061	LayeredMoveWhenSpeaking
c2f3d720	SoundLimiterSetting
c2f89e1a	fBaseGripModifier
c2f8cd95	HumanDamageReceiver
c2f8e16c	mapicondescObjectiveType_J
c2fbd394	locstridXPTitle
c2fc73ac	bOverrideSpawnSettings
c300e8d3	fMaxVehicleSpeed
c3018cde	archDataOwnerVehicleArchetype
c3021923	sndDigitalSearchStopSound
c308f497	selImplementType
c3179d76	selOncomingLaneAvoidLevel
c317d9ea	characterabilitylogicmoduleLogicModule
c3196d52	fGainOne
c321d058	fShiftingTime
c327021a	fTurretGunYawPitchAnglesSmootherStiffness
c32c5dc4	Mods
c32dd97a	bIsGated
c32ffca4	SearchOccurring
c3335bbe	InitialMotion
c33956f0	selImpulseDirection
c344dfa4	fRotationSpeed
c345cda6	ShopParamsFabricColor
c347a656	fileContainerResource
c347c448	bosseffectsconfigEffects
c34a88df	uiCLODensity
c34c5899	curveFVDensity
c355b7f4	locstridDownloadResetWarningString
c3579d59	sndtpTriggerSoundType
c3586832	MeleeCombatLockThreeEnemies
c3589b4a	fPrisonerHelpBarkTriggerRadius
c35a87d7	fDefendLimitDistForwardCoverSelection
c35cb6ba	locstridPlayerJoinedSessionLogHeader
c35d378f	fMaxDistanceForFullDetails
c35df9ec	StrikingEventsList
c35f7085	RequiredAttendances
c3688fd3	statuseffectEffectType
c36b3f05	censusintriguedefinitionIntrigue
c36f6b21	fSpawnDelay
c36fc0c9	fPrecisionRange
c3737fc2	CarTyreDeflate
c3746167	selInputType
c3747fd9	sndHackingProxySoundId
c38008e2	selPlayerVehicle
c38394f2	Multiplayer
c385e3cc	bHookPlayer
c3881335	selBallistic
c38fcf65	fMinPropagandaDelay
c39354b6	fRearWheeliePitchHelperAcc
c394fd63	scriptedhackeffectselHackEffectType
c395225b	progressionmodsetsSet
c39764d5	fLandOnDockProbability
c399cf78	fSmallReactionStressThreshold
c39bd382	bIsMale
c3a4e413	Approach
c3a8f4b7	plasmatemplateTemplate
c3b056e5	sndPageOpened
c3b4a3bd	fDetectionRate
c3b753ec	fDualTargetingSwitchSideMinAngle
c3bc9157	iNbTicketCommonBoxGiveXP
c3bce6ed	CameraTransitionConfig
c3bf7a80	selBarkPriority
c3c23343	bIsMPPreset
c3c9dd24	DefaultGameplayContext
c3ca62f4	fAttachTime
c3d08de3	fJumpMultiplier
c3d3e886	tagcategoryselectionblackboardLocationTags
c3d84fc4	fileDebrisTexture
c3e7c04d	fFovInterpSpeed
c3e99cdd	vectorDropPosOffset
c3eb5fd7	matScreenOffMaterial
c3ef3954	HeatLevel5WaveSettings
c3ff8475	bMultiSelect
c3ffbeab	selFloatingBhv
c400bc7e	locstridSharingErrorMsgTitleLocId
c403d768	sndNKeyDataAcquireSound
c4047846	InCameraRecticle
c405b88a	TireBlowoutBhv
c40acfbd	fEyeDeviationFactor
c40d915b	mapicondescRestaurant
c41071af	fMinBonusTimeLeft
c4149aff	fDetectorLineThicknessNethack
c4161c3b	bScaleParticlesWhenFadingIn
c419f156	EscalatingAttractSoundsHAndTypes
c41eee36	Tips
c41f2ac9	CarGenericDefault
c422997f	uMaxRicochetCount
c425da97	StateDefault
c426e756	fileReactionPressAlarm
c42864eb	iMudMaterialID
c42ed785	BareKnuckleChampion
c42f91c4	MultiPlayer
c4316cec	Needed
c435d41e	locstridGoalDescription
c43a3fc8	bMuscle
c43a8fb2	UIRenderToTextureDescriptor
c4411341	ChargeAttack
c441765d	texturedbobjectTBoneRightWeapon
c4419f12	fSplashesThreshold
c441ca95	hackablenpcgameplayconfigHackableGameplayConfig
c44a929f	fMaxBarOffsetWhenDrunk
c44d43ca	fAutoTriggerTimeout
c44e701b	ProfileContactsShortcutEnabled
c45051fe	sndswtpWaterDeepSoundSwitchType
c4535469	fEmissionSpeed
c4592f23	fCarFreewayOffsetX
c45cb63e	locstridAudio
c45ee1ab	GlobalModifierBlendList
c46058cb	DeadBodyRestrictedToDrones
c467dc44	bIsFallbackAttractorBark2D
c4686b50	bIsProfilerSticky
c4689b8f	fEngineScaleLevel
c46aca2b	archRoadworks
c46e7ed2	iTimeDiffLevel
c475c34c	Incident
c47c103d	ActionTrackerDatabase
c47e0484	selObjectiveType
c47fdacf	vectorEnvironmentSpawningOffset
c4819a7b	fWaitTimeMax
c4867a23	texturedbobjectPlaylistTexture
c4883020	HipsPitchMin
c48bee15	bEnable
c48f28ec	LeverageRuinBuddy
c48f8ee4	LocationDescriptionName
c492f3bb	DroneSwitchAllegiance
c49473e6	sndReloadDoneSound
c4955dc5	fForceLKPOnTargetDuration
c499bb41	bIgnoreVehicles
c49ba4fe	selCollectibleObject
c49bf11e	PoliceStrobeLightSlots
c49c98a6	AvatarAiming
c49d6823	fSoftShadowMinKernelSize
c49e17b9	vec2Cover2AgentAngle
c49e1c15	fPosAnimationDelay
c4a03996	Construction
c4a233f1	iContractCountdownSoundThresholdTime
c4a61493	fNominalPitchMediumSpeed
c4a88d88	fovsettingsSettings
c4a95775	fWeight
c4ab0c05	Vehicle_FrontLeft
c4af3b84	bRevealAttendanceTime
c4b4eefb	fDisableSlumpAmount
c4b5587b	uizonesettingsEscapeZoneSettings
c4b623c1	locstridTutorialLocId
c4b76574	BotnetCost
c4bb14c4	chaselevelparametersCustomChaseParams
c4c175d8	fCover2EnemyWeight
c4c3537c	MissionFailSettings
c4c629ae	OnLeaderQuitSettings
c4cf1d79	bIgnoreTrafficLights
c4d16834	CameraVerticalBounds
c4d26e56	fDisengagementDistFromEvent
c4de93e0	locstridObjectiveLifeText
c4e68d28	GameplayConditionalMemories
c4e872c0	BonesToHideNames
c4ee41a1	DroneLargeBump
c4ef075d	animalclocreationsettingsSingleAnimalSpawn
c4ef19ab	fRubberbandSpeedAverage
c4f14679	bIgnoreIncidentTarget
c4f18021	locstridPlayerJoinedSessionLogText
c4f59807	AlertBehaviors
c4fa49c5	fFallbackNPCRadius
c4fb6160	TrafficBlocked
c50377f9	Cards
c50770f5	ShopParamsFace
c5086477	fCombatRange
c50b2f93	fVisibilityLifeExtensionRadius
c50f1a52	rulesmithidRuleId
c5101839	bBarkGroupMemberShotUseConeOfVision
c51037c5	fFarRangeCombatDistance
c512c6a9	Colors
c515844c	Rotational
c5158b99	districtFobiddenDisctrictsList
c516db36	RewardData
c5170ad3	IntercomBarkUnavailableFights
c51ab51e	sndDisplaySound
c51c8cbc	locstridRewardsLocId
c51d0692	fDisableSlumpSpeed
c51e1877	fAlarmModeTime
c51f0fb9	sndswvlCellMoodAngry
c520b85a	vehiclebhvsetupVehicleFastDriveGoToBhvSetup
c5236852	RankIconBlurred
c5249890	fInnerRadiusRatio
c529f7cf	bIsStartingBark2D
c52d4b4c	bReverseLogic
c52e733f	fDroneSelectionProbability
c52f53ff	uiRandomSelectionBias
c52ffa41	entCheckpointMapIndicator
c53267b9	ActionDescription
c5479b25	AlertNearbyGuards_CivilianPanic
c54f7fef	locstridRemoteControlRight
c551252b	sndMixStop
c551addd	fObjectSpeedMultiplier
c552e1eb	DroneFlag
c55a3cd8	fBloomVariance
c565faff	AgentSubcategoryData
c566f341	locstridPerkName
c5684698	TurretSettings
c56c43b7	StaticData
c5721a14	MainAndPauseMenuSounds
c579dad6	Handicaps
c581053e	bBarkGroupMemberShotAnswerUseConeOfVision
c5840a39	fleeaivehicleconfigAIVehicleConfig
c584932b	Focused
c5873ab7	BarkIdStartingBarkId
c5894412	bUseAutomaticGearPoints
c589c5f9	locstridShopThreaten
c58b3887	bSendStim
c58b9f89	fTorqueFactorAtMinRPM
c58f3fff	fCausticFPS
c58f50c6	entPlateEntityId
c5962708	fLinearAcc
c59974fb	demoBenchmarkDemo
c59c45e8	fReactionHandicapActivationMinYawSpeed
c59d23cb	locstridIsReinforcement_Authorities
c59d5f90	bBarkGroupMemberShotUseRaycast
c59e002f	fClanKellyMemberMaxDistFromPlayer
c5a3e3a5	fAlertHardBarkSurprisedAdditionalRandomDelay
c5a85ac1	fShowHealthBarDisplayTime
c5a862c3	demoDefaultTestMapDemo
c5aa8360	CloudsSettings
c5aad25a	sndHackingDisplayCategorySelectedSoundId
c5ac0304	fDamperKinematicRatio
c5ac4800	fileDefaultShapeZoneTexture
c5bf7bb0	vec3DollySpeed
c5c1d101	CLOActionLocation
c5c298b5	bRestrictToEntities
c5caafc4	occholHoleParams
c5d0b179	fAntiRollBarDamping
c5d51282	Trapped
c5d8e9ae	locstridRelicDescription
c5dec9da	fUnskippableMaxDuration
c5e187b8	ShoeTagSwitch
c5e27512	CarLight
c5e9dca3	curveDroneGotoSpeed
c5eb9894	angRollAccel
c5ee1186	ChargeTarget
c5eff2f6	bSnapDirectionOnPlane
c5f1b3ef	fPerfectBarMinPercentage
c5f3a902	fSelfDestructBuildupDuration
c5f57189	EntitiesToBeHiddenIds
c5f6ba8e	CompanionDroneAction
c5f707e5	ChaseConfigSelector
c5f72ee3	fAutoNavYawOffset
c5f8461e	fDefaultStiffness
c5faa5bc	fMaxStimLifeTime
c5fb7d95	sndAnimationSound
c5fbd209	fAssistanceMagnetRangeStrongMultiplier
c5fd5227	AvatarAimingLeftLowMobilityFemale
c60432f7	uimenupageCreditsMenuPage
c60718e7	fPositioningValue3D
c6091196	fReferenceAxisSmoothingTime
c6093103	fMassRatioThreshold
c60f26f8	psSpawnParticles
c612ca24	fMapDistance_UpperValue
c617182a	fRestartDistance
c61b729c	fCaptureDurationMax
c6211711	fMoveSpeed
c6238360	uMaxExposeHitmanHackAtSameTime
c623cb5c	ObjectiveFamily
c625d378	locstridPartialDayTimeRangeLocId
c626a50e	bHasEntryAnim
c6279269	sndtpBatteryStopChargingType
c62a0073	locstridContactHasDied
c62ead69	LethalTakedownAvailable
c62ecdd3	fileHitDecisionTree
c63355dc	itemsUnequipClothItem
c63c4c74	texturedbobjectModeImage
c641805e	LapCheckpoint
c643ac88	locstridNoScheduleDescription_WithoutRelation
c64dff02	curveFullBodyTriggerFactorOverTimeConcussion
c64f2df2	fOuterCircleRadius
c6505147	fFarWidth
c653a4ee	fMinDistFromPlayer
c659621b	selCoopRestriction
c65cafbe	MemoriesToApplyOnBoroughUprising
c65efe94	CandidateMergeLogicConfig
c66421f8	fileVsmTexture
c66b0b83	sndCountdownStar
c66cabad	fHackLineAvoidFrontPositionSidePushRatio
c670b1bd	vectorSpawnOffset
c6775fe7	fSniperLagSprintCooldownTime
c67c91f4	ResistanceXP
c67e5240	fSteeringTimeBeforeHelperActivation
c6804f8e	bIsUsingPhaseEnterBark
c683228b	WaterDeepnessSwitch
c684a4ea	IsDirectActionAvailableRule
c685ece0	fileActionMoveStateId
c6862f16	fMaximumSpeedForExtraAngleFromSteer
c687156d	mapicondescNorthSymbolMinimapSimplifiedChinese
c68772d4	rewarditemlistsItemFromCandidateList
c68b6d90	EventsAndResponses
c691bb7d	fSwayMinAngle
c69d769e	ChaseSection
c6a066c2	QueenBee
c6a46769	Distract
c6a93f2d	fVolumetricFogGIIntensity
c6aa177e	bIsSilencedWeapon
c6aac2c3	fCrashMagnetMaxDuration
c6ab69ad	iOnLineOfSightRange
c6b265fb	uitagInputDisplay
c6b894a1	nEndSubChapter
c6bcad77	clotriggerbhvsettingsTriggerBehaviorPeer
c6bce67e	curveExposureValue
c6c114f8	fRollCenterOffsetLong
c6c69008	StateConflictEnforcer
c6cbc191	fDomeFollowMovementFactor
c6d7c281	fSideAccel
c6db5e06	bShouldTargetRival
c6dd9e3b	fMediumRange
c6ddca8a	DataTheftLineSettings
c6e0277a	wolfskinitemdbFallbackNakedBodyItem
c6e0702b	sndChangeMask
c6e5de6c	fRaindropRippleIntensity
c6e70b99	WeaponSoundObject
c6e85aea	fileFugitiveMediaBroadcastInProgress
c6eb92f2	fTileYSizeMin
c6ed0e94	Restrained
c6f1167b	locstridLeaveForbiddenZoneFaaMpObjectiveLocId
c6f6bc9e	fAutoInteractMaxHeight
c6fa3b28	bProfilerHighSpeedTargetable
c6fdd283	DronePIDSettings
c6fe6f54	DataCloudsSettings
c6feab5a	curveEngineTorqueDynoCurve
c700805e	fileCausticTexture
c704b71c	AccessCodeRewardEntityList
c708d382	sndFire
c709fbf0	ExternalSourceTemplates
c70d69ad	Response
c713c281	bKeepFirstRefPos
c7156c05	vectorPeopleOffset
c71fa1d5	nConcurrentDialogsMax
c72124e9	objectivedestroyObjectiveDestroyDescriptor
c7215926	DialogActor
c7216067	bUseHandBrakeLoadBasedTorque
c7217d7c	CensusProfileFieldsBlackboardDescriptor
c72abff5	bIsAcknowledgment
c72ac23f	fGaugeTimeToReachTopSeeTakeDownModifier
c731ff07	sBark
c7356de7	bAllowCloseCombatFallback
c73d2e0c	LegacyTag
c73d379d	datacardcyclingarchetypedescDataCardCyclingArchetype
c73fa5a7	vehiclebhvsetupVehicleGoToBhvSetup
c74120d9	NpcEnemy
c7458f68	fLadder6mEnterHeightHighSpeed
c745ea9e	sndSoundXPHighGainStart
c749b4ac	bSelectable
c7516462	bDisableIdleBarks
c751850d	fFollowVerticalOffset
c751d38a	fTurningRollMult
c751f0b0	PreviousPlotsSettings
c75298d3	fSmuggleBonusPercentage
c7568e37	sndtpReleaseSoundType
c75a0310	locstridEndureObjectiveLocId
c75a7b9f	fSpectatorCamShortTransitionDuration
c75bf22d	bUpdateThreatAnglePMSOnLoop
c75c6a67	fPlayerMeleeRumbleIntensity
c75cba91	locstridVirusHealthBarHeader
c75e6d3b	fConstraintFrictionFactor
c7601b74	locstridTimerHeaderLocId
c762fd69	locstridSeasonPassAcquiredDescription
c7654bcd	curvelibCurve
c766b59c	fPlayerHeadOnCollisionInertiaScale
c7682982	bAllowStateAware
c76ed3f7	fTrajectoryScalePerSquareRootMeter
c770aa9c	bIsSystemic
c7747cf4	operativestateState
c77a6e0f	sScreenMaterialSlotName
c77b4c76	fTurningBigRotReturnLag
c7844bd1	sndswtpObjectSpeedSoundSwitchType
c787af9b	bIsALeader
c78a8c8f	fCollisionFrustumRadius
c78ab3f4	FOVSpotlightCombat
c78bf0c2	ChaseKingMaker
c78c706f	mapicondescSchedule
c78ff65d	sndBratva
c7947803	fMassHackDistractRumbleIntensity
c7995142	itemsReward
c799772d	locstridPauseWarningLocId
c7a0be8e	locstridSoloSessionDisableLockObjectiveOverrideLocId
c7a1baef	fHoleSamplingInterval
c7a1e622	fMaxForwardSpeed
c7a1f211	colorAlarmColorShutDownWithInvestigation
c7a549db	uimenupageARMultiplayerDirectActionSettingsPage
c7a99fcf	fHackLineAvoidSidePush
c7ae7790	PerceptionStim
c7b475e6	bParticleUseVelocity
c7b490e0	opgenobjectivefamilyObjectiveLogicFamilyDb
c7c0dc81	selModifierType
c7c17978	bAmbientSunBackIntensityOverride
c7cac7c1	fTakingFireBarkTimeout
c7cf6f85	sndtpCooldownStopSoundType
c7d6e948	MissionPrefetcherConfig
c7d943d6	fMaxThrottleForTraffic
c7d9dbb9	PublicEventsList
c7da813f	iNbTicketCommonBoxGiveCrypto
c7dbfb5c	sndtpSFXMachineGunGoOutType
c7dcff26	fActivityPropositionDelayAfterActivity
c7dd516a	fileEntryMoveStateId
c7ddb351	selScalingValueToUse
c7e17b3a	fHeatCoolDown
c7e1c4ce	fRightArm
c7e1da02	Leagues
c7e21b43	ForcedOutOfVehicle
c7e564d4	IdealMin
c7e99412	texturedbobjectStateWarnArrest
c7f6e0f7	fDirtAccMinSpeed
c7fa8c94	sndLoopSoundEnd
c7faf18e	DialogPersona
c7ff1d1d	fDrunkLevelFilterSpeed
c801660b	fBrakeSteerReductionMaxSpeed
c8033256	CensusFilterTags
c803f767	SpawnRules
c8051dee	fCrossFadeEnd
c80b8f8a	FamilySettings
c80d3c8d	sndStartIOPSystemicBusEvent
c80fcc83	iDialogTemplate
c819ad6b	fMaxBrakeForSpeedLimitChanges
c81c9a8e	fOrbitTotalAngle
c81f9688	TaggedAITeamSpeak
c82613fa	sMasterSteeredBone
c82693b8	selDriverAndPassengerState
c8291115	vec2AngleFromSpeed
c82ac26a	Dare2BotnetFollowers
c82c44eb	NPCHackedExposed
c82e429d	CensusExclusionProfileTags
c8309b80	fXyP
c8336333	humanconfigBuddyAITwoHandedWeapon
c83923d6	sndDefaultChaseStartedSound
c839950c	bColorRemapRedOverride
c83e1601	fDefaultCLOGoToSpeed
c841f297	sndtpSoundCategory
c845149d	fTalkersCameraBlendInSpeed
c8536580	fBackward180FrictionTime
c85af45b	fActivationAngle
c86015ae	PassengerSpec
c8603483	fSearchTurnBeforeStartDistanceThreshold
c861fb7c	operativeclassClassId
c86b1531	Slider
c86f1814	Fallback
c872a3c1	RCDroneDelivery
c8745a26	ActRadioBlogs
c8759fdc	fAccuracyFactorMax
c8790734	fNextGrenadesDistance
c87cb292	locstridEraseDefaultHackWheelText
c87d1640	fTurbulenceUScrolling
c880f38a	fMaxDistanceFromComfort
c8841cce	ExtraEffectLightSlots
c8842f71	sndSteamExpulsionSoundStop
c88e4c90	bCanGoOnRoad
c88f96f3	uicolorpalettesettingsTeamFontColor
c89368f4	fRepulsorThreatenCooldown
c893dbe1	fCivilianMinDistanceFromDrone
c89d2f26	uizonesettingsKeyLocationFilteredZoneSettings
c89e3217	Properties
c8a0d579	nVehicleDescriptionCount
c8a10f14	itemlistsOnFailGenerateHackingReward
c8a46339	fRotationZ
c8ac8ee4	SeenTriggerName
c8b736d1	District
c8c0dfea	bUpdateDodgePMS
c8c2d3fe	fDamageTakenInsane
c8c3a029	sndGroupSound
c8c3b356	entWeakpointId
c8c498c8	RewardsForSeoul
c8c8b36d	ForOthersInLOS
c8c8c9d4	IsGameCompletedRule
c8ce58b0	archAimingBeamDotArchetype
c8d0602b	fTrailSpeed
c8d3c5e2	fPreSelfDestructSoundTriggerRange
c8d763a4	fCollisionLimit
c8e0cc5a	fOnGroundWarningDeltaDistance
c8e23caa	curveDistanceFactor
c8e394fe	sndvarProfilerAmbienceRTPC
c8e41db2	fDelayMaximum
c8e656be	fDeceleration
c8e815d3	fBurstDuration
c8eee63b	Scratching
c8ef429c	bDofOverride
c8efe726	uiDesiredOnFootNPCs
c8f013a7	MidZoomOutHintTexture
c8f043b8	fBreachAwareTimeMin
c8f142b6	selFilterType
c8f1ce09	fLifeTime
c8f22346	sWeakpointStartBark
c9013aa0	fBooting
c90afffe	selWeaponSpecific
c90d5a56	TargetDetectedBark
c910be05	locstridWarningLocId
c9115e92	texturedbobjectPage1
c914bbf4	fMaxEnginePowerModifier
c918ba73	sndSteamExpulsionSound
c9198bf5	ClosedCaptions
c91a6db6	sndstvlDRAMAConflictLevel0
c929feed	ReactionZoneSettings
c930312a	bIsDeliveryObjective
c930b301	DenunciatorAttacked
c9319303	uiProprity
c938401a	bUnlockAllCourierMissions
c939634f	fFrontalDetectionLength
c941d39b	possyselementSpiderPosSys
c94554db	fLerpDonutPredictedPositionFrameCount
c94644f4	uimenupageSettingsGraphicMenuPage
c9497200	fLeftUpperarm
c94e27e4	droneapproachstatesettingsDroneApproachStateSettings
c95013c9	uicolorpalettesettingsStunnedLong
c951bda4	ParticlesSystemsParams
c951f410	selLanguage
c959a18b	sndInitiateScanLevelSound
c959b2f7	bOriginInspectionRotationLookLeftRight
c960877e	uisoundTerminalWrongInputSound
c961138c	uimenupagePlayOnlineSettingsMenuPage
c96a03c2	SeekAttentionMusic
c96a708b	WeakpointLightSlots
c96b15ea	fPhaseForHighAlpha
c96d6da9	ShockwaveCausesDisorient
c96f8340	curveMaxHeightByTimeOfDayCurve
c96fb2cc	DedSecMissionComplete
c975339c	sndtpProximityWarningPlaySoundType
c975ef6b	dEndAngle
c9762625	Health
c9818264	VehiculeClassicLookback
c982946c	fAngVelReduceAccHigh
c989980f	fOutlineDuration
c98a110e	selSlopeRef
c9917ca0	bTalkerDialogSuperseded
c992ace6	iRocketWavesCount
c9964a6e	locstridWorldMapDescriptionLocId
c999a71e	vectorShakeTranslationAmplitude
c99ab053	iNumberOfTrackSets
c99d6ce9	matimpExplosionImpact
c99da1a8	fMouseInteractionAreaPositionY
c9a22e99	OverrideValues
c9ab19ea	uicolorpalettesettingsWhite
c9ab262f	fVehicleContactOffsetForVelocitySampling
c9af26ee	sndtpDestroySoundType
c9b2b5c7	ObjectiveMainSwitchOverrideSettings
c9b633e0	LocationReachedBarkId
c9b910fc	bIgnoreStopPointInPath
c9c017ef	bSpawnWhenOnFoot
c9c194c2	angvecRelativeAngle
c9c3e56a	fAboveTargetFrictionFadeTime
c9c46baf	DialogActors
c9c9c38f	sBtn8
c9cc0d42	HitFeedback
c9d1f50e	bEnableRandomAIVehicle
c9d4a9ee	RCFlyingDroneFlying
c9daac75	vec2DofFactorDistances
c9dab1ed	fSpeedRatioMaxValue
c9dcea5a	sndtpHitValidTargetType
c9de285c	fileReactionDoNotRecognizeEnd
c9e00685	bCheckThreatInCar
c9e0518f	BossSettings
c9e603ae	IndexedItems
c9e91683	locstridMusicLibrary
c9e93d43	bSpawnInChase
c9ef9243	fileReticleSingleShotVehicleRed
c9efbb41	fLevelMax
c9f97bd7	selRelationType
c9fb067b	fPhaseCoef
ca0173ac	bUseTimeCondition
ca05923b	phonecommunicationsettingsProximityWaitTeamSpeak
ca06e7b9	TargetIsLargeRCTimeToReachMaxModifier
ca0c39d4	fMaxTimeAhead
ca1286f0	selConditionsOperator
ca13a704	OnFootTarget
ca15ae1f	StatusLightSearchParams
ca173ad0	ExteriorAmbiancePolyphony
ca22cfa6	StateLightArrestParams
ca2398f7	bBeamOccludeRayMarch
ca27d930	vectorExtraRotation
ca2bb6cc	vec2AssistanceMagnetOuterRange
ca2c2224	selOperator
ca2f77f0	PeekAtAngle
ca31defb	uiTextureSliceCount
ca36dd0d	fFirstWaveSpawnDelay
ca3ae10c	RebootPart2ScreenGlowParams
ca3d7012	fMaxDistanceToCamera
ca4099d0	sndHackingPoliceSearchSoundId
ca4141e7	fSingleShotProbability
ca4a530a	MusicRTPCValues
ca50851c	bApplicableIfActorIsPendingDeportation
ca515247	iNbTicketLandOnDock
ca5c4cc5	bDoRandomConnectionFlow
ca65ac83	curveAlphaOverDistanceFromCamera
ca67a47a	bInputProperties
ca68aacc	sndtpBeamStopCompletedType
ca6e1d9f	DroneBlindingFlash
ca73e4c7	OnlineTokenId
ca7466db	fTangentFlowSpeed
ca7b749f	fSteerSpeedAtStandstill
ca7dafdb	bTransfertFollow
ca802adb	selNegativePropagatedReactionCategory
ca80c991	fBlinkHideDuration
ca83997e	uisoundChangeJacketsSound
ca83c22c	fEntityMinVisibilityPercentage
ca84062b	sInteractionMenuDebugText
ca8b3479	fDroneMovementSpeed
ca8be6a4	vectorCollisionFulcrum
ca8c0afc	bNearDOFEnabled
ca8c6169	fRandomConnectionRandomWidthMin
ca8e9bfd	HeatLevel5
ca98bcfe	fCatchupTime
ca9b75e0	iProgressTrigger
caa73260	fStartHour
caa78a4a	ItemTypeCooldown
caa9be99	SilverOpSwapsEnabled
caaa048b	sndvarOcclusionZoneReverbLevelRTPC
caaae68a	sndBulletAttenuationStartEvent
caabac20	fDistantSoundDistance
cab1f240	fEndHour
cab3389c	singleclocreationsettingsvarCLOSettings
cab57f30	curveRingShapeIntensity
cabd62fb	fCoverAngleWeight
cac0e374	uicolorpalettesettingsNormalClampArrowColour
cac31daf	ExhaustSizeControl
cac3eb53	bUseSuspProjWithContactNormalAndChassisUp
cac46ebe	Flags
cac7a6de	mapicondescObjectiveScriptedEvent
cac868c1	droneconfigDeliveryDefault
cac885c8	fileReticleSingleShotNormal
cac8afda	TransferRemaining
cacbf076	selAffiliationA
cacdeb9a	fHigherHeightCap
cad78073	ContextualTagDistribution
cadad245	OverchargeHackEnabled
cadaf72a	uiEmoticonUnicodeSymbol
cadc1c07	vectorProjectileStartPos
cadd49fe	locstridHackableNeedsBreachingInfo
caddb340	BarksTargetKilled
caf21ce3	fMergeAverageDuration
caf5c873	Actions
caf8f6e6	vec2ThreatChangeRate
cb0654a1	tagcategoryselectionHackerspaceTag
cb0efdfb	CustomScan
cb17dfcc	fileUnlockedLockboxNetworkTextureName
cb17fdfd	fDelayMinimum
cb1b1f3d	Criminal
cb1e544e	fReachLocationNotificationTimer
cb21bda7	locstridPlayerEnteringSearchAreaLocId
cb22b7f8	colorAlarmColorNodeReset
cb255e36	archetypeconfiglistCaptain
cb2a4c87	selVehicleCameraContext
cb2f853e	OnTimerHalved
cb2fe966	fARCloakedVisionRadius
cb3a0ce4	sndCollectibleSideInvestigationSoundOnDisplayed
cb3aaa60	uimenupageARMultiplayerDirectActionSelectorPage
cb3ebcd3	fReputationModifer
cb46fbda	bClearTrackingData
cb471afa	fCameraMinYawInDegrees
cb4d755c	sndtpBossDefeatedType
cb4ead47	mapicondescObjectiveType_F
cb57ad59	AttackIndicator
cb5825c5	fCoverEntryDistanceSwitchSprint
cb5a6216	OnlineLocationDifficultyLevelOffset
cb5e52e9	fSwerveIntensityMax
cb5eabb7	InclusionFilter
cb5f0202	TagConstraintsAny
cb651e2b	fFadeSlipAngleRange
cb66587d	bUseFx
cb6a45fd	fDamageZonePeriod
cb740317	LaserPattern
cb7458e2	curveImpulseCurve
cb775e97	bDespawnOnUse
cb78bc17	bIconNameArray
cb7cdc56	uDefaultTabIndex
cb7e10f1	fMaxDistanceToLocalizeOnSight
cb7e269e	fMinReactionTime
cb817a2f	sndScoreSound
cb836f78	archWeakPointsArchetype
cb86f3b4	curveFocusPositionLerp
cb899492	fTagScale
cb8aadd7	fTangentAirDrag
cb8ffb4e	curveDistance
cb92fb34	fLookForwardSpeedModifier
cb939988	UIConfig
cb944839	AvatarAimingLowMobilityMale
cb98b0d6	CheckPlayerPos
cb996b08	fleebehaviordescriptorFleeToEntityBeforeSystemicFleeBhvDescriptor
cb9c063a	TeleportEntity
cb9ed4c0	TargetIsShootingTimeToReachMaxModifier
cba2146b	uisoundOnEnterWarnBadge
cba23cef	locstridFailReasonPlayerDeadMessageLocId
cba40e6a	fBeamHighlightSeparationFalloff
cba6b823	RarityInfo
cba7e2f7	bCcolorRemapBlueOverride
cba8d4fa	RulesConfigs
cbb3906e	fActiveHackingPerfectTiming
cbb4fe13	selPerformanceIndex
cbb63cb0	fRemainingRatioTimeUntilNextWave
cbb8bd1b	bDisableAmbientFelonyOnTargetAcquired
cbc3e622	Excludes
cbcf3798	fFog3DNoiseStartFadeOut
cbcf3fb6	chaselevelparametersChaseLevelParams
cbcf9aea	LobbyParamsIdle
cbd31cdb	singleclocreationsettingsAnimationCreationSettings
cbd4027d	combatdronesettingsCombatDroneSettings
cbd6ae55	fCoverHeightPmsMultiplier
cbd810b5	maneuverConfig
cbd968db	FreeModeCamera
cbd99c4b	bNeedsToEscapePursuersToCompleteDelivery
cbda961c	VehiculeInterior
cbe154f5	charlevelRequiredLevel
cbe1bc15	uicolorpalettesettingsWarnArrest
cbe687de	fShowHealthBarSegments
cbe874c5	fAsynchroReactionDelayMin
cbf08e63	fStrengthWaveSpeed
cbf40a51	bExplodeVehicleOnFail
cbf52c89	fEmissionRate
cbfc3550	vec3CarMarkerOffset
cbfde16a	DroneSearching
cc02b9ba	bEnabledByDefault
cc034c52	fAngularYawSpeedThreshold
cc03b13f	EnableFOVFrontTracking
cc0559a0	fRechargeSpeed
cc06c3e9	locstridText
cc0a066a	curveWheelLockAcceleration
cc0e72b6	sMainSwitchEntryPlaceholder
cc0fafc5	iHackableCivilianCivilianPriority
cc15815c	CLOPosDatas
cc16f2ba	WantedLevelTimeoutCalculation
cc1a4f78	curveRecoilRotationY
cc1a721d	sndtpExplosionSoundType
cc1b17cc	sndSoundStart
cc1c143b	fHackLineFillSpeed
cc20ce2c	CompleteConditionGroup
cc23695e	mapicondescObjectiveType_B
cc255fd4	bAutoNavUseTargetAngle
cc271dbd	AffiliationSetting
cc277b21	fRemoteHackTransferDuration
cc284c83	HackingDroneDockRiotDroneSoundId
cc2a3802	fReturnToStandByTimeMax
cc2d9e6d	vectorCollisionPRYRangeStrInfluenced
cc2dd7e6	sndCorruptCop
cc3023f4	bExitDestroyedVehicle
cc3157c1	fTurningBigRollLag
cc321510	fMaxDistanceToFindVehicle
cc33ec92	Restrainable
cc376960	uiNbrUnitInOuterCircle
cc38026f	fMinTargetDistance
cc383363	fRealRpmMinFactor
cc4391a7	tagcategoryselectionPlayerCountSoloTag
cc44390c	sndMute2DMusicEvent
cc47ce69	opgenthemeOpGenTheme
cc48e3b4	tickertapeemitterEmitOnDeath
cc4bb896	sndNotifyScanLevelSound
cc50f9a6	tagcategoryselectionTypeAnyTag
cc537365	fFillCompositionEntrySpawnDelay
cc54ca7a	fVehicleCollision
cc569fe5	fRubberbandMinDistanceAhead
cc5709ac	fMoneyDelayToHideDuration
cc5a42b2	MaxSpeedModifiers
cc62abe6	fPulseWhenRemainingTime
cc64bdab	fObstructedWarningTime
cc70de61	envcloudsequenceCloudSequence
cc73fe00	IsSubjectValidRule
cc7a3d26	fSmallObjectLimitt
cc7ced0c	bUseGearShiftingCam
cc84c969	PlayerPhoneOnFoot
cc875ded	RoleSettings
cc88ea3b	CompanionDroneSettings
cc8ae5dc	fMovingPushingNoneIncPercMultiplier
cc8dfab8	bareknuckleleagueconfigLeague
cc9c39a7	sndtpLockedByPlayerStopSoundType
cc9d6d25	bIgnoreForGI
cca063d6	fGestureSeenCostFactor
cca2d6e0	bStopOnReachDestination
cca3f979	sndtpShowCallRecordSoundType
cca92507	fGranularSynthesisMaxRPM
ccaa63a0	fActivationRadiusInSecurityCam
ccaa8e2a	fRearAxleFrictionScale
ccadbde0	locstridPDABack
ccb4a583	fAggregationRadius
ccb67170	fFastObjectLimit
ccb6e1ac	Good
ccb8c556	sndPhoneCallIncomingSMS
ccbe2d02	fGearShiftFrontTransAccelLag
ccc09a4e	fMaxTyreSpeed
ccc2a59b	InteractionStressReaction
ccc661cf	fHumanVsTrafficNormalize
ccc9a2fd	sndNavigation
ccc9fbae	locstridLocalizationId
ccc9fe68	locsectionidNoveltyFactTypeCommon
ccccb46e	bIsFleeOpportunity
ccd23f7c	vec2SteeringMinMax
ccd67822	curveNegativeDistToEnemyPenalty
ccdab15f	fPhysicalInteractTransferDuration
ccdb535a	fMaxDistanceForTargetLineOfSight
cce3645b	fRotationAngle
cce5c2e4	Booth
cce9a957	Weaponry
ccf2704d	digitalsearchsettingsDigitalSearchLevel2
ccf2901f	FirstNameSetting
ccf6e35a	NameId
ccfb0796	fWobbleFrequency
ccfe1f35	GodRaySettings
cd018c82	bTransitionEnabled
cd02d397	fPreExplodeMinTime
cd0303f3	OnUpdateBarkDelayMaximum
cd15b4fb	fSuspDampingFastSpeedThreshold
cd17f2b5	DefaultOperativeInventoryItemList
cd1a10c9	humanconfigFemaleGrunt
cd1b002f	uiMaxSpawnedChopperUnits
cd1cb9fb	tagcategoryselectionTypeFreeroamTag
cd1dc678	vec2DuckDotDistances
cd1dd16d	DestroyParams
cd211c25	QuickOpSettings
cd22347d	selCrouch
cd235301	bAllowFaceMaskLayerState
cd2999ff	locstridNoScheduleDescription_WithRelation_Operative_NoStatus
cd2fae86	uicolorpalettesettingsAlertSoft
cd2fc577	fVehicleCrashingFriction
cd3278e4	locstridEventHelpToFindHackerLocId
cd36ba5f	sndvarRelativeMicroHeightRtpc
cd3a8503	fAngVelReduceAccLow
cd3f48f0	locstridIsLocalContactLocId
cd42ff89	fSpeedNormal
cd449c8b	lobbyparamspresetLoobbyParamsPresetOverride
cd4528fe	fDelayTimeToWeapons
cd462530	bLockOnBlendOverride
cd484569	BarksTargetKilledAnswer
cd518dcc	bIsManagedByPgtAttractor
cd51c54c	sndvarWindSpeedRTPC
cd51d3c6	fMaximumLinearLimit
cd52b6c6	sndswtpGenderTargetingSwitchType
cd5352a7	curvePitchAccumulativeFactor
cd536505	locstridRelationDescription_NonOperative_NormalStatus
cd5f0530	bCheckClosedState
cd60d85d	selPathType
cd615249	fPrisonerAutoReleaseWhenNoAIAroundRadius
cd635b32	hackednpcresponsehandleResponse
cd6400d7	fileReticleSingleShotVehicleNormal
cd644d93	uizonesettingsHideInCarZoneSettings
cd646b3c	fPlayerHeadOnCollisionMaxRelSpeed
cd65365e	KilledByExplosion
cd6848e5	AltitudeSliceSettings
cd6b39d6	StateSearch
cd6ee320	fileReticleShotgunBlocked
cd72c1aa	hackingbehaviordefBhvType
cd72edfe	sndHackingDogShockCollarSoundId
cd73e8ca	ClipRoadMedianLofts
cd74fe36	sndTrollingSoundWhileUsingJumper
cd7c7bfe	fDustBurnoutFactor
cd7e0128	AIAgentHasHeardGunShotTimeoutModifier
cd7eb730	uMaxNrOpsOfThisType
cd81e475	bMoonLightColorOverride
cd82d550	VolumeBasedSearchParam
cd83abe8	texturedbobjectStateAlertHard
cd86b8ce	matHudScreenBrokenMaterial
cd890259	fClimbOverSprintStartDist30_60cm
cd8f0c62	fScrollingLineSteps
cd967de0	bProbeMinAmbientLimitsMultiplierOverride
cd9a855d	nLocationDescriptionCount
cd9b73bb	swatreinforcementconfigSWATConfig
cd9d8ab4	fChanceOfScheduledInArea
cd9fa17a	FallDisplacementsWALK
cd9fae35	archProjectileArchetype
cda8d62a	sndtpHackingHitmanSoundType
cda9ab52	fVehicleStopExtraDistance
cdab6734	fReachOrbitLookAtAngleMin
cdb0fcf0	IncidentLists
cdb26c54	bAllowCapabilityToApproachTarget
cdbede08	fReticleOnScreenRadius
cdc4f17e	WeaponCategories
cdc7c4f1	bEndInCenter
cdc890c2	fMoveNearTolerance
cdcfc71c	selRainStatus
cdd1ed8d	fBlockyFactor
cdd378a9	callreinforcementsbossabilityconfigCallReinforcementsConfig
cdd53b50	sndtpExplosionSoundArmType
cddd81f4	RobotCard
cde35fe4	HeatLevel1
cde41853	StartingAnimations
cde5bb1c	Ct
cde67ff9	fileVisionLossPostFxTexture
cde8ecd6	fMinLaunchAngle
cde9b733	fVehicleRadius
cdeaa44d	SoundEventTarget
cdee7ef5	fSplashesColorIntensity
cdeeefd9	fThrottleBrakeLowSpeedScale
cdf206d0	Suspension
cdffedce	fLinearSpeedToAngularSpeed
ce05d82b	fileSadCelebrationDecisionTree
ce060671	sWheelUp
ce062524	bUsingFixedPitchCenter
ce08c054	AvatarMultiDead
ce0a71b0	curveSkyDomeIntensity
ce0ba7f3	sndswtpPerspectiveSoundSwitchType
ce0c640b	fMinDistanceToPlayer
ce13f1db	InputSettings
ce13f98a	chaselevelparametersFelonyChaseLevelParameters
ce189962	Constraints
ce1988e7	fLeaveAreaObjectiveRadius
ce19dabc	XPCurrency
ce20bb5e	fProximityOnFootDetectAIDistance
ce20c14e	fDeathCamMovementStartTime
ce286a42	sndvarCurrentBoroughDefiantRTPC
ce2af8ca	IKPartScale
ce2bb773	IsAttractAllowedRule
ce2d90f0	fDropBaseLifetime
ce2f9b0e	CanUseFlashbang
ce336813	fMaxDuration
ce38145c	psDetachParticle
ce38becd	GlobalModifierBlend
ce39d1e8	fMovingPushingMediumIncPercMultiplier
ce4403f8	GenericAnimations
ce45837b	psSplashParticleResId
ce48580b	InputYawSpeed
ce494bbd	censusprofilemodificationtemplateHomeless
ce4c6b08	fUiMessageDurationSeconds
ce4e7a13	Turret
ce509d64	matRoadMaterial
ce532e8d	bMaintainCountIncludeLayoutAI
ce53e230	sndtpHackingDogShockCollarSoundType
ce53f82c	sndCountdownGo
ce5651ea	fLightsFadeOutDelay
ce5c2358	sMaterialOverrideSlotName
ce5d1a43	IsExtraBulletDamageOnReloadAvailable
ce675a56	sBuddyDeliverBarkTriggerName
ce73cbfe	fileControlTexture
ce75542d	IconAnimationDataIntro
ce75a327	NormalAvatar
ce774f6f	Combo_Strike
ce781201	Configurations
ce7a06b5	PatternName
ce857840	fDownwardAdaptationTimeScale
ce878011	selConnectivity
ce8914b3	TurningCameraEffect
ce8c6da5	SingleShot
ce8da16a	locstridPickupInventoryFull
ce8eb144	bBarkGroupMemberShotAnswerInVehicle
ce917b59	uMaxItemWidth
cea2c697	vec3OffsetLookAt
ceab7c88	fForceFullBodyOnFirstTimeFactorLTL
ceac37dd	TrailParticles
ceafc02d	BarkLowVision
ceb01f81	bIsAvailable
ceb1b501	DroneSwarm
ceb3ef54	uizonesettingsRCOutsideZoneSettings
ceb4d15b	fPatrolBullhornDistanceTime
ceb53e59	uSmallBlockSize
ceb8ace9	WDCreditsCurrency3DLargeQuantity
ceb9d50d	fWaveIntensity
ceba7474	sndAlarmSound
cec23b89	DeferredActorStatusChangeConfiguration
cec80481	LobbyLookAtData
ced6de15	fLateralBase
cede833c	MaterialSettings
cedfa46f	MyPerkLineSettings
cee26acf	fMuzzleVerticalOffset
cee306d0	fVehicleVehicleSideRestitutionFactor
cee42224	HackingConnectionLinksManagerSettings
cee4d0ee	alonespawnsettingInChaseSpawn
cee5b380	LOSReacquisitionCoolDown
cee7d1f2	Speed
cee8efa3	colorNodeVirtualColor
ceeb32b6	fIntuitionInVehicleUnaware
ceeb84b7	VehicleWrecked
ceef1409	fUnspawnDistance
cef0e3bc	OnUpdateBarkDelayMinimum
cef133d8	fPreExplodeMaxTime
cef2eda8	Sleep
cef4e738	LaneRestrictions
cef50e31	AmmoRewardPercent
cef62d5f	fReturnToPlayerTimerLength
cef658e9	dronetargetsperceptionsettingsDroneTargetsPerceptionSettings
cef78e46	Delivery
cef7f069	psOverheatParticles
cefaf234	VehicleBehaviorProperties
cefb5097	TextOption
cefd08d7	tagcategoryselectionCommonTag
cefd2b87	uitweensettingOnFocusTileTweenSetting
cf007197	singleclocreationsettingsSettings
cf022a65	locstridDroneHijackReboot
cf043c95	phonecommunicationsettingsGenericIntro
cf059bd1	fMiddleCircleRadius
cf0fe83f	bGlobalLightsIntensity1Override
cf1dbec6	BoneName
cf1e3156	bShowPath
cf1f5d01	IconConcussion
cf21590f	StateLightCombatParams
cf27a22c	hidDebugID
cf29da6b	fFilletPosT
cf2c553c	fDodgingAndRollingFactor
cf333930	RaceKart
cf33df05	uiNumberOfSucceededEventToUnlockProgressionReward
cf346a16	bIsAlley
cf365d9b	locstridSpecialBountyWarningMessageLocId
cf373246	bUseBurnoutOscillation
cf3825a7	PresetMap
cf470552	fTrapperOverheatRecoverPerSecond
cf49fad6	uiCoefficient
cf4cdc78	sndWheelRoll_1
cf4cef25	iMissionObjectivePriority
cf5908a8	failTimerMaxDistanceWhenDurationAtZero
cf5e8342	uiBehaviourWindowSizeY
cf5fba7b	fVelocityBlendMinTimeFactor
cf5fcc71	MaxMeleeCombo
cf5fd5f8	texturedbobjectRemoteControlRight
cf6367ca	fAiVsTrafficMassScale
cf669b91	selShopCategoryType
cf6ee8ac	DeepProfilerUnlocked
cf722a1d	bUseHackingFeedbackMaxTime
cf73c155	uisoundOnRevealAnimation
cf763783	fTemperatureRateOfChange
cf794a60	bFarDOFEnabled
cf7992b8	bRequestFelonyIfOnLiveNews
cf7e8c51	Cheer
cf83ac17	mapicondescMapIcon
cf8cc578	OtherOptions
cf8e3b18	Tags
cf91d82e	nMaxFAALocationHistorySize
cf93ac6b	availabilityrulegroupHoratioIsDeadAvailabilityRule
cf942a86	fLKPRefreshRate
cf97a0a6	fLaunchHelperShakeIntensity
cf984b98	fThrustCoefficient
cf9a525a	fBagleyConnectionLineWidth
cf9dac38	fAproachSpeed
cfa5fe48	sndGesture
cfa6377b	Time
cfaef845	fFlankRightDistance
cfafff43	bHidePlayerAndWeapon
cfb02166	bForceBreakWindow
cfb22e3d	fPuddleExtraNormalMapSpeed
cfb49847	bUseAsDefault
cfb50d95	fActivityPropositionDelayOnNewPlayerJoined
cfb6b345	locstridSequenceBadInputTitleLocId
cfb8d001	VideoProperties
cfc2523b	fStaticZDisplacementMinSpeed
cfc30bf8	locstridAlarmColorNodeReset
cfc3667e	psBuildUpParticles
cfc9536e	aispawningtypeReplacingArchetypeForRiotDrone
cfc9c8d6	vehicleentityconfigChopperConfig
cfceaaa1	singleclocreationsettingsChildSettings
cfced2aa	bGravityJump
cfd5ea0b	fPackageDroppedWarningMinDistance
cfd71cbc	BaseDBValues
cfde6052	AntennaProfiler
cfe28815	fLagRPMdecreasing
cfe5c8c6	selCurrentState
cfe997b9	uicolorpalettesettingsUnavailableColor
cff09615	ChoreographyUnits
cff297a0	fRainLightsMinIntensity
cff60e67	fDropInitialiMoveChance
cff8f370	ParkedDamageReceiver
cffca8d5	PropellerBones
cffcc6f9	uiInitialWaveSize
d001a310	DefaultWeight
d00505bb	fHealthRegenerationDelayEasy
d00afaa7	Rotation
d00c4714	fVehicleDrivingRestitution
d01449a0	selGroupId
d0146f58	fMaxSideSpeed
d0160f0d	fBloomMaxExposedLuminance
d01685ce	vehicleentityconfigDataOwnerVehicleEntityConfig
d01d7610	curveFogHeightIntensityBoost
d01da8fb	HackCooldownModifier
d022189b	LightMalfunctionParams
d0251901	ObjectiveTransferDataOverrideSettings
d025332e	fileImage
d0340ff1	StateWarnArrest
d0356c77	fDragCdaFront
d038fd91	tagcategoryselectionblackboardActivityTags
d03a2fa6	censuspredefinedactordescriptorCensusActorDesc
d03ded02	bIsAllowedInSinglePlayer
d0409ccb	fMin_speedCff
d04c0598	sndtpHackingFeedbackTargetEnterRangeSoundType
d04f4696	iNumberOfFighters
d0528801	texturedbobjectImageSource
d0558b01	Fov
d0577785	IntuitionDetectionTime
d058105e	selDedSecAffinity
d059a778	ElectricSpark
d06c9e7f	clrLightColor
d077d9d8	bBlockSelfGetUp
d077dd98	sndSFXMachineGunCharge
d07843ee	ObjectiveLogics
d07c31a7	matDefaultMaterial
d0814f28	fMaxLocationDistance
d0821334	bForceSpotlightOnPlayer
d08b9f67	CollectParticlesStartingCoin
d096d6d1	fExposureCompentation
d097494c	fLowWaterLimit
d097c2d1	fScatteringForLowAlpha
d09c97c2	dexeventInvasion
d09da46d	fMaximumAnimationTimerInterval
d09e28d9	couriermissionconfigMissionType
d0a1451f	locstridNotificationLocId
d0a20b1b	fTurbulenceHeight
d0aae07c	bBasePivotLagOnVel
d0ab015b	fDistortionSpeed
d0b12ed1	uiShopVisitRequestedBetweenHoldUp
d0b60b6a	entObjectiveIconEntity
d0b93b79	locstridCallFelonyLocId
d0bd6b64	fPursuedTeammatesRadiusCheck
d0c307ec	locstridShopEquipClothingStyle
d0c5dabb	TagDescriptorUI
d0c80a5b	texturedbobjectDroneDockSpawnConstruction
d0c8c49c	sndtpProximityWarningStopSoundType
d0cc4c82	bShouldDisplayAlmostLostWarning
d0d318a3	fMinRandomNPCFelonyInterval
d0dde0e4	wolfskinitemdbItem
d0e7c6ce	nMaxBoroughUprisingActivityOpLocationHistorySize
d0ea983b	fMaximumValue
d0ea9c89	fBurningTime
d0ead89b	DronesDefinitions
d0ee168a	iDistanceVisibility
d0eef21a	DenunciatorDisruptedGPSTexture
d0f20f0f	selUseAnchor
d0f2c74f	archBall
d0f32d83	ScreenAiMaintenanceScreenGlowParams
d0f44e49	MaterialBanks
d0fa66bd	fCooldownMinTime
d0fdd033	bIsActiveByDefault
d0ff25d5	fRotorIdleRerollTimeMin
d10dbab4	bHasDifferentRoleUIData
d10e6d57	fTurnOffFallOffRatio
d10f544f	sndtpLockedFocusSoundType
d1172f43	fHostageMaxDistFromPlayer
d1184dc9	archMaleNewArchetype
d11bf45b	RingGlowLightOffParams
d11c60e5	fileMapPathCoopTexture
d11c9898	fEnabledDamageMultiplier
d11d0dc2	bCanBeSave
d1286e21	fSearchAreaDiameter
d1291120	selConnectionLinkToCivilianColor
d12d3d08	fActivityPropositionDuration
d12df0ba	uiVehicleMaxAgentBudget
d12e5805	sndvarPlayerVehicleSpeedGlobalSoundRtpcVariable
d12ec048	vec2MaxHornTime
d12fc4ac	sndtpReadySoundType
d12fc89a	colorLightColor
d1311ff6	WasMalfunctioning
d139342e	ExternalSourceTemplate
d146b64a	DifferentSpeakerSettings
d14c0ca8	fGatherDistanceAdd
d1528d82	sndCombatState
d1573c51	fRandomConnectionEntityWidthMax
d15807e9	fRadiusDownloadMessageVisibility
d158f6f3	FinalRatios
d15f754e	Descriptions
d15fb8a9	bIsFromCreationSettings
d163f479	fCrashMagnetWheelLockMinTurnCos
d16d191d	disId
d170c4b1	BarksShowSettings
d171b5d1	locstridDroneDockSpawnCT
d1794897	sndEngineFireNoHoodSound
d1830f43	WeatherForecastSettings
d194c4c7	mapicondescTrackedIcon
d1967b87	lobbyoutroparamspresetLobbyOutroParamsPreset
d19b06b9	bIsDroppable
d19c965e	MeleeList
d19de772	fHoldUpDelay
d19f6cac	bIsContactBarrier
d19fd9ef	fDisableAttractorOnEntitySpawnedForDuration
d1a25786	colorTrackedOpColor
d1a3966e	RespawnDuration
d1a46a1e	fToMasterTransitionTime
d1a4ee25	RCDroneNews
d1ab100e	psVehicleDestroyedFx
d1ac6f70	fMonitoringMultiplicityFactor
d1afb39b	bRestrictOnBehaviorStates
d1b4c849	selPositivePropagatedReactionCategory
d1b6746c	fDownloadProgressRatio1
d1b9f677	sCameraPostFX
d1c0c3b3	RingOfSteelDroneBulletHit
d1c46aa1	fBelowOffsetX
d1c4e289	bDisplayMapMarker
d1c70228	selVariable
d1c78fab	fGaugeTimeToReachTopPlayerSprintModifier
d1cd3be5	fSprintfollowSpeed
d1d6788b	phonecommunicationsettingsIntroductionTeamSpeak
d1d755c6	fAuthorizedRadius
d1d87c94	fMaxExplosionDamage
d1d90b5f	uisoundStop
d1d9cdaf	DroneSmallBump
d1dd4676	OpNames
d1e4bf9d	fApproachNearTolerance
d1e5d207	fRemoteControlObject_Small
d1e76c3b	fCallJammedIndividualCooldown
d1ed09df	BarksTauntOrFear
d1f08df9	tagcategoryselectionblackboardPreferedComplexityTags
d1f27dbb	fTriggerThiefGetLineOfSightDistance
d1f5f4db	VehicleDisabledBroken_Persistent
d1f9985b	fleeaicharacterconfigAICharacterConfig
d1fc3e15	bReviveOnlyOnTeammates
d1fe6c7a	fMinGravityFactor
d200052f	iNeededCountOfDestroyedTargets
d2008e80	selLookAtPosType
d2024fdd	archprogconfigArchetypeProgressionConfig
d203b2ea	VehicleEjectionParams
d20b832d	tagTargetTag
d20bce08	SocketLockToeVel2D
d20d0533	sndPlayerInsideScanSound
d213caa5	locstridWeaponLockerDescription
d213fd9c	SpawnConfigPool
d2227f25	bSendStimOnDataTransferStartedToTarget
d222bbee	iMaxGiftQuantity
d2237c4b	HysteresisRaycastCosineAngle
d2266ea0	sndPreExplosionSound
d236b7dc	RCDroneInAir
d23784ce	fRemoteControlOwnerLinkWidth
d237a033	ContactList
d23e70ae	sndSFXWipeAttackGoOut
d242d699	SceneFamiliesDbs
d2470d0c	OperativeStates
d24e26e3	choreographyshootingpatternsShootingPattern
d254def4	SNavMeshPathFollowerSettings
d2625bfd	ActionMap
d2670f61	bChaser
d268f313	fForwardFriction
d269fedb	bUseRearSlipForMaxCounterSteerAngle
d26cba65	fShakeAttenuationPower
d26db3cc	opgenvehicledescriptiondefinitionVehicleDescription
d2702324	ScreenAiIdleScreenGlowParams
d274e16c	bUseForceClose
d276cd65	bUseDoubleTargeting
d2778a90	fLongSlipScaleMax
d27e1ce4	bDeactivateMarkerOnDeath
d281c7b5	fReactionTimeout
d28b4fc1	sndtpDropSoundType
d28c350e	fileTextureCameraNoise
d28fa6fb	fAntiRollBarStrengthCompressed
d29186b5	sndJammerSignalEnterRadiusSound
d291ed57	uisoundChangeEarsSound
d2933745	sndArrestState
d295fb6d	vectorPhantomOffset
d29c221b	fZLockStrengthMultiplier
d29c76b3	fRefreshInformationDelayMin
d2a1abb8	fRandomTemperatureDelta
d2a48396	fAnticipationLength
d2a4ca33	fCompleteSequenceInputMaxDelay
d2a9f46b	bSpawnInSearch
d2ac5658	fDamage
d2ad64a6	MenuName
d2b5a631	sndswtpCellMoodSwitch
d2ba38af	fSpikeMinimumTimeInterval
d2ba3e77	bUsePGTArenaAsDefaultFleeThreat
d2baacda	fWantedLevel6
d2bc1a4c	fStiffness
d2c0aec0	Close
d2c62ec3	CustomExplosionStim
d2c7bc90	fMaxTimeToMatchHeading
d2c8380d	ContextualTagDistributions
d2cad856	sndChangeOperative
d2cb40ed	sndvarSteeringValueSoundRtpcVariable
d2cdaec7	bUseNonPlayerExplosionDamageMultiplier
d2ce4232	bIsVector
d2e436b0	SpecificConversation
d2e9784b	tagcategoryNPCVoiceTagCategory
d2ea4ffd	fXyD
d2eae75a	fMaxAngleDir
d2ee51b8	uimenupageEpilepsyWarningMenuPage
d2f64875	fAngleForMaxTurnRateStopped
d2fd4172	hidNextTypeId
d2fdb7bc	MeleeKillCivilian
d2fe9c6f	bCanUseGlobalIntroMadCinematic
d2feee72	sndEngineIgnitionFromHack
d300bb9a	fCoverFrontExitAngle
d307286b	fLeadTailDistanceOverride
d30927d6	AnimalCuteness
d30986f2	fCooldownMaxTime
d30f667c	fSideMoveAngleMin
d3127fba	fDelayForReset
d320e8c9	ReferencePointList
d3216916	NavLightsSlots
d32352e7	fOnFootCombatDurationForFullDriverOffload
d324e88a	bAllowDamagedVehicle
d3262a4a	Config
d32a89fd	sndGainedFocusSound
d32d1ed1	uMinimapTextureSizeHeight
d32d4208	uibarsndprofileDefaultProgressBarSoundProfile
d32f0182	Cinema
d32f7fa8	dynamiclightprefabPrefabDynamicLight
d3380d37	locstridTooFarUnspawnWarningLocId
d33bf871	GizmoParams
d3435888	vehiclecombatconfigFelonyLvl2
d343f97c	psArmedParticleFxNormal
d3440007	IllegalAppsTakedown
d344f18f	selPeakSlipLoadMode
d3450047	RatioValidatorPerProtector
d34632d2	IconShock
d34fddf4	LateralSlipParams
d34fe138	fFollowFrontMinDistance
d35168fc	AITargetFactors
d3577f7e	bPolice
d3599e81	HumanDefinitions
d35d2011	locstridChangeCameraLocId
d3602506	uiMinutesPerCredential
d3606085	fDisplacementMinRelativeVel
d364abbf	fAssistanceAutoLockDistanceThresholdMinimalMultiplier
d36b5e65	fWipe
d36e0c4c	locstridUISlot
d36fe8a1	nethackingconfigCivilianVehicle
d3754904	digitaltripmodeDescriptor
d3768b7a	vec3LocalCameraOffsetVehicle
d379b3ae	uiPercentage
d37bd17f	fDuration
d37efb26	Notifications
d37ff815	bSunLensFlareVisibilityOverride
d381c6df	colorTargetLinkColor
d382bd03	humanconfigLootTruckVehiclePassengerHumanConfig
d3844337	error0
d3866571	bUseSteerTweakV2
d386a137	EntityExitAnimation
d38dadb0	tagcategoryselectionClanKelleyCaptainTag
d3919203	sndvarVoiceChatVolumeRTPC
d391d601	CProgressionModuleUpgradesSettings
d3a57321	fPostSucceedDelay
d3a73779	sndStartHornNpc
d3aa62cd	bShouldBreakWindow
d3abba75	bUseRegularTraffic
d3af751e	fDofFocusRange
d3b47a67	FamilySetting
d3b53263	HighResPortraitSaveSizeWidth
d3b5b674	fColorRemapRed
d3bd3237	OnLeaderQuit
d3c03f14	bGameModeOverride
d3c0bcf4	sndOtherState
d3c10d74	DeactivationTakedownLightFlickerCurves
d3c50f8d	fAlertedSpeed
d3c60569	iMaxNumberBuzzes
d3ca09d7	SoundRegions
d3cc2254	DoorAccessConfig
d3ccdba3	sndExternalSource
d3cd69e0	WeakpointOffParams
d3d2627f	bIsXInteractionLocked
d3d2ac18	psExplosionParticles
d3d3119c	IsAllowedRule
d3d756fa	downloadbrickdescriptorDownloadDescriptor
d3d99e8b	A
d3e0b8f5	fTimer6ThSense
d3e198ab	fDebrisIntensity
d3e60400	bGeneratesStimsOnDestroy
d3feb69f	bAllowReactions
d400fd06	fMinContactExtractionScale
d402b387	fHumanTakeDownMaxDistance
d406fcb6	MultiEnemyMeleeCombatLock
d407ca9a	locstridCelebrationSubtitle
d4091c10	timergameplaydescriptorEntityToRelicHuntTimerDescriptor
d40bea14	fIntuitionInVehicleCombat
d40c90b8	mapicondescLabelIconBorough
d40d9911	fAssistanceMagnetRangeInputScaleDownSpeed
d40f87e7	fileReticleShotgunFriendly
d4167c29	censusactormemorydefinitionMemoryToApplyOnLeverageFailure
d41d8b1a	BarkCombatReloading
d41dbe8f	angRotationVariance
d41f325b	RoleMap
d41fbcf6	DamageScaleMadeBy
d4274eb6	MaterialWetnessSettings
d42b714f	CrusherParameters
d42fdcc9	bCairoIsActivated
d42fe6d0	uiMaxNumberOfVehiclesForSpawning
d430f375	sModifierId
d43acfa7	WeatherBasedFilteringEnabled
d43bc951	selIntrigueMarkerPosition
d43ddd1a	Vehicle
d440e0ea	fUTurnTargetMinDist
d44126ee	sndHackingDisruptCommSoundId
d4436cdc	PhotoTargets
d4468e27	fWaterSpeedLimitForceCrash
d44ed13e	colorPeople
d451ed7d	curveMaximumDuplicatesInitial
d453cc38	OnEnteringLocation
d4544287	MaxCrypto
d455110f	BulletMissLTL
d4580ba0	HitStage
d45d04dc	locstridDownloadPausedDisplayString
d45e98a8	ParticleFXs
d45ed203	selInputResourceType
d460b7df	curveAdrenalineDamageMultOverDistance
d460df30	OpRewardSettings
d4629ad7	profilerinfofilterSystemKeyProfileFilter
d462f119	uisoundGetUpHoldFinished
d46447b9	fAttackerAnchorRotStiffness
d4656db4	fProximityThresholdRunning
d46bbf16	OnExitEffects
d46ce2e1	PossibleProfiles
d471c5ce	Elevate
d47239f6	fAngleMin
d476f01b	VehicleUnderwater_Persistent
d47f142b	SUV
d480e145	boatparamsBoatParams
d4830e16	sndPingBackWaveStartSound
d48d3344	DefaultDataOwnerSpawnSettings
d48d8752	iReputationMaxStrikes
d49ca57d	fMinThrottleForTraffic
d49da0ca	bRevealAttendanceDescription
d49e5d83	fMaxDistanceForScale
d4a57d05	selDistantLightType
d4a66dbf	TrafficDroneMaxInfos
d4a68844	fMovingAwayFactor
d4b3a630	bDrop
d4b5db07	bNextPatternTriggersOnAllDestroyed
d4b82e14	fPostPhoneCommunicationDelay
d4ba3cd8	sndDeflateTyre_4
d4c23792	PeopleDie
d4c5181b	bDisableTimeScaling
d4c7d6c4	fDebugMalwareDigitalHeatCost
d4c842da	fVehiclePartBulletDamageRangeMax
d4ceaffd	fileCameraAnimation
d4cef7ce	fMinSpeedToUpdateValues
d4cfe356	fSpecularPower
d4d2353b	archPlayerArchetype
d4d2debd	bHudElementVisibleWhenCollapsed
d4d72f04	fOverrideCheckLKPTimer
d4d7b731	AvatarHackingFromVehicle
d4d850d2	fScatteringCoef
d4d98173	curveMaxSpawnedOnFootUnitsInUntargetedSearch
d4e39621	archBeamArchetype
d4e50b8c	mapicondescObjectiveStart
d4e6bbe7	fTriggerHealthPercentage
d4e9872e	error4
d4ea1302	locstridArenaCompletedLocId
d4eda4b1	iMaxActiveRareHackingRewards
d4f0df3d	DedSecPositive
d4f29c89	fMouseInteractionsOriginY
d4f38f28	fPlatinumCoinTimeBonus
d4f67403	bHideGuns
d4fa9c72	ComputeDamage
d500b57f	BlumeAgentDenunciationDetectionFireUiBlobTexture
d504711a	fNightSkyIntensity
d5064236	mapicondescSleep
d50ce9f3	sndWheelSlideStopSound_1
d50eae93	Shoes
d50f41c6	DeliveryParkingSpotSettings
d51a74db	SpotlightPlayerOwnedDisconnectedParams
d5211437	fSniperLagJogCooldownTime
d5213970	fDistanceFromIntersection
d523950e	WorldStaticReflection
d52627b4	selLoadingTileId
d5271d12	fReverseAngleBackToFronMult
d527cae3	fObjectiveHighlightAreaYMax
d529f963	bPlayerMustInteractWithTargetToCompletePlaceholder
d52c9fd0	RoadBumps
d52dbb6b	fStartTime
d539b18a	fGateUnblockingDelay
d53bd896	fileReticuleSingleShotVehicleFriendly
d540cdb9	raidactivitysettingsRaidActivitySettings
d5476809	InitialTeamSpeak
d547b7df	fCollDamageFromOurSpeedPerMs
d547ec7e	TimeoutCalculationRules
d54a54f0	uisoundPlayPauseMenuSound
d54c6dbe	curveGaugeTargetSpeedvsTimeModifierCurve
d54dbd00	selPlayer
d5541824	IsUnlocked
d55aa701	selUnlockedBodyPart
d561eaad	sndHackingChopperSoundId
d565247b	selSceneTemplate
d5692b14	BoneJoints
d56c1f99	PlayerDialogActor
d56f4ac4	Weights
d5847a2e	bIsAHoldUp
d5870e8d	RobotFakeAlarm
d5887222	MeleeDamageRule
d58d2d89	tagcategoryInteractionTagCategory
d58f2dff	bTeleportToRoadNetwork
d591afd7	fSpawnNewsDroneCooldown
d59671a3	fHumanVsAiMassScale
d59e2d65	ExplosionStim
d5a2caa6	fMinDistanceBetweenPatrolPoints
d5acd925	uiGameplayHistoryMaxSize
d5b11af9	RaidBossConfigSelector
d5b507d0	vectorBallStartPosition
d5be35fa	uExteriorMoodsCount
d5bf85ee	fShutdownMoveToHeightSpeed
d5c0a010	BulletByBurstMin
d5c0f9bf	DebugMeleeList
d5c6a7c3	LandingParticlesSystem
d5c85846	locstridIssueRendition
d5ca9051	MenuSelections
d5cd433f	sndStateStartSound
d5d05eb6	sndRemoveYTalkerStateEvent
d5d1d087	KilledPolice
d5d636c1	Trigger
d5d768c3	fWantedLevel2
d5d9ddad	fSoftShadowMinKernelSizeForSun
d5e595fb	RewardProgressionSettings
d5e90065	selVsmMode
d5e90b71	HealthCalculationConfig
d5ebdefe	plasmalightrigLightRig
d5ebf66f	fSwitchTargetDuration
d5ee32e0	iSpotlightBoneIndex
d5f2de0b	sndOnPingedSound
d5f3d8fc	robotconfigRobotConfig
d5f69c7a	sndCardShowSFX
d5f9ce80	bUseAI
d5fbc92a	fActivationMaxPlayerSpeed
d5fdc5be	loadoutparamspresetLoadoutParamsPreset
d5fe7974	iNumberOfNonSpecificTargetNeutralizationNeeded
d5ff522a	curveSpeedMultipler
d60351a3	itemsGenericHoneypotHackItemID
d6039f7c	selMotionSicknessType
d608296c	bHasChanceForEqualAgeRange
d6084362	vec2ShootingSequenceLength
d61042aa	fDrunkEffectsBlurFactorMax
d6161426	fCloudTransitionTime
d616e439	fExtinctionForHighAlpha
d61f8df4	colorLineEndColor
d624de81	uimenupageMainMenuPage
d62632db	VehicleNormalMultiRight
d631ae28	bIsBuddyDelivery
d6393d04	fMinGaugeRatio
d63d7e8f	selMindSet
d641478c	ClimbDown_To_JumpOver
d64b1a65	TargetSceneID
d64c53a8	fEventTargetedByPlayerSecondBetweenOccurences
d64cc700	fSunLensFlareFadeStartAngle
d6569391	animalconfigGangDogDefault
d65a2556	fDelayBeforeDisplay
d6615de0	Adapter
d661931c	TagCategoryFilters
d66af23b	uimenupageCalibrationMenuPage
d670ba1e	vec3PackageMarkerOffset
d6754d87	fMaxDroneDistanceSq
d67677b9	HVCProximity
d678d624	ReinforcementForceCombat
d67c4054	bActivateAreaShape
d67f5c32	fMaximumPitchAcceleration
d68022e8	npcidentityDefaultIdentity
d6827f76	bEnableCameraPosFrontBonus
d6841c02	AreEnabled
d68b8ee2	uMaxPatrolPoints
d68c211b	CivilianEntityMapIconConfig
d691f9f1	sndtpHackingRobotRepulsorSoundType
d695dd85	vector2Scale
d69b1355	tagcategoryselectionblackboardActivity
d69c08ac	CameraRecoil
d69eb18b	fMinDistanceToShoot
d6a4c7ec	locstridPassive
d6a9a375	SpeedRandomNoise
d6aa5703	bSendCollisionEvent
d6af664c	CensusHackCooldown
d6b28a79	bForceFinishOnRelease
d6b57491	vectorFollowLagMax
d6bb031c	TimerOverrideSettings
d6bb195c	fLadderClimbUpDistMax
d6bd063a	Tile
d6bddd36	DecreaseWantedLevel
d6bdeffe	fLeverageKickoffDelay_Fallback
d6c6502e	bStayOrthogonalToRoad
d6e12947	fSpeedLimitNormal
d6e68af9	locstridwarningTimeHasRunOut
d6e9f9dc	selEventType
d6ec8459	fSecuritySystemObject
d6edef53	locstridRewardNameRandomEventFoundItem
d6ef2f50	OperativeTeam
d6f91ab8	fInEnvironement
d6f968b4	shopcomponentsettingsClothingShop
d6fa80ef	fRicochetImpactForceLoss
d6fc2afb	fChanceForEqualName
d6ffc37a	sTriggerBHVParamPreFlee
d7036200	HighEnd
d704b8aa	bSkipCollisionsWithMobsterNPCs
d7058eea	sndUnMute2DMusicEvent
d70707fb	NextPatternTriggerConditions
d707cec9	RCSpiderWarJump
d7084d7c	fMaxDistanceToHide
d70c533b	curveTopDensity
d70ece9f	ProgressionBooster
d70f345f	Crosswalks
d70f7434	fMinBarOffsetWhenDrunk
d70fa7fe	selInitProjectileType
d7167676	bBarkValidateLKPIgnoreInVehicle
d71b1858	bFollowPitch
d72d362e	locstridPersonalCamera
d732d13d	bTrafficStopAtIntersection
d732edeb	fileGreetingMoveReputation
d7337250	nethackingconfigPlayerNeutral
d73717bc	fMaxYawAngularSpeed
d7392ee2	itemvarietyItemVariety
d73a05b6	sndEndEvent
d7442e1a	bEdgeSlideActivated
d74a8b8d	vectorLightOriginOffset
d74c58c9	fShockWaveSpeed
d74c9ed8	dynamiclightprefabSettings
d750861d	locstridTargetDesc
d7520775	interfaceHudTwoLayer
d7536a6f	NumberRequired
d758b18a	selSpeakerArchetype
d7652792	AvatarInTrain
d7668434	bGenerateCollisionStim
d767ec51	vehiclebhvsetupVehicleFleeBhvSetup
d767f1b8	entProfilingPath
d76b56ad	bBoolValue
d76f3261	bAreHumanTargets
d771e62b	sndHackingLockBrackesSoundId
d7771270	PeekAtMaxDelayInterval
d7771303	bUseLocationEscapeArea
d777cf0f	fIntensityMatchCostFactor
d77bcedf	fMinimumVelocity
d785e6db	bAllowPlayer
d788d0e2	fMaxEmissionDistance
d78ea4f8	fDefaultRespawnTime
d78fcf9f	selMaxDifficulty
d794c4b4	fCoverSnapInMaxCoverNormalAngleDiff
d7957618	Overtake
d7a85752	selRpmAccelerationDecelerationType
d7abfb90	PresetMapping
d7adcf09	locstridDecreaseWantedLevel
d7afa001	sndP_8
d7b300a5	fUTurnTargetMaxDist
d7b3723d	RCTakedownAvailable
d7b484a6	fSteerPoolIncreaseRate
d7b7d669	isRaidsUnlockeByProgression
d7ba778c	fBeingTakenDownPropagationStartDelay
d7be0352	bUseGaugeDetection
d7bfd0a5	locstridUnavailableAssociate_NoTitle_NoLocation
d7c0744c	locstridShopEquip
d7d008d9	VehicleGroupLane
d7d1a114	AlertSoftBehaviors
d7d46631	fCollisionShakeAttenuation
d7d82299	selLumenUnit
d7d8b76b	vec2AvoidBox
d7da4cdd	LargeCloseObjectBroken
d7dcb991	fNewsDroneSeenDistance
d7dee59b	vec2FovSpeedShiftMin
d7e19235	fNormalSpeed
d7e2a71f	tickertapecurveColorG
d7e30e36	JumpOver_To_SlideOver
d7e3128f	Brake
d7e616e8	bOpSwapFroceScheduledSpawn
d7e6d0c2	bOnce
d7e891a2	fFleeDisplacement
d7edb1ec	fRearAxleGripModifierForUTurn
d7ef2f17	Sex
d7efe152	fSpeedForMaxTurnRateMoving
d7f003dd	fThreatSetMinLevel
d7f9e545	vec2Cover2Agent
d8009882	fFelonyPlayerCamProximityVertical
d8022d00	matDetectorConeFriendlyMaterial
d8066696	DSICurrency
d8081222	Rubberband
d808f77b	sLeftBumper
d80d5762	sndBallGroundCollisionSound
d8139254	fDelayedStimsTimeBudget
d8155915	bSpawnWhenInVehicle
d816472f	bDisableAccessCodeRewardEntity
d8198434	vec2ScaleMinMax
d81ce0c0	accessidCarOnDemandAccessIdUnlockAppPDA
d8245a05	AlertHardDeadBodyBark
d824b759	fCoverExitBackMinimumInputForce
d8266791	fAnimatedCameraBlendInTime
d82e1533	SurpriseFunny
d82fb334	fVehicleSpawningRadiusToFindNearestLane
d8322a02	fDistanceToResume
d834dd5c	uisoundPremiumShopHoldStartedSound
d837092e	LocationBlackboardDescriptor
d838f879	SlotName
d8393532	uicolorpalettesettingsAllyInstigatorBackgroundColor
d83b454e	sTargetHudMaterialName
d8411d02	bOverridesOperationRange
d841f63a	fDistractorDuration
d84688eb	fileLargeCheckpointTexture
d8472648	PlasmaMADResources
d8482333	DeathInCarSettings
d8498a72	psExplosionParticlesArm
d84a6b3a	sndDefaultSearchStartedSound
d84b3a3b	fMotorMediumSpeed
d84fa367	VehicleDescriptor
d8518a7a	fActiveHackingFailureWindowBaseSize
d851ca95	sndWheelSlideSound_3
d8552c07	fBloomBloomLuminanceOffsetStart
d858d22f	fEffectMaxLifeTime
d85d0a55	archIntersectionArchetype
d85ddc48	EcoSystem_FemaleFixer1
d861c52e	fSteadyPushingMediumIncPercMultiplier
d866cc31	AvatarCoverAimingRightLow
d871e5c6	RuleConfig
d874fc7c	bGlobalLightsIntensity0Override
d8752e3f	FeedbackModule
d87a6ba9	EcoSystem_Aiden
d87c39f1	fCover2FriendsHideCutoff
d87cd939	graphickitmodeltypeGraphicKitModelType
d87d0b09	uizonesettingsMPEscapeZoneSettings
d8812d16	fileLUT
d88221a7	degangRotation
d8848265	curveExtinction
d884cece	sDetail
d887f5d3	Actors
d88894ec	bActivateAddOpponents
d88d4d92	fMinPlayTime
d88e424e	IncidentSettings
d88e7fec	fDiscoveringDelayMax
d891f800	CLOSettings
d8982772	fNormalExcentricity2
d89877b9	fDofNearPlanePercentage
d8996cad	fPingRange
d89a4f3c	vectorMaxAngleProjectileDropPosition
d89b30ea	fBorderFalloffDist
d89d8c0d	RingGlowLightSearchParams
d89da444	fMassHackNPCRadius
d89ef4a4	fRandomizeButtonHoldDuration
d89f3983	psUnawareParticles
d8a04152	fInvisbilityScore
d8a060a9	bActivateProjectile
d8a6432b	bResetPhotoCameraModeOnReopen
d8a8819a	conversationsettingConversation
d8af0244	hidLuminousUnit
d8b12644	fSeenCooldownMin
d8b67058	curveWheelLockSwerve
d8c4da42	bCanHaveAutoHackBullet
d8c9dbf1	bDontCountRoundInUI
d8d1015b	droneconfigChaseKingMaker
d8d3463b	selTag
d8d3d4f4	fStaticMaxRotSpeed
d8d5a5ea	fMatchmakingPhase1ModeSpecificTextDuration
d8de1f5c	fPatrolBullhornDistance
d8e5f44e	selFailedOnDamageState
d8f728df	InstantDownRule
d906774e	fCoverExitMinimumInputForce
d9071014	bDisableWeapons
d90cfb5a	bIsSeatedCombatAllowed
d9137401	bNextPatternTriggersAfterDelay
d917a117	bCanShowIntroCinematicUI
d917ed4c	streetartgraffiticonfigGraffiti
d9185ffd	bBarkOrderFlankUseConeOfVision
d918668a	StageSlots
d91a6641	bCanDriverShootFromWindow
d91a737a	curveSpeedOverDistance
d91be29b	fRoamingDuration
d9272dee	fMaxFOVCorrection
d92de83e	AgentCompositionEntry
d93139b7	sndDetachSound
d935fad9	graphickitpartPart
d937e964	SoundSettings
d93b751e	CurrentWeaponLevel
d93ca11d	Collision
d941280c	OperativeRetirementMemories
d941f477	entDestination
d943373e	bUseIdleActivityOutsideInteractionRange
d947efa6	HipsPitchLeanMultiplier
d94d4ded	fReactionHandicapActivationMinSpeedKmh
d94f51d2	PrimaryTargetThreat
d952d8c0	itemlistsProgressionReward
d955b1fa	bPaintedGIColorOverride
d95a761c	iMaxAlertSoftStimuliCount
d95c1595	uisoundPDAExtractSound
d9622695	fMouseInteractionAreaWidth
d963de9d	locstridLootingRewardContext
d968c3fe	Gadgets
d96bb8c9	SpeedRatioScaling
d96e7713	fileExitMoveStateId
d96f1196	fVehicleSpawningMaxDistOnRoad
d96f8012	locstridDefaultBarkMaleName
d9705f46	vectorLineStartOffset
d970c49c	CarTakeDownBollard
d9722729	DeliveryLandOnDock
d972dfc9	fCounterSteerSpeed
d976321d	bLoopMainSequence
d976c811	TagDialogActorPair
d976f747	fPreloadLength
d97c4215	fPuddleExtraNormalMapSize
d97d1fb7	nDelivery
d97d62ab	fParticlesLightIntensityMultiplier
d97d6a71	ShopChannelMaterials
d9861f63	vehiclemillikenMilliken
d986ab64	psPlayerJoinedParticles
d991d00e	nMaxTargetsCount
d993d52b	WheelieControls
d99736e7	PlayerControlledRCThreat
d99df3a3	selSwitchType
d99df81e	fLightsFadeOutDuration
d99ecac8	fileThumbnailPath
d9a06dd6	matScreenRebootPart2Material
d9a08b12	fAbandonTimeMin
d9af160e	sndvarProgressionRTPC
d9b21481	fElapsedTimeSinceLastTransitionLong
d9b826ad	NavLightsOffParams
d9bc1991	Audio
d9becaca	fFakeEarthShadowHeightSmooth
d9c785d4	bPerceiveIfCouldSee
d9c84191	fileDefaultCircularZoneTexture
d9cdfbf8	Felony
d9da7cdc	mapicondescEntityIcon
d9dbf626	BranchPreconditions
d9dd93d2	Anticipation
d9df5fe2	sFailedReasonDebug
d9e0b115	bForceNoRelations
d9e291fa	fDefaultDelayMax
d9e5a960	AlertNearbyGuards_CivilianCallout
d9e78c35	curveEnginePowerCurve
d9ee3457	uicolorpalettesettingsAlly
d9f43acc	TreeTrunk
d9fa2a69	fFollowDistanceCheckDelay
d9fd7491	mapicondescCarDealership
d9fdc3d5	PingRadar
da03e8f0	fFoamIntensity
da0b6bd3	fSeenCostFactor
da0fe838	ProximitySettings
da100389	locstridEventName
da12996a	fMinAttractDistance
da161566	fDelay
da17978d	Particules
da18a9c4	iNeededCountOfTransferData
da1b7d8f	RandomFx
da23db12	bStaticReflectionGINightInfluenceOverride
da2a72fc	fAutoNavTargetAngle
da2c9545	fStayInSameAreaTimeSec
da2df67d	LeverageCompleteBuddy
da376a64	fMaxKmhPenaltyByTurns
da377200	fileAliveBehavior
da3ab745	bIsIndoor
da3ef87d	bUseCloVariations
da3fa954	fEngineTorqueScale
da40cb62	tagcategoryselectionAlbionCaptainTag
da43d2a1	sndSFXMachineGunGoIn
da49ca17	selInstigatorType
da4a9256	fDelayBeforePhoneCall
da4dabab	tagcategoryGameplayTagCategory
da4e909f	iNumberOfOperatives
da5140de	degangRollAccel
da554856	Left
da59391c	uisoundPopupSelectionSound
da60d377	fLookAtFadeAngle
da676f38	CarAlarm
da6dab77	fStep2WeightPercentAtBelowLevelDiff
da7186b8	fStatusIconDisplayTime
da7196ea	fRepulsorStimRadius
da77b548	vtwpVehiculeType
da7e0089	plasmacriteriaCriteria
da800e3f	sndNpcEngineThrottleLoop
da835db5	AttractorSettings
da83c25f	fAttackerAnchorPosStiffness
da8e5d9f	sMassHackIngredientRumbleId
da9176da	sndBossScreenUpdate
da918ace	chaselevelparametersCustomChaseParamsLevel2
daa18b02	ChanceToDie
daa416e5	AimedByGun
daa61bf9	curveSpeedRatioCurve
daac1b79	Unspawning
daae1dc1	SubtitleSelectionSettings
dab0e62d	sndvarGunMovementSpeedRTPC
dabd9044	NotoriousHackingTarget
dac76e70	locstridUnlockedAccessCodeNetworkMessage
dac8e84e	TargetRCDroneIntuitionHeight
dacb0a41	DrunkEffectConfig
dacd34dd	WeaponAngles
dad0ea95	fPackageMaxDamageLvl1
dad7a550	ShopParamsEar
dadd4d06	fGaugeTimeToReachTopAlert
daddb838	locstridDownload
dadf34c9	droneconfigNanoDefault
dadf8182	locstridShortLocId
dadfc44a	graphickitcollectionCollection
dae4faa9	fFocusBeamOpacity
dae524f7	bDisplayDescription
daebfb68	fWindowOfOpportunity
daf072d3	bAllowStateFlee
daf15c23	plasmabucketDefaultBucket
daf2961d	fMinimumActivationAirTime
daf35d7a	IconModifiers
daf6b4b7	uiBatteryCost
dafbe9eb	fSniperLagCoverCooldownTime
dafd43db	fSameSubjectCooldown
dafe3b3a	fDelayForNextAction
dafe4489	fBounceTangentialRestitution
daffcecc	fAlphaScaleBias
db05b7e5	AvatarDarkFiber
db089d8f	bWeaponInHands
db0b4943	fPitchTurnRate
db0bebcc	fWalkInteractionMinDist
db15d536	locstridTeamEscapePursuersWarningLocId
db19a756	fMovingPushingHighDecPercMultiplier
db1bdd2e	texturedbobjectThumbnailIcon
db1c90e4	sndswvlDefaultShoe
db1d4d92	vectorAvailabilityIconOffset
db208789	fMinCallDuration
db242752	texturedbobjectEmojiTexturePath
db266258	fBlendOutTime
db2a9cc3	bForceAssociateStatus
db307f1c	sndHackingLockRightWheelSoundId
db32842a	OcclusionInfo
db36a3dd	bNone
db3a3df0	vehiclebhvsetupVehicleWanderBhvSetup
db3a5399	fIdealTimeGap
db3e7d32	bDeactivateAtStart
db43b68c	fPlayerCandidateControllingRCWeight
db4a7ffb	SpawningSystemTagCategories
db4d1ddc	ProfilerEntries
db54a555	bConsiderArrest
db6dceca	bShowIfInView
db6f14c2	GenericDirtyGround
db7109d1	bUseContactNormalInsteadOfChassisUpVec
db71963f	fOnPackageOwnerLOSHysteresis
db80f424	iFollowPYRef
db815a47	NPCHackedTraitor
db81b03a	fIntroCinematicTimeUITriggerEnter
db84f68a	fDrunkStateLow
db898fc7	LanguageSettings
db8c231d	bEnableKeyLocation
db945346	OasisStateNames
db97f1c1	fMultiplier_PC
db9dd522	sndvarGearNumberRtpc
db9e8b06	bFlashing
db9eb827	fileReticleLauncherRedAR
dba1d6e1	MaxNbEntitiesInFluidSimHeavyPhysicLoad
dbaa3438	locstridWDCreditsGainedTitle
dbaf4c24	archMask
dbb08a45	sndRoomFailSound
dbb35421	uimenupageRaceCentralMenuPage
dbb3b4ca	bIsManagedByPgt
dbb85d5c	bUseRadial
dbbb00a0	Animations
dbbb6211	cloanimalcreationsettingsAnimalAnimationCreationSettings
dbc8348d	fMicrodroneHintDelay
dbc9db94	StanceName
dbe00538	locstridRelationMarkerText
dbe054e1	fWeakpointsHotIronntensityMin
dbe1156f	RCExplosiveSpiderJump
dbe2b54b	fProjectileLandedDistance
dbea7cc6	selShopkeeperReactionIndex
dbefdd85	Adult
dbf24105	GenericSoft
dbfed262	fShakeStrength
dc0d31f2	fRemoteControlObject_Medium
dc0f6c2f	vector2BackFrontRange
dc135c64	selNumberOfRows
dc1449b7	degangShadowOuterAngle
dc19ba1d	DefaultNodes
dc1e1ac4	QuirkType
dc1e85a5	sndtpWeaponStartSoundType
dc255bd6	OnPurchasedBarkId
dc26c9b9	SearchPatterns
dc2758e3	fLookForwardTimeMin
dc2f5a0f	fLockBrakesHackMaxSpeedToGoBackward
dc3012e0	vector2Tiling
dc38256c	locstridPDASelect
dc41cdbc	MeleeBePushed
dc44f95d	fSwitchPageObjectScalingSpeed
dc4e27ca	fHeatLevel2IncreasePercentage
dc5215a8	sndvarRPMSoundRtpc
dc551858	DefaultLamp
dc5643ee	Percentage
dc5a86da	fSlowEscapeTimer
dc5ab42b	WalkStateAnimationList
dc5ca5ae	fEthnicityMiddleEasternExposureOffset
dc63f2f8	fEmotionMatchCostFactor
dc656bd2	fDodgeBoxSizeY
dc6b74e2	fSuspensionSmallSpeed
dc6c0059	iTricksCount
dc6c7e57	fMaxShoreDryness
dc6f759c	locstridFailMissionAbandonnedSPLocId
dc70faa8	uiColorGradingMoodInteriorIndex
dc726d99	BehaviorCategory
dc73bb44	fPuddleStartDryingDuration
dc74468b	fConnectingDelayMax
dc74984c	fLongSlipScaleStart
dc7599d4	fCamShakeIntensity
dc79149f	sndtpWeakpointStartSoundType
dc7a9ce8	DronePickableInteresting
dc7f6b51	uisoundDisplayLineSFX
dc8138d0	uiMaxFogIntervalDays
dc891806	fSteerPidI
dc8a0c18	bIsHidingInVehicle
dc8aa919	colorHackLineColorGreen
dc8e0592	IsFleeing
dc8e7b27	FlatlinedOp
dc9a6d61	fMaxTimeToRefresh
dc9baba9	curveMalfunctionCurve
dc9ef9be	DelayParams
dc9f0831	uiHeight
dca30d78	fDroneChargeScore
dca61f73	fActivationProbability
dcaa74fe	TagSounds
dcb3aedf	bDefaultMapOnly
dcb67730	Value
dcb837a1	VehiculeBumperLookback
dcb923ed	uimenupageSettingsControlShemeMenuPage
dcbae9e3	BodyPart
dcbcb6f1	fRubberbandSpeedMin
dcbe4003	MalwareDefinitions
dcbf405c	fileDirtTexture
dcc22ede	locstridSecurityCameraStateHostile
dcc35857	hidTargetEntityId
dcc84c20	fCarrierRadius
dccf2c6e	fCoverFrontExitAngleCornerTurn
dcea7ce9	MiddleAge
dcf50eb4	OneLevelDecreaseDelays
dcf949f5	uiCausticTextureArraySize
dcfea2c4	locstridOpStartCelebrationTitle
dd09f1d8	Rubberbanding
dd0a765c	iCameraPriority
dd0ca255	RewardsForSydney
dd0cedfd	AdirondakChair
dd0ef655	tagcategoryselectionFormerClanKelleyTag
dd1007e9	PoweredSound
dd138b7d	sndFailSound
dd13bda0	fMinYawDegrees
dd161b09	DynamicLightAngleOffset
dd17622c	bPlayHardMissionTeamspeack
dd1784fe	vec2Cover2Friend
dd191876	sB
dd1a5455	fFilmGrainVignetingRelation
dd1ad17c	fDistanceFromCoinToStopTrail
dd26abb0	SwitchAllegianceDurationTurret
dd26e78e	vec2IdealSlopeUpAngles
dd297bc0	bShouldShuffleTeleport
dd2d35dc	CameraAngleSettings
dd322be1	SpecificWeaponsDamageOverrides
dd36e4d4	fTakingFireEventTimeWindow
dd3795ad	Menu
dd381c45	fV2MaxAngleAdd
dd38e377	MotionRelatedParams
dd3fa5d0	uimenupageARMultiplayerPage
dd428da1	fWobbleOffsetMagnitude
dd49e71f	sShopTextureName
dd4b0684	fInHand
dd4d8356	fDetectionHard
dd4e9d9b	VehicleParameters
dd510595	MixerContexts
dd5398c6	fImpulseFactor
dd54c941	hidTrackWidthFrontTest
dd5bf261	bPlayAnimSitEntry
dd61314f	GenericProperties
dd679a12	fIndoorIndoorTransitionTime
dd684ee2	BulletImpactLethal
dd690777	fBarkFindYouAdditionalRandomDelay
dd6cc9d9	selInteractionReaction
dd77e7d9	EnableFOVDownDetection
dd7a689c	fTendrilMask01VScrolling
dd7d6ca7	fDriftAngleTarget180
dd7e4397	OutroVideoProperties
dd7e9275	drvstylecfgFelonyLvl2
dd828cfb	DroneTargetStress
dd869977	fHighPriorityBarkMaxDistance
dd8f9c5d	FixedAILevelRule
dd92a0c0	curveProbeSkyDirectMultiplier
dd92bc9d	ScreenAiWorkingScreenGlowParams
dd931ef8	ShopBroadcastPrograms
dd9966da	curveTargetUserForce
dd9b3080	selDoubleBranchResponse
dda78729	fSearchPhaseDuration_3Players_1vs2
ddaded7f	CameraShakeParameters
ddaeedc7	matActiveMaterial
ddafdeee	fCameraMinZoomDistance
ddb0770d	colorUntrackedOpColor
ddb3cda2	ObjectiveTexts
ddb6e7b4	bPhotoShouldIncludePlayers
ddb82157	OnlineActivity
ddba1d9d	entTarget
ddbf8baf	bNoFeedbackForce
ddc3c282	MaxEmittersPerFrame
ddc78003	sPlayerMeleeRumbleId
ddcca5d5	TopLightAbilityReadyParams
ddd1f4f7	BlockDamage
ddd4abbf	Tiles
dddac35e	sPlayerNoGunBarkId
dddc2cdb	Wait
dddda4ee	uiMaxCarStrategyPredicAhead
ddee7ee6	uizonesettingsAIAgentForbiddenFreeRoamZoneSettings
ddf6abff	fProjectileLaunchedStimRadius
ddf78c28	BarksFoundYou
ddfc5615	bUseStoryIcon
de01bd2b	fAnimationHideThreshold
de091185	powergatheringsettingsPowerGatheringSettings
de09bea3	sDebugAnnotationText
de0b7ea2	sndDetectionStartSound
de0ef29c	RCDroneRiot
de106e1c	BulletResistFactor
de109371	vehicleinfoVehicleSpawnInfo
de113ca0	sLayerNameToLoad
de130b8d	uiMaxCarStrategyPredictBack
de1a8adf	Driving
de1b5c38	fLowBeamClosingTime
de1e194d	AIDetectionLowDetectionFireUiBlobTexture
de20969b	sndStartSound
de2d52f9	ObjectiveFreeOverrideSettings
de2e5a77	fLocalPlayerObject
de333209	OverHeatMaterial
de366eb8	fileThumbnail
de41574a	fOriginInspectionRotationSpeedModifier
de41fccd	fMatchmakingPhase2ScanningTextDuration
de427053	bReactToTrafficLight
de427493	sndvarPingWaveDistanceRTPC
de428060	fEliteUnitSpawnPercentage
de489338	fSmallElectronicsMultiplier
de499561	KilledCivilianByCar
de4f802b	fOnFootDetectionZoneRadius
de56cc68	fRainOffset
de59633c	Set
de5bb23c	bShowDuringDroneControlling
de5e90c1	bUseSqrtVelocityForCompressionDamping
de65a49b	strikingeventStrikingEvent
de67411a	sCustomBark
de694aed	ConfigEntries
de6b0387	bIsLegacy
de6b2b19	fLightHDRIntensity
de734e5d	droneconfigCtDefault
de77155a	itemlistWeaponSelectorList
de79296f	curveAccumulationMultiplierCurve
de7acbc8	dronefollowstatesettingsDroneFollowStateSettings
de8311df	fMinHeightDiff
de884a76	fSpawnHeight
de88c069	curveRecoilTranslationX
de8c0ba8	DestructionStageInAir
de8ce4d6	HearTakeDown
de8e5557	mapicondescNorthSymbolMinimapBrazilianPortuguese
de8f2786	fEndDist2
de90526b	sndSkipSound
de942a9a	curveDeactivationTakedownCurve
de9a002e	sndMoneySoundOnDisplayed
dea8071c	fChassisPitchInertiaScale
deab268b	sndSwitchToFullCombatSoundEndCancel
deac6988	TraitsEncrypted
deac880f	Yoga_Table
deacc7fe	fMouseInteractionAreaHeight
deadb50a	fZeroGravitySpeed
deb228a9	fPeriod1
deb28cba	fTrafficSlipMin
deb35d43	bHasPersistence
deb66bb0	curveMaxSpeedLOSModifierCurve
debf3328	ContextualCompositionSetting
dec08a47	HeatLevel0WaveSettings
dec2fd42	Underwater
decaf672	iBulletByBurstMax
decbc1cf	selDefault
decfb4a8	fSuspNaturalFrequency
ded06183	PelvisScalingFactor
ded3213d	DenunciatorBark
ded391e7	fBlendDurationHighSpeedOut
ded5c520	LocalData
ded809b7	fHackLockLineJoltRandomOnHackMax
dede42ea	iRenderResolutionSizeX
dedefe83	fileBreakDecisionTree
dee0f9d6	WeatherSystem
deec0236	OnTakedownTrigger
deef336f	StimConfigs
def42a03	iDeepWaterMaterialID
def5a2d4	selMapContext
defbb961	fCivilianKilledInterval
defdb3a5	bEngineMustBeInWater
df061aeb	texturedbobjectDroneHijackReboot
df0d1df4	bSpecifyReloadingGunPitch
df10034d	sndLockingOnBegin
df12a2f1	locstridEndPunctuationMarks
df12ce5c	sndAdrenalineDeflateTyre_1
df17ed5d	fBulletSpreadAngle
df19127a	bBountyHunterEnabled
df1ab493	fHackLineCatchUpSpeed
df1c29a6	fPositioningValue2D
df1e0c8a	sndPropagationSound
df1e2a54	fCameraProfilingRange
df1e2e2a	RegionWindGust
df20b23d	fHackLineAvoidBackPositionFrontPushRatio
df223f48	sndBoundingWallSoundStart
df280b5f	fRewardArtworkNotificationDuration
df298a94	matDetectorConeHostileMaterial
df2a37e8	fSpecificCooldownIfEventNotSeenMin
df2a6d08	tagcategoryselectionCensusTag
df2ab5a3	bTranIn
df30d1c5	fTurbulenceMask01VScrolling
df353a5e	bAutoExposureOverride
df35b283	locstridLockedByLocationWarningMessage
df3b4b47	fSteeringToAngleScale
df3c226e	AIAgentHasHeardGunShotTimeToReachMaxModifier
df3e7a10	uicolorpalettesettingsReward
df4336ae	texturedbobjectDownload
df433d8b	selOnlineStoreTileId
df46eabe	fNotificationDuration
df4828ce	bCanShootTargetVehicle
df4ec4dd	fPlayerOutsideScanTime
df504231	curveHeightDiffUpProbabilityModifierCurve
df50b8d6	RepairSpiderTime
df57d4a6	vectorIdleGunDir
df58f99d	fExtraGetUpRollScale
df5a4102	PersonPushed
df5abdd8	texturedbobjectCar
df5d6c0e	Mask
df61703f	chasestageconfigCopStage
df64e794	OnlineStoryOps
df669dc7	LibType
df69832d	psRiftUnlockedParticles
df6f9cdf	LocationPlayerCountSelectionBlackboardDescriptor
df711a86	sndAimingBeamStopSound
df726f7f	fVignettingFeather
df752fab	fCoolDownForRegularWalkType
df79ff53	MetadataEntry
df7d71a4	CooldownGeneral
df85e59a	archetypeconfiglistBoss_Witchdoctor
df888559	fRoadBlockInitialDelay
df8d29d2	fGroundFrictionReduceMinAngle
df8d895b	bDisplayInRaids
df8df7f6	ShootingTicketAvailableThreat
df8f0264	BrickContainerID
df9449b4	DataFileItemData
df95b584	Misc
df9d3f09	locstridDisconnectMainText
df9e9890	TeamCapacity
dfa2aff1	None
dfabd901	IntroMadCinematic
dfae2d23	operativepropertyboolPropertyId
dfb15dc3	HackType
dfb2aae3	ActionMinimumDistanceFromLastLocation
dfb8600a	bAllowsMultiple
dfbb8e76	HeatDrainScale
dfbefd09	sndBreachingHackableCompletedSoundId
dfbf4ea8	fHijackMaximumSpeed
dfc0027e	DeathShieldTime
dfc0cc86	CustomEnvironmentMaps
dfc60be9	fLateralForceAngularAcc
dfc94118	fApproachZOffsetMin
dfcff582	uiClipCapacity
dfd5ea07	sndVoiceAnnouncement
dfd68046	fGearShiftDownTransAccelRotLag
dfd80f64	uiMaxSpawnedBoatNPC
dfe0c58f	fWipeDurationWipeDroneCountReached
dfe4b2c0	bKeepCurrentRefPos
dfeae50a	locstridOnline
dfedcee9	sndPersonOfInterestFoundSoundId
dff96b9f	DialogMapping
dfffc4cf	fSuspDampingRelaxation
e00566fb	vectorFxWaterSplashOffset
e005e0d8	HealthPointsPerSegment
e006b5b0	RingOfSteelActivation
e006e0c8	camerablendlistdbFixedCameraBlendOutParameters
e00a32bd	texturedbobjectDroneDisable
e00b93fd	selVmcOverrideMode
e00cfd78	RankReachedTrigger
e013e5af	fDownloadResetDuration
e0179ae8	bIsGrouped
e01e07af	fWeightsMul
e01f6a29	selLuminanceComputationMethod
e01f8594	CinematicBlackboardDescriptor
e02419d0	DisruptCommsDisorientedTime
e02a1fe8	sndtpTurnOnSoundType
e02a67ba	fLookForwardTimeMax
e02b2dad	CarjackingSettings
e02d5113	matScreenRebootPart1Material
e02d6e10	bShowObjectiveMarkerOnDataIn
e035e191	selTargetType
e03b16f2	fMoonPhase
e03d19a7	SideRam
e0402c33	HackingDroneDockNewsDroneSoundId
e0423eca	uicolorpalettesettingsDetecting
e042fa63	curvelibDamageVelVsReliFromEnvironment
e047372e	bDisableVehicleCollision
e04a8424	sndEngineReverseStop
e04c3521	fStiffnessRatio
e04f9730	sndUZulu
e0518567	DelayDuration
e05329b7	fSteerAngleHighSpeed
e05e7910	colorFxColor
e062e2b5	ProgressionCategories
e062e944	fileOutroGiveItemMove
e0634d00	archetypeconfiglistGrunt
e06ab149	Variation
e06b6b52	Fight
e06dd714	locstridwarningRoomSuccessHeader
e07610f7	curveSteerTime
e07979d2	fConnectingDelayMin
e07b42a8	PlayerControlledScreenGlowParams
e07b84f7	itemsWeapon
e08676a4	bIgnorePlayer
e089edf5	fParkingExtraDistance
e090455e	vectorHoleSize
e0918997	fBanterCooldown
e092387b	sLoopSequence
e096d36b	mapicondescEntityToUseToUnlockUnlockIcon
e097a5ff	vehiclefloatingphyscomponentparamsWheeledPhysComponentDefaultDatabase
e0997fe0	curveAllowedAngleCurve
e09d13c5	PlayerSpawnEntity
e0a04d1e	sndSFXWipeAttackGoIn
e0a566a9	selVehicleAlly
e0a5afb0	SeeIntruder
e0aa9a49	NewsReminderBark
e0b189a8	fRubberbandSpeedMax
e0b4b7ca	Protector
e0b79144	BarChannelMaterials
e0b87050	vehiclemcextrasMotorCycleExtras
e0bc63ce	fConvergeSpeed
e0c6416a	locstridRewardCryptoConsumedTitle
e0c6c66c	TempCameraOrientation
e0cade0d	IdealSpeedRange
e0d02b3d	ModifierType
e0d1302a	curvelibDamageFalloff
e0dbca28	fLaserSightNoiseRangeY
e0df1d9b	CanAutoTagCaptainsOnSpawn
e0df5e6a	fCamDistance
e0e2705f	locstridHudElement_PC
e0e344a6	bUseAdvancedSettings
e0e6255d	ObjectiveEscortOverrideSettings
e0e87e64	IntroVideoProperties
e0e91105	vec2AbruptBrakesPlayTimeMinMax
e0eba065	ExtraFightsVector
e0ef66da	fRestTimeAfterDisplay
e0f1ff12	locstridWarningMessageLocId
e0f7f6c0	sIconLinkageName
e0f9dce2	fMaxApparentDistance
e0fde98a	fRotationReferencePitchOffset
e102beaa	selDroneFlag
e1032ed7	OuterZone
e106af9b	AvailableAssociate_NoLocation_AllDay
e10dcee7	Slot4
e10e860b	bEmergentCollabEnabled
e1129336	CollectParticles
e115cd21	fPmsValue
e11d3248	vec2ThreatZoneBrakeDistances
e1206939	DestroyCooldownTime
e122362b	locstridVrAlarmResetScreenHeaderText
e124a056	gradAmbientSkyColor
e124e866	Layers
e12cb087	GaugeModifier
e12d1aa7	vec2CollisionReactionAngleDistances
e1311f41	selReferencePointType
e1313e9f	fHoldFrontPositionTime
e138a9f5	fCoverSnapInDistance
e147c304	fFadeoutTime
e14949da	selPriorityIfPlayerSubject
e1509afe	OutOfControl
e153119e	psPreExplosionFx
e1541cd6	DefaultMergeLogicStrategiesConfig
e16116fd	sndtpNitroStopOptionalSoundType
e16360e5	fMoonShadowIntensity
e16fd090	selTweenType
e16fddcc	fWalkerMaxSpeed
e170c339	selDifferentialType
e178bde6	sndtpLockBoxUnlockingSoundType
e17dde3e	curveRotCurve
e17e7da0	sndtpBroadcastStartSoundType
e1826ee0	animalnavigationparametersNavigationParameters
e1887f01	missionsoftquitmanagerparametersMissionSoftQuitManagerDefaultData
e189807f	sndtpBallPlayerCollisionSoundType
e1958157	InvasionOfPrivacy
e198d8b4	fPlayerDistanceToZoomGps
e19964be	bDeliverSpecificVehicles
e199f2a1	archRCJumperArchetype
e19b02e9	fMoonCloudIntensity
e1a24cdb	bIsChopperShooterCombatAllowed
e1aa0dbc	ScoutXTargets
e1aae399	Timers
e1ae26cb	DroneGameplayData
e1b0257e	GrenadeInEnvironment
e1b3ec4f	DisplayName
e1b83a46	bIsCloseUpCamera
e1b8d51e	bCanRCsProgressPhysicalDownloads
e1bbbe8d	bIsBumperMode
e1c0863f	matimpHitImpactFx
e1c345b1	bBlockedByCliffsActivated
e1c8d4ec	DroneSpawnInfoOnFoot
e1c9c9ed	fTriggerAIFleeRadius
e1cb17a0	ClampedPhaseImpulses
e1d4a7d0	curveAerialPerscpectiveFogScattering
e1d784b4	PoliceStrobeFriendlyParams
e1db86b9	VehicleClassic
e1df4869	MidZoomInHintTexture
e1dffa4d	fDensity
e1e27698	Dare1BotnetFollowers
e1e8a6f1	fFrontWheeliePitchHelperMaxAngle
e1e8c6a5	GroundMaterialName
e1ed26f9	fCivilianMaxDistanceFromDrone
e1ee7cd9	tagcategoryRestTagCategory
e1ef8303	DGScene
e1f399b0	locstridChopper
e1f53be8	sndtpIntensifySoundType
e1f581aa	sSequence
e1f62c35	FruitMachineHead
e1f6ff90	Traitor
e1f8001e	bForceCombatOnAllPlayers
e1f9c0b9	bGlobalLightsIntensity3Override
e205c40c	bOverrideQuitSettings
e206707e	sHangParticleBoneName
e206fbb0	fDownshiftRPMFactor
e206fd28	fMaxPenetration
e207ae30	sndswvlMajorDamageSoundSwitchValue
e207b3a7	fWindGustMaxWindSpeed
e2091cdf	Dock
e20b3881	curveSunSpriteScale
e20c9918	bAmbientSkyIntensityOverride
e20d7c69	tagcategoryOPSwapLevelTagCategory
e21c019e	vec2FishEyeTesselationFactor
e222de5e	sndExplosionSound
e226f1ed	ClosedCaptionSettings
e228db68	disPointName
e22a1a56	bGaugeIsEnabledInValidateLKP
e22b3ff7	fMaxDownSpeed
e22b6f37	curveSwitchAllegianceRangeThreat
e22e6365	sNetHackStartRumbleId
e2365d2f	fDeflationImpulseSpeed
e2373140	PuzzleCompletedSound
e23a1347	fSteerAngleAtMinSpeed
e23bc8db	matMaterialResource
e24034a1	AmbientGlowSlots
e2407567	Common
e2410422	fMinDelay
e2458a59	Entries
e2474051	locstridSubText
e24ea2d1	bNoPlayerSpawn
e250d831	uisoundHoldInteractionSound
e25125ed	curveBottomDensity
e2518bf2	RestrainedCallout
e253e5bc	bFullResponse
e254842a	bPGTCompliant
e26d39e6	fWaitDuration
e27031f6	sndtpHackingDistractSoundType
e275b9c9	fVerticalLinCompo
e2787554	fDistanceToStop
e279f901	BossCarcassArchetypeData
e27a2b35	locstridPhotoLimitReachedLocId
e27b78a9	bDisableDefenseZone
e284549b	sndWobbleSound
e2886969	sndEquipClothing
e28f19a7	sndRiftDestroyedSound
e290b2de	fScoreCutoffCost
e291e41e	curveRandPenetrationAngleCurve
e29aef3a	fileCollisionShakeAnimationVert
e2a12d8a	entInteractionRedLightEntity
e2a435a4	bUseObjectDirectionForParticles
e2a4632c	degangRainFalloffAngle
e2a55c92	selSmoothingTypeLookAt
e2a7e61d	DroneIncidentGlobalSettings
e2b1eeef	fRestartSequenceDisplayDelay
e2b2f1df	vectorSteamEjectionPushBoxSize
e2bad80a	sndBulletWizz
e2bb6801	bPlayReversed
e2be7ad2	curveIntensity
e2bee06b	fStopMinSpeed
e2bfb3e3	fTrafficSlipMax
e2c7c92b	iBulletByBurstMin
e2c9ab42	locstridPDAQuit
e2cb2e57	HitByGrenade
e2d01366	PimpMyEKartProgressionTags
e2d4ed6d	fShowFinalPaintTimerLength
e2d536ee	fHackLockLineJoltRandomOnHackMin
e2dd433d	tagcategoryBehaviorTagCategory
e2df7b56	colorMultiplyColor
e2e02c70	Chaser
e2e12b5e	fFaceThreatTime
e2e16ad0	fNormal
e2e40b75	LocationID
e2e4eddb	fCoverOuterTurnTargetCoverThreshold
e2f19628	sndClutchOut
e2f77a14	fReloadSpeedRule
e3052792	sndMapLegendOpenSound
e3136682	sndtpCooldownOverSoundType
e3143b9a	bScissorLift
e316a445	selOverrideJoint
e31f37b9	fSailBoatSidewaysCounterForce
e321a276	WeaponCategory
e32213c4	locstridUploadDisplayString
e323c281	fLightRadius
e325b8de	texturedbobjectMalware3
e326a26d	bAllowInterruptionOnProximity
e32703e5	fMeanderSideMaxDistance
e32708b1	fSpecificCooldownIfEventNotSeenMax
e3291b89	CandidateOperatives
e32a5936	bDeactivateWithBrake
e32f0885	sDesiredClientCount
e33044ba	Cloth
e331b3d9	nethackingconfigShutdownObject
e3340264	TagSpec
e334d7f5	fBrakeDelayBeforeEffectStarts
e3384b16	locstridEventFailedTruckUnavailableLocId
e338b5b5	AvatarAimingLowMobilityFemale
e349cec0	sndDrivingStartAimingSound
e34ee550	sRewardIconOnlineHacking
e34ee8e9	fReactionIfOpportunityProbability
e350b8f1	progressionmodexportvariablesMultiplier
e352de89	SearchPatternCollection
e353b9ec	fbulletImpactDelay
e3546c82	Laugh
e3551124	vectorLightDirection
e355d833	fHumanVsParkedMassScale
e358adfb	fMultiplierForMaxDenunciatorGunShotInPanic
e359c85a	iHowManyStunsMustTheOpponentsDoLocal
e35e0424	reinforcementgameplaydescriptorSequence1
e35e1850	uimenupageMainSwitchHomePage
e360c879	availabilityrulegroupOnlineActivitiesAvailabilityRule
e360d891	fFollowFrontNoflyZone
e362903e	fExplosiveNearbyStimTriggerRange
e36447f1	fGetUpSpeed
e3727b2d	Child
e37aa64d	SeeRCToyCar
e381541a	sndHangingVelocitySound
e385cdbc	fCollisionExtraRadius
e386099d	iMapPriority
e3897df6	fInsideRadius
e38b5102	Step
e3923adf	sndRimSound_3
e39766a0	graphickitparttypePartType
e397c9e5	fFadeOutDuration
e398b053	mapicondescArmedByPlayerIcon
e3996691	bProbeSkyBounceMultiplierOverride
e39b97b6	shopparamspresetWardrobeShopParamsPreset
e3a51f75	fVisbilityScore
e3a7c2df	fileReticleSingleShotVehicleNormalAR
e3a987f2	fGunMovementStartSoundSpeed
e3b6162e	fSteerSpeedFullPotential
e3bcf530	AnnotationScan
e3bd2659	iPivotXYRef
e3be89dd	fSearchPhaseDuration_3Players_FFA
e3bf4385	fSunIlluminance
e3bfb484	curveChaseReactionTimeCurve
e3c41f18	fLowPriorityBarkCooldown
e3c47e41	fApproachZOffsetMax
e3c68bae	vectorInertiaScale
e3c9144d	bAllowReactionToHitByProjectile
e3cd18f3	HealthThresholdLinks
e3cd7f45	selRepelType
e3d09faa	fScaleWhenHitByHuman
e3d2c247	AlertNearbyGuardsCivilianCallout
e3d41d89	mapicondescObjectiveFlashBack
e3d69f5a	uiAlarmAddHeatAmount
e3d7ad23	matSkidmarkMaterial
e3d99ec4	sndStealSound
e3dc2a77	incidentlistIncidentIgnoreList
e3dce3ce	fPersistenceDuration
e3dd21e0	maneuverparamsdbManeuverParamsDb
e3e63ae9	vectorDisplaceFactorOther
e3e767d3	uisoundSmartphoneSelectSound
e3e85072	FullZoomInHintTexture
e3ed1561	bConveniance
e3f076cb	colorFadeColor
e3f18481	sndtpSteeringLoopEndSoundType
e3f459a6	OperativeStateInfos
e3fa4b48	locstridVideoFile
e3facacf	sndvarCommunicationNotificationsVolumeRTPC
e4076520	fSecondLateralCoverAngleTest
e4145d68	chasestageconfigAFIStage
e4171459	fDifferentModifierValueProbability
e41bb971	sProjectName
e41c2383	poseblendshapessetPoseBlendShapesSet
e425085f	locstridXIngredientStateOFF
e4278969	bShowInEditorIfSelected
e42a979b	fFrontWheeliePitchHelperAcc
e42f276f	fOverHeatToNormalDuration
e42f9468	DedSecObjectiveUpdate
e4304eb2	fFocusOutlineIntensity
e4318926	TimeCurve
e4341b0f	fForceDenunciatorSearchRadius
e436e500	CrimeOnGoing
e43a1a86	fTotalInjuriesMedium
e43c6296	fRateOfFireVehicleMultiplier
e43d7a95	clrAlbedo
e442f813	bIsCrosswalk
e443fcc8	fTrollingWarningTime
e449e04a	vector4PuddleColor
e456a11a	EnticerRatio
e457b011	sndSFXStartReload
e4593774	videosVideoSource
e45e4009	fPlayDefaultBarkMinDelay
e461d1b3	fSidewalkOffsetBegin
e4656b28	fChargeMinRange
e467200c	colorGradingColor
e4699f0a	PerceptionThreat
e46ca0f7	ApplyStatusEffectSpecific
e472462f	vec2Cover2AllyCutoff
e476a382	fActiveHackingSuccessWindowBaseSize
e476bf6e	fMaxDistWithHacker
e4822d56	CurrentGen
e48248ee	fCenterMassZOffset
e482cc44	fMediaObserveDistance
e48340b5	fDiscoveringDelayMin
e48593ce	gpctxspecCinematicGameplayContext
e485d8f2	fMinVisibilityPercentage
e48d6251	fShootingRange
e491c798	progressiontraitcategoryUniqueTraitId
e49598c6	CameraShake
e496d0d2	fWidth
e497b833	animalconfigSmallDogDefault
e49a9bb2	RaidLobbySettings
e4a949d3	vehicleentityconfigConfig
e4a9f0f5	ActionCoolDown
e4b261c7	AudioSettings
e4b42066	StateStunned_ShortDuration
e4b5910b	CollisionOutsideReaction
e4baa0c8	fDeactivationDistanceForArrest
e4bb8fe2	fMinVehicleSpeed
e4bbe67d	fReductionDuration
e4bc191d	fSeenCooldownMax
e4bd11d6	fDeployDuration
e4bf06de	DeadBody
e4c1c928	fileBandLimitedNoise
e4c2fe57	sWobbleParticleBoneName
e4c64b92	tagcategoryOccupationTagCategory
e4c6b2da	OutroAnimationData
e4c8c438	graphickittagspecNormal
e4cb7105	locstridCounterSubObjectiveLocId
e4cbb8a6	bSendAttractStimOnDownloadStart
e4cc9bf5	TimingInformation
e4cdb78b	locstridZoomLocId
e4d5b34f	mapicondescNorthSymbolMinimapJapanese
e4ddfe2a	CarTireDeflate
e4e1e1d1	sndtpHackingProfileSoundType
e4e44c0c	fFirewallObject
e4ee4065	navigationconfigNavigationConfig
e4f263b7	fRicochetMaxRandomAngle
e4f58863	opslistOpConfig
e4f61d7b	StatusLightStandbyParams
e4f715ac	tagcategoryselectionAdultTag
e4f785cf	SearchBehaviors
e4fa5726	List
e4fe1a49	TriggerSettings
e5019e28	Unaware
e501bfd8	tagcategoryselectionblackboardPreferedLocationsFor2Players
e504f93d	ScreenGlowSwitchAllegianceParams
e507a942	Broken
e50be545	sndtpEnterRangeType
e51940b4	RelativeTo
e51968df	NoveltyFactSystemKey
e5214a7a	curveFVFlowInFactor
e5259244	fVehicleVsDynamicDamageMinSpeedChange
e5296c1d	bIsLessThanLethal
e535c0e7	RiotDroneIsUnlocked
e53c9a94	vectorPosition
e53ec04f	selStanceOnStart
e53f1e6b	texturedbobjectIngredientTriggerExplosive
e53fea60	bBrake
e54056a8	psAttractVFX
e54bd97a	bCanPropagateToPositiveRelations
e54cf302	uizonesettingsPlayerOutsideMissionZoneSettings
e556e5ca	fThrottleBrakeFactorSafe
e55a7201	vec2AbruptBrakesPauseTimeMinMax
e55b2841	locstridError1
e55dc959	fDotAngleBetweenCars
e55e3eba	fAnimatedCameraPreBlendPosOutTime
e55f9194	fRateOfFire
e5610606	uicolorpalettesettingsBarkFontColor
e571fb3e	selWantedMask
e57669b4	fileRainStreakTexture
e57680da	SoundCategoryLimiter
e57e520c	locstridSenderLocId
e57f01b1	AimingBeamOriginBoneName
e57fde55	psMuzzleFlashFx
e58dd901	sndWheelRimSlideSound_2
e5918e0a	bActivateCinematics
e59b9b45	GenericBhvMisc
e5a1bba0	fOverheatRecoveryDelay
e5a95157	DeflatedTyreParams
e5a96590	fCountdownTime
e5adb44b	fAbandonTimeMax
e5afe0b5	uimenupageRaceDetailsMenuPagePC
e5b05fd4	uitagdescriptoridTagType
e5b74964	Couch
e5b9c9a5	fDistFromEventToSwicthMode
e5b9eee8	locstridAlbum
e5bf08d3	progressiontagRobotVirusProgressionTag
e5c016a2	vec2IdealSlopeDownAngles
e5c05a9b	fMuzzleLongitudinalOffset
e5c45e25	selRewardType
e5cb026f	sndNetHackWaveSound
e5cb3db5	bQuitPatrol
e5cf420c	fAbruptBrakeSmootherLag
e5d731db	sndvarMicroPitchSoundVar
e5d98d1b	sDown
e5df92f6	iTalkRequestOffsetFrames
e5e1118e	fStartDist2
e5e3d985	sndUnmuteSoundEvents
e5e4f8d7	Distance
e5e8af1b	bUseHandBrakeCurve
e5e993ae	robotnavigationparametersNavigationParameters
e5efaea3	fDefaultDelayMin
e5f038f3	TargetIsRCToyCarTimeToReachMaxModifier
e5f3733f	fDisplayDuration
e5f8841a	selRepeatMode
e600b39a	MadCinematic
e60114fb	OutrageousAction
e601813f	fRangeFromTargetToValidatePlaceholder
e606bdef	fHealthRatioToEnter
e60968b3	selScope
e60c4804	sndEnterRange
e60e843a	sndtpHackingIngredientShutdownExpiringSoundType
e60ed395	NotMovingFactor
e61323e3	OrbisPadLocalization
e6159c9c	fMaximumPlayerCameraCurvePowerAddition
e616ab6a	bFlatOutBaseVerticalValue
e61b3214	ForbiddenActorTags
e61f3e3d	archDataOwnerItemArchetype
e621ddef	vectorBoneDirOriginOffset
e622f578	tagcategoryselectionPrivateMilitaryAlbionTag
e627d3cc	MeleeActions
e62989db	EcoSystem_MaleFixer1
e62c7c85	bAmbient
e62e9e45	fCover2AIModifierWeight
e63137de	fBaseEnginePowerModifier
e631e5b2	fOriginInspectionNearTolerance
e63432b1	NetSurfing
e63561fc	fRareCoolDown
e639cf4a	bUseGenderBasedSounds
e642df71	fMoveToDropPointNearTolerance
e650a871	npcdoorspawningprofilesSpawnProfile
e6559748	SpotlightPlayerOwnedParams
e656ec46	locstridShopSellAllTitle
e658182a	fLightPollutionIlluminance
e658a439	DynamicFilter
e65ace31	SoundLimit
e65e91dd	Pitch
e66001fd	vectorNormalVectorValue
e6600afe	Slot0
e6608ab1	fSwitchToFullCombatTimeout
e668aa82	ClothPermeable
e66d6bd1	GamestartStunGetUpDisabled
e670e0d2	fCameraDefaultTransitionFactor
e67533a9	bRestrictToCivilians
e676cd69	fStayInSameAreaRadius
e68450cc	fBoxSize
e6846910	fEarthRadius
e687a1ca	HeathEffects
e688a40b	clrMoonShadowColor
e6908efb	uiAppRowsCount
e69707a1	SurviveGrenadeChargeUpTier1
e69744b4	fVolumetricFogClouds
e697cf54	DronePickableFallImpact
e6984d37	bDisableEffectsOnExplosion
e6988c62	vec2GrenadeRollRange
e69c7b25	RuleNode
e69f462c	OutOfRange
e6a00c78	bUseExtendableShape
e6a5a86f	DecryptFelonyLevel
e6a76702	ShopParamsOutfit
e6a77393	sndvarAcceleratorSoundRTPCVariable
e6a930ec	fLaneSwitchIntersectionDist
e6aa7a17	MANDATORY_DEFAULT_TEXTURES
e6abbf99	sndHackGeneric
e6ac9823	selProductionState
e6ad687e	iNrOfOperativesToHeal
e6b49f3b	locstridRemoteControlUp
e6b80bac	Vehicles
e6baf507	selCrimeRole
e6bb3648	locstridMalware3
e6c253b8	fCollisionCounterDecayTime
e6c486ac	fUpshiftRPM
e6c4c8cf	mapicondescRoadBlockMapIcon
e6c62b1b	bUseJumpOverGaps
e6c94fd0	VentBones
e6cc00fd	CooldownPhoneHacks
e6cc9488	TerrainMediumPorosity
e6ce4fac	bTranslation
e6d0dbd1	HasQuirk
e6d1854c	fleebehaviordescriptorFleeConfig
e6d24f8c	TextureAnimation
e6d40aaf	SpotlightOffParams
e6d5bc12	fHijackZoneMaxOffset
e6d72d12	conversationinteractionRecruitmentConversation
e6dc0649	uizonesettingsKeyLocationDefaultZoneSettings
e6dcc653	fMinHeightDiffForAboveBelowFeedback
e6e357ee	tagcategoryselectionBronzeOpSwapTag
e6e7d961	CallInModules
e6ea03f2	Rule
e6eb82b2	sFrameLabel
e6ee7c75	selSmartphoneLinesTileId
e6efc469	OasisTextMessages
e6f521f7	GoBackToCLO
e6f86c69	bUseLastRoundTimer
e70f5151	vec2TrafficLightBlinkingHalfPeriodMinMax
e71c70c8	bBarkValidateLKPIgnoreBlind
e7210815	archetypeconfiglistRaid_10
e72199ca	fDamageTakenHard
e72bb8ab	fRollingResistanceScale
e72c4174	fTooLowUpProbabilityModifier
e72d4df5	selFleeInteractiveMode
e72e4dfe	fMinWeaponPitch
e7396f5d	bInvertedSteering
e73e3b16	vectorProfilerScoringQuadCenterOffset
e73e8e5b	fMergeSecToGameSecRatio
e73eb69d	AISpawningType
e73fc5d9	fStaticColVelocityMaxRangeValue
e74693f6	fDofFarPlanePercentage
e74c4f17	fileShopBackgroundImageFileName
e74ccb7a	nMaxHornSounds
e7503603	locstridMissionStartLocId
e752a858	locstridAvailableAssociate_HasTitle_NoLocation
e7575742	tagTag
e75c3c76	Racers
e75f3910	fChance
e766a59a	fEscapeRadius
e7682beb	iNumberOfHitsForStreakBark
e769862c	fRespawnNearMinDistanceFromTarget
e7704648	curveChaseEfficiencyCurve
e7734b65	bColorRemapGreenOverride
e780b945	fProgressBarSpeed
e78183f3	fMaxImpactReactionTIme
e7855061	fSteerStopAngle
e78589e3	bKillLayerAnimations
e7864869	fDistanceWeight
e787c495	psDamageZone
e789809c	bIsOriented
e78aae85	fileReticleLauncherFriendlyAR
e79d8df0	archBossCarcassArchetype
e7b5ef9d	uVarietyPriority
e7b906e3	bHidePickableInFpv
e7c21ad5	psWipeParticles
e7c5711d	OperativeIdleAnimationInMenu
e7c5c59c	bAllowFastTravel
e7c9fd90	fMaxDroneDistanceScore
e7cfaabc	fEnemyVehicleHackCostMultiplier
e7d15db7	fLifetimeBase
e7d216d4	bUseEngineCurves
e7d2d66b	iMaxNumberOfSpawnedEffectsOnPath
e7d47fa6	bUseGates
e7d75d4c	fNormalExcentricityVariance
e7e1d121	fSlaveParticleEmissionRatio
e7e1d756	iOnlineChallengeReadyTime2
e7e526d0	DeactivationTakedownParams
e7ed94c2	RestartIntroCinematic
e7ed9d20	ClippingInfos
e7ef55b2	fLowHighSlipAngleDiff
e7fa0e71	locstridInquireFactLocId
e7fc0d37	fHealthRatioToExit
e8044682	fCameraZoomRatioFullZoomOut
e804f5b9	DataCardCyclingGenerator
e805f69f	RoomsData
e80749d7	History
e807ecc5	fDefaultAvoidanceElevation
e80815fd	uizonesettingsMPHintZoneSettings
e808ea5e	BlendShapesSet
e809aca6	fStartingCoinPickupDistanceVehicle
e80bdd4a	uiMaxCarStrategyNearTarget
e80cb103	TimerName
e80cb763	sndJammerSignalExitRadiusSound
e80cc42a	AvatarAimingGenericMale
e80df301	uiNbDeliveryDrone
e8120858	fStartAngleDiffMaxForChaining
e814f045	fExitAngleMoveBonus
e81941d2	TargetInRunningVehicleTimeToReachMaxModifier
e81a9492	bBike
e81e3cd1	fImmediateRechargeRequiredDamageRatio
e8223a80	BeingTakenDownBehaviors
e82341c8	fSidewalkExtraDistance
e825d71f	bCanOvertake
e82a4552	bLoopSpawnAnim
e82bbf4d	iTrickHitScoreBase
e82e2388	fDroneMaxDistanceFromPlayer
e82f08ba	locstridCashPile
e8349458	sndtpLaunchSoundType
e8381c6d	iTrickCombos
e838c395	SuppressIntrigueMessaging
e839ae2d	locstridPositive
e83b4249	iPriority
e83b8391	fLineOfSightFailingDuration
e83bfe10	bAllowMove
e83c062c	bCanHaveAttendancesAddedByLivingCity
e83c9a92	locstridTipDuringNetHackLocId
e83d59f7	bParallaxProperties
e83fe2d7	locstridLowercaseAMLocId
e848ebc7	colorReputationNeutralColor
e84a3d13	fInputDampUp
e851eaec	bInWater
e8527f53	fReinforcementStartDelay
e8541355	selProjectileType
e85475b8	selCoverAimingStraightLeft
e854d5fe	fDetectionInsane
e8579c4e	QuitPMS
e858bf9d	bCanHijack
e863ab0c	SocialClassRestrictions
e8645068	itemlistsOnCompleteCollectablesReward
e864602f	selCameraPitchTweenType
e8648b82	locstridNoAssociate_HasDistrict
e8663b60	fCrouchingFactor
e866ca8e	fileReticleSingleShotBlocked
e86c037d	LastNearMissDecay
e870326f	fGripIncRatioBySec
e8715c33	fCombatCoolDownDuration
e8739005	sndtpStopType
e8752396	MaterialRange
e878a263	InteriorExterior
e878c3ea	emotionDeadEmotion
e8797c5d	fFocusDuration
e87bec57	fViscousDampingCoefficient
e87f06af	fAngleMax
e88162dd	uRoomIndex
e8881b3e	selEscapeTimerMultiplier
e889641c	iArenaIndex
e88b2b20	incidentlistIncidentList
e88b7b22	fileReticleSingleShotVehicleRedAR
e88f71e0	psExplosionRangeParticleFx
e8919c01	SeagullBank
e891f7da	ScannedByDroneActive
e895e5ce	fCoverExitBackDelay
e89c8752	selResolutionModifierForOwner
e89ca9d2	locstridRevokeRendition
e8a40b42	bLoopAttractAnim
e8a690dc	AvatarAimingLeftStreetMale
e8a9d2b4	entYachtSpawnLocationTag
e8afd915	OnlineNormalisedPlayerLevel
e8b2e63e	selFamily
e8b30bc5	fCastShadowMaxDistance
e8b3240d	TagInfo
e8b69df1	texturedbobjectIngredientTriggerVRPuzzleLoader
e8be56fb	bEnableLowerSidewalkForAnchorCrosswalk
e8bffb32	censusattendancedefinitionAttendance
e8c07000	fHoldUpDistanceBeforeGoingToPanic
e8c0a040	AutoUpressOperativeDesc
e8c15d92	fTopFogWetness
e8c57d83	fVehiclePartBulletDamageRangeMin
e8c75d2a	fLeftLeg
e8c9fb32	ChanceForOperativeToAvoidDeath
e8d44268	PlayerStatsModules
e8d870a3	basicwavefelonyconfigBasicWaveFelonyConfig
e8dbbf86	Patterns
e8de24f7	bIgnoreIncidentEmitter
e8df435a	BottomText
e8e32bfd	sndChangeAndleEnd
e8e45fbc	TagConflictGroups
e8e629c9	locstridLevelName
e8e6a01b	fAlertHardBarkSearchTargetStartDelay
e8ed7236	HackLockLineSettings
e8f9adb0	AffiliationFlags
e8fa2f70	uicolorpalettesettingsColorRCAggressive
e8fbe368	tagcategoryselectionAuthoritiesTag
e901dd20	fSteerSnap
e90a5464	selExtraCreationType
e90adca7	bAddAngleRestriction
e91546e8	fLadder4mEnterHeightHighSpeed
e915ada6	LocationDefinitions
e915b143	mapicondescCivilianIcon
e91ec21c	fDuskSyncSecToGameSecRatio
e9268ffb	locstridContactAffinityIncreased
e926c3de	ChaseTypeConfig
e92af5ba	fObjectiveHighlightAreaYMin
e92bbea9	AlternativeAttendances
e92e15c6	drvstylecfgFelonySlow
e92e5210	entPathIndicatorLightEntity
e932ea88	fBrakingThreshold
e9348765	fGaugeTimeToReachBottomSeePlayerAimingModifier
e935a497	ContextualID
e938da39	sndHackingActivateFlatbedPlatformSoundId
e93f6753	sndStartNPCSoundID
e9422888	bDieOnCollision
e943436b	locstridMissionSuccessLocId
e94ec0b6	sndConfirmNegativeSound
e94fdd72	bArmoredCar
e954aaab	Ready
e95614e8	fMaxDroneCount
e95dcf77	CheckpointRange
e95f7875	bContact
e963b951	fileRainFlowTexture
e97020a1	sndtpExplosionSoundTriggerType
e9737da2	sndShopDescribeSound
e973cb4c	TropeTypeSetting
e9745ef0	NarrativeBlock
e97614b8	sndChangeValueEnd
e97a0930	psCriticalSmoke
e97e57bd	fKamikazeExplosionTriggerDistanceMax
e97ff829	EventSubType
e98eb7f3	mapicondescDroneDeliveryPackage
e991b219	robotconfigDefault
e991e650	NewDedSecMission
e991e99e	bDayTime_Running
e9956354	bareknucklearenaArenaConfig
e995f5fb	locstridTextToDisplay3
e996581e	DisplacementParams
e99777ad	Connectivity
e997fa01	SpawnWeights
e9982eb8	ParentId
e9983839	bSport
e998781b	interfaceDebugLayer
e99bce70	matimpObjectSplash
e9a63703	sSlotToUseOnRemovingOverridingMaterial
e9a71259	SlotTags
e9aa014e	OneShotAttractSoundsAndTypes
e9aa8574	RCDroneCt
e9b12783	bForceUsingRotation
e9b57ee4	mapicondescCameraMapIconDescription
e9b67818	DeathRespawnConfig
e9b7b6cb	BlockRatio
e9baf140	PresetStrategy
e9bc3f8e	LoadingScreenSequenceList
e9bc8628	fNpcOffsetY
e9bcbd81	fIntroTriggerDistance
e9bd22df	RailVehicleGlobal
e9c4175d	mapicondescBlumeAgentDenunciationDetectionIcon
e9c56345	locstridIsReinforcement_Criminals
e9c73c78	uTimeToSwitchCraterState
e9cc2c79	fPanicLevel
e9cd6c73	SceneIndexBridge
e9cd9f49	BulletByBurstMax
e9cfd232	SubObjectScale
e9cfe129	conversationinteractionConversationSettings
e9d17def	ConversationSettings
e9d2cc63	selMeleeIntensity
e9d7306a	VeryHighIntensity
e9d776cb	ScoreCriteria
e9d8d972	ModifiersInfo
e9dc32d6	OnFreeroamTargetLocated
e9e10626	selFirewallObject
e9e3de95	locstridPoliceSearch
e9e8d27c	uisoundOnEnterSearchBadge
e9eb2378	fCharacterBoostEVRange
e9eeb158	RCToyCarProximity
e9fb9fa8	Initializer
e9fbdb41	iMaxBaseDevicePower
e9fc25bb	fVehicleHealthPercentageToStartFastDrive
e9fd5ac4	CoopMission
ea033667	sScript
ea09b178	locstridConnectionResetLocId
ea0e44c5	sUiMovieClipName
ea0f6c51	sPackageStolenCallID
ea10f8ac	fDeathCamOrientationLag
ea11390b	sndPerkUnlockedSound
ea11d786	SameOperativeInSilverOpSwapCooldownMinutes
ea129a7f	Districts
ea13b1a4	OppressedBoroughData
ea1eff03	EmoticonToUnicodeMapping
ea20804c	bAllowDead
ea21cc1d	sndCheckpointActivationSound
ea241d53	progressioncollectablecategoryTubeCollectibleStringId
ea24f2bf	DrinkingGameDefault
ea28e3c0	DynamicAvoidancePriority
ea29cf6c	bExposureValueOverride
ea2c1c96	clrDisplayColor
ea2d875f	fExplosionDamageScale
ea2f6e2d	fChanceForEqualReligion
ea33f95d	fMinRadiusRatioFromEventPos
ea38ac02	fGunShotlDeadRagdolImpulse
ea3a8196	AlarmWithSearchTriggeredSound
ea3eea33	NormalizedAILevelRule
ea4121e0	fileBeforeInteractionActivityMove_BranchOut
ea41a7af	FilteredFullZoomInIconTexture
ea459e89	sndCooldownStartSound
ea472568	fOppressedMaximumDelayBetweenAnnouncements
ea4910df	locstridTranslation
ea495d0f	fKd
ea4e83e3	TrajectoryPositionSettings
ea50b2b5	bFalloff
ea525d5d	ChanceForPositiveAffinityInDefiantBorough
ea5346eb	InfiniteSearch
ea5653b2	ScannerConfigSelector
ea5fc300	locstridRCJumperDockSpawn
ea600719	selSpeedLimit
ea603c34	publiceventopsPublicEventOpDbObject
ea6503ae	InRange
ea65ba75	locstridCompletionTrackerTextTemplate
ea74eca8	bSpawnCaps
ea757740	ExoSuitLock
ea78d31c	bDisable
ea795f49	sndPDAInSound
ea7b0d20	psArcFx
ea7ca3b9	sndtpShowRobberyRecordSoundType
ea7e71eb	iNbTicketDockSpawnOnShutdown
ea8c1aea	psBuffParticles
ea8c4d2a	DurationOfOpSwapAssignmentMinutes
ea8c73ff	fDriveAwayTargetRatio
ea992f8e	uizonesettingsKeyLocationTrackedOpZoneSettings
eaa2cfde	fTargetSearchRange
eaa55737	HealthRegenerationSpeed
eaab4c44	sShotBeamMaterialName
eaacfe62	fB
eab2810f	fHighRandomEntitiesToAdd
eab29528	bNeedToFollowAnotherChain
eab75500	bSpecifyStateEntityOfInterest
eab84bc8	vectorFollowLagMin
eab89625	FakeCrashSettings
eab91133	Perks
eabd8e0d	fOrbitYawIncrement
eac23a36	ParticleFX
eac53e17	bTestIntuitionInVehicleCombat
eac64c38	locstridTutorialUseNetHackMessageWhenInCarLocId
eac74b65	fVisionImpairedOverlayAlpha
eac7c534	TauntStartTrigger
eac8bc9c	fMinimumMass
eaca5888	locstridLocateObjectiveText
eacccca8	uiSurnameOverride
eacff998	fGripMaxDecayRate
ead11c98	fBoostCoefByPlayer
ead2028d	fileFadeOutSequencePath
ead3afb1	BarkStageTransistion
ead5bada	reinforcementconfigReinforcement
eada60a9	ItemsOfInterest
eadf6a20	fMediumObjectLimit
eae0b274	Entry
eae502a4	fRudderAngleScale
eae8babf	coverselectionparametersCoversJammingReservedCover
eae8f28e	fOversteerMinRearFrontLatSlipRatio
eaea5ae7	Clothing
eaf0cdb2	fDenunciatorMax
eaf11610	Threats
eaf6a59b	Young
eafa92e5	iGodRaysIndex
eb005e9f	ForbiddenZonesList
eb00ae7c	uiMaxAllowableHeat
eb011bd1	vectorSaturationInner
eb0527f4	fCallFelonyIconDuration
eb0648d1	curveAccuracyLostPerSpeedCrouchedCurve
eb0659e9	locstridAlternateNotificationMessage
eb07b504	locstridFailLocIdPlayerStun
eb0a0fd8	BossesSettings
eb0a23d0	fileDriveCamera
eb0c463e	locstridAssignedToForbiddenZone
eb0ce441	fMinSpeedInKmhForJumpLaunchSound
eb0e5b2f	PersonWarned
eb15f193	fOnPurchasedBarkDelay
eb17824a	bFirstShotAccurate
eb18ca6f	bOptionalMission
eb1c01a3	SequenceDurationItem
eb1ff073	fSpectatorCamDistanceForLongTransition
eb27cb34	fAlertSoftHackAttractIdleTimeout
eb299d99	sndLocalPlayerGotIn
eb2e0754	fStayActivatedTimeBuffer
eb3177f2	opgenhumandefinitionHumanDefinition
eb31fc0c	CensusFilter
eb3467de	reinforcementgameplaydescriptorHuman
eb35f1ab	bEnableGlobalIlluminationOverride
eb37fce6	vectorProfilerScoringQuadCenterOffsetVehicle
eb3d9169	fileCollisionShakeAnimationHoriz
eb4056dd	DevicePowerLockValue
eb410089	fAntiPitchCoefficient
eb4b8137	texturedbobjectDataDriveTextTexture
eb4d353b	fHoldUpInteruptionStimDelay
eb4d6251	fMoonIlluminance
eb557483	fSwitchToOrbitDistance
eb56f7d1	fCallFelonyProgressBarDuration
eb5bfd51	LensFocusLag
eb5c0420	selPatrolType
eb5cd5a8	colorNodeNotPoweredColor
eb634de7	AutoUnlockOpNames
eb637075	fChoseAnotherBoneTime
eb64678f	AvatarThrowCoverAimingLeft
eb64ebe8	GenericDefault
eb677341	locstridWipeScreenMainText
eb6e9670	Gunshot
eb729fa0	PedestrianExcludeTags
eb769ab7	fWeightPercentInDonut
eb76ec72	archItemArchetypeTaser
eb771066	fRainHeightNoiseSize
eb78255e	reinforcementcallsettingsDefaultCallSettings
eb78cff1	Description
eb7b015b	Racer
eb7ba912	nethackingconfigRemoteControl_WasControlled
eb7e3fde	psSpawningParticles
eb7fa407	AimedByARGun
eb7faba3	fileRoadBumpsShakeAnimation
eb89002e	fMinCameraZAngle
eb8ab9ca	nethackingconfigPlayerOutOfBody
eb8e920f	locstridFailMissionAbandonnedMPLocId
eb901891	imageName
eb915a01	fCiviliansMaxDistFromPMC
eb92916e	fSpotLightFogIntensity
eba1b099	StateLightPlayerTeammateParams
eba3da11	entPlayerClubSpawnPoint
eba806f3	bEnableFootIK
ebaeb352	disPresetEnumID
ebb1b227	sndChangeValueStart
ebb44424	SpotlightSearchParams
ebbcc4a8	fAlertIdleTimeout
ebc06fcd	ForbiddenDynamicEventList
ebc49605	fRelativeSpeedDamageIgnored
ebc6f238	PerceptionStims
ebc9881f	visual
ebcd276b	fileAfterInteractionActivityMove
ebcf8e16	fCamShakeTime
ebd1aef4	NarrativeTeamSpeak
ebd3dac2	vec2FovSpeedShiftMax
ebd4bdb7	fTakedownMaxDistanceJog
ebd501a5	fFrequentStumbleDelay
ebd5aad1	bStoryMission
ebd758b9	BarkBuffActivated
ebd86eb2	bApplicableIfActorInjured
ebd8b40e	sndtpSecondWipeDroneConnectedType
ebd9f674	fWeightPercentAtSameLevel
ebdb4baf	bIsCensusActivity
ebdd095a	fCollisionReaction
ebe538b5	selVehicleReliabilityMax
ebe71a7c	fMinOffset
ebea54ce	selSeverity
ebec045b	fPathProximityD
ebec2704	bActivateOnContact
ebecc7e6	uicolorpalettesettingsAlertEnforcer
ebef6d41	fCursorMaxThreshHold
ebf13781	BonusRewardValueGetter
ebf63716	DrunkLevelDecreaseSpeed
ebf6e692	vecPlaneLocalOffsetInterval
ebfc8716	fVelocity
ebfcfd7f	sndCloseRackSound
ebffd949	sndToggleEditMode
ec029497	sndLandSmall
ec0e6e8c	bIsAccrueProbability
ec0fbacf	fDropLifetimeVariance
ec11f982	bOnFootUltimate
ec14353b	bUseAllModifiers
ec16fb49	MenuCategories
ec174d1f	MODIFY_ENABLE_DISRUPT_ON_CLOAK
ec1bcd15	psDestroyByExplosionFx
ec2702f3	fNoPickupAfterReleaseTime
ec2b408d	fInactivePuzzleDistance
ec302652	TargetNeutralizedCriticalMessage
ec345bc5	uisoundOnExitNormalBadge
ec360b3a	fDistanceToFollowBarking
ec39385f	Greet
ec3b8f76	archArchetypeBig
ec4155d5	uNrOperativesPerMaxRunningRevengeOp
ec41cfde	sndOnReloadCurvePushedSound
ec43e394	fShowHideFadeDuration
ec48a0e8	ShopkeeperAnimations
ec49cb10	selEmitterType
ec4dfec2	mapicondescVRLockIcon
ec561a15	mapicondescPersonIntrigue
ec569def	CapturedByPolice
ec56aab0	matRingGlowFriendlyMaterial
ec58737f	uicolorpalettesettingsSmellTracking
ec5ac00f	sndMapSurvivalPopupOpenSound
ec5da22f	fBarkGroupMemberShotAnswerTimeToStart
ec62e65e	TrajectoryGraphicSettings
ec64985e	fAccuracyGainDelay
ec658d29	Visual
ec685046	texturedbobjectRobotReboot
ec6e9075	BarkIdUseFallbackAttractorBarkId
ec729f20	OtherParams
ec74647c	bAllowFelonySpawn
ec74b6fe	ObjOutcomeForDeportedAndUnspawnedActor
ec7a5f74	fNoGearShiftSlipThreshold
ec7e859f	fileShakePathId
ec81ae3a	uBlocksCountPerLargeBlock
ec847caf	fBurningFadeOutTime
ec84966e	BoneToAdjust
ec85e0da	humanconfigFemaleSniper
ec89771b	BarksSwitchSettings
ec8c359f	uiFogStartHour
ec8d378a	fOnSpotDistance
ec8ebf27	IncreaseCrimeDebt
ec913294	StairCapsulePathDistance
ec938112	InteractionTypeX
ec9562e1	fFogRegionHeightMax
eca209cd	folder
eca27c00	clrNightSkyHorizonColor
eca4d6be	unChances
ecaf4b3b	sndClutchSlipping
ecb6ee49	locstridIngredientTrigger
ecc4b258	curvePhase
ecc541af	fMaxReactionTime
ecc8c5ad	fVisibilityEpsilon
ecc96a52	AvatarCoverPeekLeft
eccc6231	fScrollingLineFalloff
eccf2087	fSpecialBroadcastInterval
ecd48469	bUseGameTimer
ecd4f39a	iTrickHitScoreIncrementer
ecd64f8a	bRainLightEnabled
ecd7b703	bStartPaused
ece2b17c	AvatarCoverPeekRightOut
ece961d1	sndProfileDeniedSound
eceadde9	fMinEfficiencyInCombatRange
eced158d	fTurnBackCheckDelay
ecef1138	charlevelLevel
ecf1e27e	tagNameOverrideTag
ecf21a8c	fRotorIdleRerollTimeMax
ecf51d30	sndtpTrickSoundType
ecf6bf2c	ForMinWindSpeed
ecf6f09b	fMinSpawnInfluence
ecfc7dcb	fCameraMaxYawInDegrees
ecfea0b9	AvatarThrowCoverAimingStraightRight
ed024efd	nID
ed0465e4	MaxFootHeightForLegModification
ed0523ea	fDelayTimeProjectiles
ed07ed3d	SteamPipeExplosion
ed1443f0	fAvoidanceSprintForce
ed19fcf9	MaxSpawnDronesDuringDay
ed1c6dc2	selGoToVehicleInteractiveMode
ed1e82f2	degangMaxReversePitchAngle
ed24e292	fileTextureColorRemap
ed274e1e	buddyaisettingsDefaultBuddyAISettings
ed27af10	driverlightpresetLightPreset
ed2fc3cd	LTLToVehicleDamageRule
ed329ca7	uicolorpalettesettingsColor
ed412811	BankAccount
ed43cb8a	bExcludeCamerasFromAllowedRcEntities
ed482b51	fWaterSpeedLimitNormal
ed4adac6	fExposureValue
ed4f0f0e	DGSceneVehicleBankAdapterCollection
ed57e45a	MaxRegenGrenadesCount
ed5a0308	fRandomConnectionEntityWidthMin
ed6179d8	HearBreakable
ed663f0d	sndvarSuspensionTensionSoundRTPC
ed682df1	fVignettingAmount
ed6892a4	sndFallbackToShutdownStopSound
ed6dfa9e	DisallowedX404MainSwitchTags
ed72b25d	droneconfigRaidGorgonDefault
ed738ffe	SurprisedByTarget
ed77201f	OperationRange
ed793597	Fishtail
ed7946f0	fDualPhaseWeight
ed7fe339	NavigationRequests
ed853948	InitialRatios
ed897ab4	CurrentlyTravellingTo
ed8c4022	sndWheelSlideNpcStop
ed915f73	progressionperkPerk
ed971982	RulesmithTriggers
ed9e9434	sndIndexChangeSound
ed9ea8d2	tagcategoryselectionUITag
eda5168b	sndSoundXPHighGainStop
eda565ad	sndDPSStageStart
edaa1f32	MajorDamageLevel
edaeccfa	HackLineSettings
edb15d1b	DriveAwaySettings
edb1862c	texturedbobjectCashPile
edb20cd8	sndSuspensionTensionSoundEnd
edb32cda	fHudChannelDurationTime
edb40764	ProgressBar
edbafc73	GearTagValues
edbf320a	bareknucklereactionReaction
edc2a40b	fWarningDistanceFromThreats
edc43985	bEasy
edc63ebd	fAiVsTrafficNormalize
edc821df	logmatRoadLogicMaterial
edcd52f3	bAllowCapabilityToReachOutOfRangeTarget
edcd8601	AvatarLeanAgainst
edcf20e3	selDispensorType
edd9ff2d	Templates
eddab8e7	GIGeneration
eddcc2a3	selRemoteControlObject_Small
eddd0aa3	Behaviours
eddd1aea	bRotateEmitter
edde08c3	bScaleEmitRate
ede08e2c	hackresponsedataItemType
ede412c5	degangRotationAccel
ede7e73a	sndDetectionStart
edee65a0	angMaxReversePitchAngle
edf19163	bE3LocationRestrictionEnable
edfea9f5	fAngleOffset
ee000bee	bEnableOperativeBarks
ee00e505	ThrottleBrake
ee047297	locstridIncreaseCrimeDebt
ee04d8b8	vehiclebhvsetupTravelByVehicleBhvSetup
ee0bfbb9	BehaviourModifiers
ee0cc19f	JumpOver_To_ClimbOver
ee0d46f5	HumanEnnemiesDefinitions
ee132644	fLeftToe
ee165145	locstridUnscheduledKnownAssociate_NoTitle_NonNormalStatus
ee181a4b	bSpawnOnlyWhenInCustomReinforcementZone
ee1824b1	SoundGuid
ee1a2690	fTopFogWetnessMaxDensity
ee1c9296	vehicledifferentialDifferential
ee205ba5	BaseColor
ee208bdd	locstridStep1Name
ee276366	fLeverageKickoffDelay_PostIntrigue
ee2a28bf	FakeGearShifting
ee30af15	fVoiceDisplayDurationAfterDialog
ee310f55	texturedbobjectNarrativeHook
ee32ba20	archRCJumperArcrtype
ee365753	IAHackingLineSettings
ee395cbb	sRevealAttendanceTimeHiddenString
ee3c4838	bOverrideSubcategory
ee3cac20	bShouldOverrideMinHeat
ee40cd61	fGravityScale
ee43a3cf	DroneTargetFactors
ee45e50d	vec2NorthDirection
ee4f1d0e	fFrontWheeliePitchHelperMaxSpeed
ee51fc17	texturedbobjectRevealMainSwitch
ee570fa2	selSimpleAnimalType
ee579b93	fApproachMoveSpeed
ee60385f	curveDamageMultOverDistance
ee603a60	AppliedTrigger
ee6338b8	fHumanVsTrafficMassScale
ee69b4ce	fDelayBetweenNotifications
ee69ce27	RegularLayout
ee6a8fdf	bValue
ee6e9c3a	uimenupageSettingsControlSchemeMenuPage
ee6f642c	fMaxDistanceOnFoot
ee7386b2	bUseFrictionModOnlyWithCounterSteerAboveTarget
ee786d32	mapicondescLocalPlayerMiniMapIconDescription
ee809d54	locstridReturnToSandboxHintLocId
ee80bd7e	fActiveHackingCriticalWindowBaseSize
ee80c1a0	locstridHealthBarImmuneText
ee82ebf2	texturedbobjectOnlineRankUpIcon
ee841791	fEyeDistanceFactor
ee872517	iHeatIncreaseCap
ee8813b2	fCollisionLagDecompress
ee8b6fc8	MeleeShockwaveStrength
ee8e0d0b	gradMoonLightColor
ee908583	ModPartId
ee9149ea	fRefreshInformationDelayMax
ee920a75	bUseAutoExplodeOnVehicleContact
ee9cc0b3	fRetrySpawningDelay
ee9df109	BarkWeakpointClosed
ee9dfeb2	fProximityTooCloseIncidentMaxDistanceXY
ee9e3d3c	gradSubsurfaceUpperLayerColor
ee9ec6a0	uiSeconds
ee9ef9c0	navigationconfigAffiliatedCivilianNavigationConfig
eea20c7e	RestrainOccurring
eea3c406	uinarrativeitemsLoreRewardId
eea48893	fMinimapOverlayAlpha
eea7718f	castedcharactersAiSpeakerPersona
eea7afa3	fHackLineWidth
eeaaf233	mapicondescNorthSymbolMinimapTraditionalChinese
eeaca8d2	fUpshiftRPMFactor
eead0704	selLeadTailMode
eeadb57e	OnBeingHacked
eeb0681c	fPushingPercStrongMultiplier
eebc4b4a	texturedbobjectBattery
eec64462	Unavailable
eec66d90	sndBallPlayerCollisionSound
eecb4273	archCameraArchetype
eecbbdf2	fCrosswalkExtraDistance
eecbe16f	bImportantResolution
eecc59b5	fMaxHealingPerSecondRatio
eecd0408	vehiclebhvsetupVehicleFleeBhvConfig
eece9e62	ProceduralShadow
eed31161	ARGunShot
eed3ddbc	texturedbobjectTBoneLeftWeapon
eeda8512	sndtpBoundingWallStopType
eedada67	sndtpBatteryStartChargingType
eedddcf4	selAreaType
eee05a49	VehicleDescriptionID
eee0d4fb	fPanicBarkCoolDown
eee8f899	sndtpSFXMachineGunGoInType
eee92005	sndtpSFXWipeAttackGoInType
eeeabc66	bIsSmuggle
eef0c1d8	sndOverchargeStopSound
eef21a21	curveProbeSkySaturation
eef2f0f0	coverselectionparametersCoversNormalHuntCover
eef4779b	uielementeffectparamsEffectParametersType
eef4a0bf	Anxiety
eef9d3d1	bCountPerfectHitsForAnimationSpeed
eefc0ef5	fNormalOnFootCircleRadius
ef025925	fSideMoveAngleMax
ef041fbb	Engine
ef0840c5	fDetectHackerIfTooNearDelay
ef0b93c5	fV2YawSpeedMaxLatSlap
ef16bc24	fTopFogWetnessMinDensity
ef1b441b	archRobotGreeterArchetypeNudle
ef1c169b	bStopIfNotRefreshed
ef23ea9c	PMCBrutality
ef246742	sndDraw
ef24a400	fIconFramingMaxOffsetX
ef29167a	bUseOnlyOnce
ef2a0761	sndtpSoundStartType
ef2eb13e	ScriptedWorldActivity
ef30cbf1	fStopSimulationRadius
ef337269	RequiredCensusFilter
ef3c09c8	selBudgetCategory
ef41ce2c	SRetargetingBoneLinking
ef46415c	ExhaustAlphaControl
ef4767ac	curveMaxSpeedReachCurve
ef495d75	CapturedStateTimeoutCalculation
ef4befd5	fGpsScaleFactor
ef4e7f22	locstridObjectiveLocId
ef515033	bIsUsed
ef53d750	InitialBark
ef584805	fKeyLocationIconMaximumHeight
ef595791	bIsOpSpecific
ef5a35a3	vector2HorizontalRange
ef5c214f	Mappings
ef5c51ad	MaterialSlot
ef67f825	colorDebugColor
ef692d30	stimsPlayingStim
ef6ff40b	fMediumCheckpointSizeThreshold
ef6ff4c3	gradColor
ef717d82	fMinimumShoreWaterSoakingLevel
ef71fde2	entcontContext
ef794b6d	fMaxLateralG
ef7f9e4f	vec2ShakeHorizStrength
ef8207a1	nMaxDynamicEventOpLocationHistorySize
ef83d00c	CustomizationItem
ef85f91c	selProceduralType
ef86b115	constructiondronesettingsConstructionDroneSettings
ef88ebf3	ScreenCarryingCargoScreenGlowParams
ef8a147c	fElapsedTimeLong
ef8c6509	fSteerPoolDecayRate
ef8fd8a2	iReloadAlertMinBullets
ef958afa	fScaleAnimationDelay
ef9d85ab	locstridLeaveForbiddenZoneObjectiveLocId
ef9e9909	Deck
efa4256f	vectorBoneRotAxis
efa90985	mapicondescMobIcon
efa98eb5	Global
efaf264a	phonecommunicationsettingsOpFailBriefing
efaf4627	sndSelfDestructSound
efaf6b8f	colorMissionTrackedMultiPlayerColor
efb589d9	fPathFollowP
efb854d5	bCustomTagCategoryEnabled
efbf0ea2	bRadiusOverride
efc64ab0	fHackLineJoltCompressPower
efcd41d4	FullscreenTutorial
efcd507b	IsStunLockedByWeapon
efd20f08	AIAccuracy
efd8b0bd	MinRaycastHeight
efdd3ca9	fEscapeAreaRadius
efddae9e	fPlayerInvisibilityDistance
efde2fb2	fSuspensionMaxDampingVelocity
efde970d	fChanceOfBeingDead
efe659d4	fWaitForNewSubStateMinDuration
efeb243c	fMinDistWithHackerToStart
efedca86	tagcategoryselectionblackboardActorTags
efee3c9d	locstridDroneDropCargo
efef1bd0	fTemperature
eff120d0	AvatarMultiRightShooting
eff1ffbf	charlevelMinLevel
eff42548	fMaxPathDistanceOut
eff42790	RingOfSteelProfilerActivation
eff6b476	selShopType
effb6c6d	RamHeadOn
efff62a0	fHeatIncreaseInterval
f003257b	curveFVScattering
f003a488	colorWaterColor
f004a00b	sndTyreDetachSound
f005c8ed	fMargin
f007a03a	bShrinkInClamp
f0086936	bCanBeUsedForScheduleGeneration
f008806c	fStrikeBackThreatProbability
f00b4603	fApproachDistanceModifier
f00eb421	droneconfigMachineGunTurretDefault
f010c187	RequiredStatuses
f012802d	fUGCMinimapThreshold2
f0169cf0	degangvecPRYRange
f01e0882	texturedbobjectStateStunned_ShortDuration
f027075b	fReturnToStandByTimeMin
f027de38	selBone
f028e691	texturedbobjectPowerupTexture
f0299925	GenericGround
f0333f6a	fUnlockDuration
f034309a	selIngredientCountTargetType
f0366111	nDebugMalwarePower
f03b9369	CaptureMeInNewsWithSpotlight
f03c8691	fMassHackNPCMinDelayPropagation
f0447d95	basicwavereinforcementconfigBasicWaveReinforcementConfig
f04c3a27	fMinAmbientBlackoutMultiplier
f04d4c91	selQuickHackSlot
f04e36f0	dronewanderstatesettingsDroneWanderStateSettings
f050b617	fForceFullBodyOnFirstTimeFactorTranquilizer
f058fafa	selOpSwaps
f0599a56	mapicondescGeneric
f05db87d	bTraffic
f060a81b	fBlindTimeOnBlackoutExplosion
f06ee8f7	ChaseVehicle
f0701c63	TriggerPartNames
f0749771	bBreakFromDeform
f076eb73	fileFadeInSequencePath
f077426d	bIncludeDeadBodyState
f07c2873	sndSound
f07ef7ad	possyselementObjectiveMarkerOpponent
f07f9495	ReinforcementOverrideSettings
f0874bf1	fLateralStiffness
f087d435	curveRotorDistributionCurve
f0899191	MyCarAccident
f08b0c04	TalkerLocateDescriptor
f08c4fa7	DynamicLongSlipCapping
f08ca812	TaxiActivity
f08e4ad9	BarkDescriptorsChangesPath
f0938972	fKp
f093efd0	DeployMovement
f097120b	ClampMode
f0a3f09d	VehicleToVehicleCollision
f0a8ab69	WeightedStrategies
f0aee5cf	dggroupbhvconfigConfig
f0b4745f	itemsEmote
f0b49773	squadbhvparamsSquadBhvParams
f0b9bffd	VehicleSelection
f0bb672b	selAOAlgorithm
f0bc57c5	SpawningContext
f0bed6ef	conversationinteractionConversationInteractionSettings
f0c0251e	itemsDayPass
f0c2f23b	matRebootPart2
f0c38458	humanconfigFemaleGruntTwoHandedWeapon
f0cb48a9	vec3ShakeXYZRange
f0d122ec	matScreenAiNoCargoMaterial
f0d36ca4	fProfileHackFullUnlockDuration
f0dbf74d	fCollisionVelocityFactor
f0dc062c	DiscoverySettings
f0dc9ea3	fRaidWaitForHostPositionTimer
f0de5710	bUseForTimed
f0e1b166	archetypeconfiglistRaid_08
f0ebf47b	CollectableMatchList
f0f33a7d	fFastMovementSpeed
f0f3785b	fFrontPositionAngle
f0f396c3	RightUpperArm
f0f50e3c	vectorRotationRange
f0f5a435	mapicondescLockBoxLockIcon
f10434e0	fLeftUpperArm
f114a66b	itemlistCraftingIngredients
f119fdd2	dgscenetemplateReachSceneTemplate
f123b64b	SpecializationId
f124226a	fIrradianceEnvironmentDesaturation
f124a253	fImpactTime
f127bb18	EntityState
f1284100	bSmoothDepth
f12b3b19	bIsFaaConfig
f1308309	selRadioStation
f130842e	LCBrowserBlackboardDescriptor
f130e9d3	uMinPatrolPoints
f136d026	fPathProximityP
f138d95d	vehiclechassisChassis
f14bfa0e	selPersonCardTileId
f154816b	fMinDamagePercentForTakedown
f157a830	tagcategoryCensusMiscTagCategory
f1586390	bMedium
f15c6262	fYPositionRatio
f1621b6f	bEmitDodge
f1642133	fileTrackColectionPath
f166bfc2	coverselectionparametersCoversNormalSecondCover
f1682801	selPuppetAffiliation
f16deca9	fEventPropositionDisplayduration
f17251bf	fExposureMaskSize
f182d196	fStayActiveTimeAfterHandbrakeRelease
f1877362	fMaxCarDefense
f189b6c1	bRepeatLastWaveInfinitely
f18a4b0d	selAssistMode
f18d4727	JumpOver_To_ClimbUp
f18dde38	iCombatDroneSpawnWeight
f18e7ca6	HackChain
f18ea1a6	fDefaultAnimationInDuration
f190898f	fIdleLookAtAngleDeg
f1936c39	fVelocityLag
f19380b0	TargetDestroyedCriticalMessage
f196bae5	selTriggerType
f1981a8d	fLineDisplayDurationOnUnlock
f19daf53	DeliveredCriticalMessage
f1a5907b	fileProjectedTexture
f1a6586d	fReachOrbitLookAtAngleMax
f1a6ffa5	LevelsDisplayed
f1ac3b08	BlockingTriggerName
f1bf7c35	locstridJobAbandonedLocId
f1c0593a	fMaxYawAccMaxSteerControl
f1c1e2d6	fMidAngle
f1c27c17	fFramingInterpSpeedFOV
f1c302d8	vectorAlignAngles
f1c4efb8	fTurnOffLength
f1c6b34e	locstridInviteTitle
f1c77b2f	sndSwitchToFullCombatSoundEndHostile
f1c79e70	fBlockingSuccessDuration
f1c943d4	EndingTeamSpeak
f1c9fc98	AudioLogs
f1cc7fca	sndProximityWarningPlaySound
f1ceb6d3	Gameplay
f1d29ea3	bBodyRecoilCurveSynchronizedMode
f1d76b3a	fExitButtonHoldDuration
f1d92b93	sndAbilitySelectedSound
f1e18595	uisoundStopMainMenuSound
f1ec0e82	fUGCOffsetStrength
f1eca1c3	sndFireNoAmmoSound
f1f4960f	RocketSettings
f1f6dcdc	curveTargetInertia
f1fb005b	mapicondescObjectiveObjective
f1fb7414	locstridUnlockMessageLocId
f1fbc479	InGameMenuTopBarDisplayed
f1fc77ec	fSecurityCamera
f20157d3	uiClassLevel
f202bb09	Tournament
f202e357	fPlayerInteractionConeHorzAngleOffset
f202fad7	fKeyLocationProjectionZScaleOnMinimap
f20519ab	fFlowTextureSize
f2097ecc	EnticerRareShowcaseRefreshTime
f20d6bcd	bUpdateThreatAnglePMSOnExit
f20e6d26	locsectionidSpecificHubLockedProfilerInfoId
f20e76e5	sndActivityStoppedSoundMix
f218abe5	nMaxRevengeOpLocationHistorySize
f219dceb	decalDecal
f21afa02	clrGamma
f21d7446	entPosition
f21dda17	tagcategoryActorTypeTagCategory
f2206576	fVerticalScale
f2211b49	locstridHitman
f22430e5	HackEffect
f230fcf5	NormalDeathSettings
f2312190	sndLostFocusSound
f235e718	entBatteryId
f23bd7e9	VehicleSwerveData
f2430ecb	SoundsAndFxs
f24581c2	locstridWeapons
f2466d8e	opgenplotPlot
f247526f	selAgentSpecies
f2524fcc	BriefingUpdateDistanceToNpc
f257b0a5	CameraTransitions
f25be13c	Exposed
f2607c7b	fMaxPathDistanceIn
f263e2e2	sndCooldownOverSound
f26659ee	fLevel
f2683fed	fFlashTime
f268d632	bUsePoolSelectors
f26ec1ae	bCanEnableStealthGpsZoom
f2791a8b	TurnBeforeStartDistanceThresholds
f2795133	entDroneSpawnEntityId
f27a1e07	fTurningSmallRollLag
f27daf38	uicolorpalettesettingsHackableWithPenalty
f28136e8	opslistOp
f282c921	selFreeroamTargetNPCAffiliation
f283c3a7	ObjectSpeedLimit
f28649bf	fCoverOuterTurnCurrentCoverThreshold
f287a200	WithPoseBackgrounds
f287ba72	bIgnoreCollisionWithRigid
f289f401	Handling
f28a99f8	Yoga_UpDog
f28d6e89	fSpikeOffsetZ
f2928fda	fBloomLuminanceOffsetStart
f292e685	fBroadcastDuration
f29532bc	ReinforcementCalls
f295f8bb	MovementSpeeds
f29bc03c	fZoneLimitOver
f2a7a968	bShowHealthBarWhenHurt
f2a9d511	angvecAngleOffset
f2ab7db3	fBaseSteerFactor
f2aca044	bEnableDistantLight
f2b15107	StartDelayInSeconds
f2b1e581	sndAmbientSoundStop
f2c08711	fTransmissionRatioScaleMultiplier
f2c0fda4	fJammingFireRateModifier
f2c6356d	selLayeredIfIntensityUnder
f2c6d8b7	uiMaxInstances
f2c79faf	MotorcycleMaxSteerAngle
f2c96cfa	tagcategoryselectionFemaleTag
f2cbfb4b	FOVSpotlight
f2cd338d	tagcategoryselectionHospitalTag
f2cd4ca2	fMinVelForImpact
f2d1da0c	SpotlightAiInvestigateParams
f2d35742	uiMinSpawnNPC
f2d38f25	SpeedControlParameters
f2d3bd98	sndMassHackIngredientSoundId
f2d6d790	WeaponTypesDamageOverrides
f2dce624	characterabilityparametersParameters
f2de3a70	animalconfiglistAnimalConfigList
f2e50e92	fTireGripRatio
f2e81849	vectorSaturationOuter
f2ee8bc3	sndPlayerChaseStartedSound
f2f10f4c	AsianLanguageSettings
f2f9c8ae	fMoveZOffset
f301ddbb	fCounterYawControlSteerSpeedAdd
f30ab76c	vectorLaunchHelperShakeXYZmaxRange
f314948c	StaticBaseData
f315ba7e	fCameraPitchInDegreesAtFullZoomOut
f31ea3b4	OffRoadDriving
f31f84ac	fileAnxietyFacialAnim
f32009c3	fStickNavTimerDirectionChanged
f324c656	bCoverRotateCameraOnTurn
f3284af9	bOppressedLoop
f3298590	fNetHackWavePulseRadius
f32c0e1c	Knots
f32d2c4a	fMaxPlayerSpeedOnFoot
f32f913b	BoneOffsetReferential
f33541b3	selStickerVerticalAlignment
f335b780	Background
f33cfeb2	selInvestigationStimType
f34037c8	fCoverAngleCutoff
f346ba36	fCursorSnapRangeWhenUnfocused
f348ed20	mapicondescObjectiveOpNodeActive
f34b2050	fNoLookAtMaxDuration
f34d1b10	nethackingconfigRemoteControl_Self
f352ef5f	fleebehaviordescriptorFleeBhvDescriptor
f356ad9f	bBarkGroupMemberShotIgnoreBlind
f3605646	bKillVideoWhenWorldIsLoaded
f3628cde	fDofFocusPointDistance
f3639644	bIsAShopCategory
f366e3bf	Explosion
f36ecad9	fWeatherTransitionTime
f36f2a6e	fileReticleSingleShotBlockedAR
f375852d	fReduceSearchRadiusDuration
f37851bb	bAllowPartialRoadPath
f37cea6b	fCourtesyDelay
f37fb54c	WeakpointsId
f380e659	fCalmPeriod
f3840d24	locstridCreateGameLocId
f38beae8	fMinimumLoadingDelay
f38eeb35	fNotificationDisplayTime
f390740b	PoV
f39212d4	itemsBulletItem
f3921b48	iMaxNumPersonalContractsPerActor
f398b3b9	fCameraDefaultAreaOfInterestZoomDistance
f39beedb	LinkedAtlasType
f3a0691c	fUpwardAdaptationTimeScale
f3a15209	curvePushForceRatioOverDistance
f3a1d111	fLateralSpeedThresholdForLateralRelaxation
f3a8811c	fNoStateChangeChance
f3a889db	fSoundBlendDurationOut
f3ae0526	RingOfSteelStayingInsideZone
f3b1739d	fCamHeightOffset
f3b43230	fInputSnapFlat
f3b6c87c	tagcategoryselectionGangsTag
f3b8fed0	bProjectileDropable
f3bb91bb	LocalBasicCashGift
f3bbc2f3	RuralSpawning
f3bf1c51	fCharacterVisibilityPercent
f3c061b0	vectorAnchorLocalOrientationOffset
f3c219bb	locstridOccupationTemplateLocId
f3c366d8	u32FilterTypeTwo
f3c597f0	bEnableChromaticAberation
f3c64159	ShockwaveStrength
f3dda08d	curveFullBodyTriggerFactorOverTime
f3e2d318	sStringValue
f3e4b714	fTyreForceFilterAcceleration
f3e888cb	VehicleSkin
f3ea0a2c	fVelocityTollerance
f3f0535b	fFollowRearMaxDistance
f3f5cbbe	sndLockOnSound
f3f7a970	Index1
f3f91895	fileBlobResource
f3fa4654	sndswvlEntityMovementBackward
f407617a	brickcontextDefaultContext
f4084765	chaselevelparametersChaseLevel3Params
f40fd7ef	vectorAnchorLocalPosition
f41175ef	curveImpulseForceVsSpeedKmh
f414798f	psCriticalVisionLossFX
f416245c	selPressurePlatePuzzleOrder
f4164f23	bExplodesOnDestroy
f4170979	fSpiderIconMaxRange
f4172584	fOcclusionValueOpened
f4195740	fInvestigateLKPInvestigationAdditionalRandomDelay
f423e263	fGaugeTimeToReachTopCloseRangeModifier
f42a1263	TeamTraitDiscovered
f42c6087	fRespawnNearMaxDistanceFromTarget
f42ce246	fileOverHeatPostFxTextureAlpha
f42f6c3b	fRunStopDistanceThreshold
f4330e8d	Nitro
f4337b7a	PlayerProximityZone
f4358027	fForceFullBodyOnHeadShotsFactor
f4366c3f	Difficulty
f43af8f7	locstridDroppedRetrievePackageObjectiveLocID
f43be5ba	fileFogRegionTexture
f4423821	Injured
f449d6b2	FrontHandbrake
f44a83f1	selWorldMoodZone
f44d83e6	fDPSMaxDamageRatio
f45aa9f0	fSuspiciousCoolDownDuration
f45bece8	fGITempDemoHackSkyMultiplier
f45c8fa5	fReactionMaxDelay
f45d2e06	curveFrictionScaleVsLoadLongitudinal
f464d8d6	locstridHasTitleWithRelationLocId
f4697436	KamikazeConfigSelector
f46a2280	fGunMovementStopSoundSpeed
f46a2834	fWindGustDuration
f46f70e2	ScreenAiNoCargoScreenGlowParams
f4710c61	uisoundChangePantsSound
f478a085	fAccuracyFactorMin
f478ebfb	vec2AssistanceMagnetRangeInputCurve
f47aa05d	fMediumVegetationThreshold
f47d0cc7	DareStudio
f47dcb58	Unset
f47ef3c9	CatchResult
f480aecc	sndswvlSoundSwitchVeryFastObject
f4831ad6	SmallExplosion
f48c1b3b	fMinDroneDistanceScore
f48c4a6d	fChaseEfficiencyValueModifierHard
f491c168	fTurnOffRotation
f493c4ac	pickableInfo
f4948604	FacingStiffness
f49867d0	MusicPlayer
f49a6d69	Index5
f4a0cc25	fOrbitMinDistance
f4a300cf	fKeyLocationProjectionBottomOffset
f4a4e27d	bCanDriverShoot
f4a7a1d8	MissionTypes
f4a9fef7	bUseDynamicMaxLongSlipForLateralForce
f4ac7d2b	selObjectiveAreaType
f4ada5b5	fOpenedToUnlockedTransitionDuration
f4b0980f	fGravityAcceleration
f4b3d2da	fAvoidanceWalkForce
f4b5992e	matScreenSearchMaterial
f4b97db9	OnDrone
f4b9d69b	TargetingBoneNames
f4bd1cd9	Muscle
f4bdfe64	BarksOrderFlank
f4c0ba08	fAreaLightStartFadeDistance
f4c1f946	fPrisonerHelpBarkTriggerDelay
f4c24aa3	sndtpStopSoundType
f4c46558	fMinImpactReactionTIme
f4c63754	selTranFromContext
f4c67d97	fStressDecreaseDefaultSpeed
f4cabb99	fLeftFoot
f4cbfca6	vectorFulcrumOffset
f4ce2739	fSuperPerkBonusPickupRadius
f4ce5e21	mapicondescNeutralPlayerMapIconDescription
f4ce5e2a	fCylinderShapeZOffsetTop
f4d30993	fTextureRepeat
f4d63ce8	fCamShakeDuration
f4dbaad2	nMaxStandAloneOpLocationHistorySize
f4de1f81	uicolorpalettesettingsColorCheckpointWarning
f4e48dc5	bCheckVisibility
f4e49b06	PlayingGuitare
f4e82f6e	DataDriveObjectsMap
f4e8922e	fDownAccel
f4ea7047	fDisengageTime
f4eb07d0	sndEngineThrottleLoop
f4ee3776	bSucceedIfTrue
f4f5511a	fStopDistance
f4f7dd6d	fNitroBatteryTimerInterval
f4fa8dd9	bCanFireRockets
f4fd7ce1	fBreachAwareTimeMax
f4ff2914	iBlackoutEffectCandidatesToConsumePerInterval
f500edf6	fConvoySpawningMaxDistOnRoad
f505a2ca	sndEndSFX
f5086fc3	DoF
f50a3737	fPkgDmgPlayerThrownOffVehicle
f50bca03	DgToGbMapping
f50e2025	fEchoLenght
f51dbdd7	bOverrideThrowSpeed
f52978f2	fChanceOfNoReward
f52a141f	locstridIngredientTriggerMovable
f52f333c	sndDisruptSound
f53663c2	bRandomiseSelection
f53755c5	bCanDoTurret
f5391dff	tagcategoryUITagCategory
f53a2983	Blackout
f53a7c7d	iSlotValue
f53b1200	bCompass
f5400cf1	bSunLightColorOverride
f5446607	fFalloffMinLevel
f5465a98	fTurningTranslationSlowLag
f5469614	DataDriveObjectData
f549fde7	bShouldOverrideHackerSettings
f54fd529	bCanCreateMirroredConstraint
f553bcf5	selDSI
f5540926	PoweredContraintPresetDBMappings
f556384d	fNominalPitchWave
f558fb7f	fDrunkLevelToBeginBarking
f55c4b52	sndFailedTriggerSound
f55f7591	uisoundHoldCancelled
f560b23a	Burn
f56213d8	vectorBeamStartPos
f565a067	sndCameraTravel
f568487b	fDisplacementScale
f56a2a33	fProximityTriggerEnemyVisibilityDistanceInVehicle
f56b4e0a	DroneCombatMalfunction
f56f5da4	fPathFollowD
f5733928	fileBehaviour
f577ea5e	fInputSnapCenter
f578d462	tagcategoryselectionAssaultTag
f581711c	SelfieConfigs
f58323d2	RewardsForCairo
f5896f88	fSlideOverMaxWidth
f589f5e1	fMaxImpactSoundDistance
f590b6d8	fRecommendedMissionMinimumDistanceToDropOff
f590cda4	bIgnoreIfSameIncidentPlaying
f595acac	vec2Cover2AgentCutoff
f5961673	fOcclusionCheckZOffset
f59729c6	iTextureFlipbookCountX
f599dcdf	iMinGiftQuantity
f59a1f01	HearTakedownStealth
f5a7b1ce	fAssignedWarningTime
f5a871d8	OverHeatPerShotRule
f5ab753f	vec2AssistanceFactorCurve
f5ac3bdb	Poor
f5b1fb43	bIsOnlySaveIfCompleted
f5b3585f	crimesettingsArmedRobber
f5b3ccdf	vtwpVehicleType
f5b61693	tagcategoryselectionRescuerPropWhitelist
f5b6a82d	PlayerCountEvaluator
f5b716d8	detectionlevelsettingsDetectionLevelSettings
f5b8cdbc	WarningLightBoneName
f5bd17cb	GlobalCooldown
f5bd7d7c	SettingsByType
f5c0051b	uimenupageTeamAppGadgetCustomizationPage
f5c0d256	uiFreeroamRequiredPhotoNumber
f5c425c9	bEnabled
f5c5ed5c	MediaBroadcast
f5c5ef29	fMaxExtraLatency
f5c7d929	selStickerHorizontalAlignment
f5c833bb	DenunciatorGPSTexture
f5c85b9f	MusicRtpcs
f5c94d66	selDifficulty
f5d110a7	sndTurnRadioOnEvent
f5d12dbb	AlertSoftHackAttract
f5d9af41	bTransparency
f5da975d	fileAliveStrategy
f5dc6f08	fCLOEventNearbyNotificationTimer
f5e28418	fLevelMin
f5e32576	Steps
f5e38886	bIncludeVehicles
f5e92938	HumanNeutralizationOptions
f5f07da6	fLowImpactStrategyTime
f5f342ae	fAbruptBrakeSpeedMinValue
f5f7ff4a	fCompressionCriticalDampingFractionFast
f5f9398d	fResetCameraHoldDuration
f5fc97f6	bUseMeetingAtDestination
f602b55f	locstridVehicleFleeingLocId
f605a939	iScramblePauseTimeInFrames
f60d63e8	bCollisionEnabled
f60ff4da	sndtpSFXStartReloadType
f61d05f5	mapicondescAccessCodeUnLockIcon
f6205714	fMaxIntensity
f620b4d9	SearchBehavior
f62232d7	fInsultReactRadius
f6286a55	fMinimumTimeBetweenAnimations
f62b0e34	DrivingModeAndSpeedAdjustment
f62bbe8b	bTalkersCameraBlendOutEnabled
f62ec887	MenuPages
f6403e65	ActionOnCivilian
f643fe0f	tagcategoryModelTagCategory
f645799c	Backgrounds
f64a9252	bShouldPingOriginBeInSameLocation
f64d3cea	ChaseAvatar
f64f7b50	nDisplayOrderInApp
f654db95	LightsAffectedByDeactivationTakedown
f6551eff	fOrbitPosVisibilityCheckDistance
f655f69d	fLagTime
f657a6a6	fCover2AgentAngleWeight
f65b2a32	sndHolsterSound
f65c4dc2	fWindSpeedToLift
f65cc3cc	fHackLineAvoidJoltStiffness
f65cf751	selFulcrumAxis
f6617abe	bTrackLastOpenedTab
f662a211	bNeedToStayOnPreviousPlate
f6692d84	npcpersonalityPersonality
f6696bb7	fContrast
f677da39	sndtpReloadDoneSoundType
f67ed601	curveAccelerationRatioOverTime
f6815e30	fRandomConnectionRandomWidthMax
f682d4fa	bGlobalLightsIntensity2Override
f686e970	bAdjustRideHeightWithExtraGravity
f68bf8e6	fScrollingLineSpeed
f68bfc9b	RigidBodyCtrlPresetDBMappings
f68f03c7	Sounds
f68fe9fc	UpgradeDescription
f6928566	fDefaultAnimationIdleDuration
f6a816ef	sndNarrativeItemVideoFile
f6ac1aff	fTimedLineDuration
f6b0102b	fileBaseWaveTexture
f6b329ee	sndCardHideSFX
f6b48338	bCanShootFromWindow
f6b63271	ComputeTakedownDamage
f6b797dc	uizonesettingsMissionZoneSettings
f6b8b6bc	VehicleKill
f6b9356f	fRedZoneMeleeTime
f6bbb230	fNPCAlly
f6bc67a1	bExpRelightPerLayer
f6bcfc10	WarningOverrides
f6c005e1	fCoverEntryDistanceSwitchSide
f6c0ce6f	graphickitparttypeLegsPartType
f6c1fa2d	fPlantAngleThreshold
f6c52c9a	CurrencyTypeName
f6cbba43	bEnableWhenHackableBehindHacker
f6ccd428	fOutOfRangeDuration
f6ce4123	Curiosity
f6d5f34e	fHead
f6d71441	fileReticleAutomaticFriendlyAR
f6d7f416	sndFireBeamStopSound
f6dc69db	curveBatteryFlashCurve
f6e321a0	bCanMatchVisibleActivities
f6e338e3	fDurationThreshold
f6ea4e82	fAIDamageScaleFactorWhenHitByPlayer
f6eadc2f	fAbilityCooldown
f6f1b3c0	fLaunchHelperShakeMinSpeed
f6f7024b	bLoopLookAtsSequence
f6f7db54	vectorOffsetMinFront
f6f9edfd	archRoadBlockSpikeStrip
f6fac8a9	logmatWaterRaySurfaceIdx
f6faf452	bTargetMustBeInLineOfSight
f6fb41cb	bCanTargetVehicles
f6fcd702	bApplication
f7010c1c	SpawnSettings
f706b3fc	ObjectiveCondition
f709ecf4	CompleteFightCryptoGetter
f70b7814	ChaseFlyingTarget
f70b7e69	fTrafficVsParkedMassScale
f714ea87	fBonus
f7176e6a	phonecommunicationsettingsOpWrapUpBriefing
f717f8c0	locstridTitle
f724dd44	bBarkThrowGrenadeInVehicle
f72718f4	texturedbobjectUIImage
f7284a15	uisoundChangeGlassesSound
f72e9018	fStoppingDistanceToSideExit
f72fdce5	availabilityrulegroupAvailabilityRuleGroup
f7311ee8	TagRestriction
f73328d4	fHumanVsAiNormalize
f7388b57	texturedbobjectIntel
f738c44e	SpotlightPlayerFpvParams
f73c3c4f	FocalLength
f743c481	Uncommon
f744ac06	sndTestSound
f74d1402	curveStaticReflectionIntensityNight
f74d28b7	LOSReacquisitionMaxTime
f7536db0	fSwerveIntensityMin
f758e7e0	fHealthRegenerationSpeedMedium
f75b2554	Role
f75bec00	robotphysicsparametersPhysicsParameters
f75ff909	DialogActorRestrictions
f766b74f	discoverysettingsOpStarterDiscoverySettings
f767ad07	CaptainIsUnlocked
f76a8ffb	locstridNameFemale
f770c28f	bSwitchTargetOnChoosingMachineguns
f771fa66	bImmobilizeTargetInCombat
f776d38f	fMaxSteerTimeLimit
f776fd6a	fChanceForEqualOccupation
f7773226	ArrestSettings
f77b8837	bUseKinematicRatio
f77cbffa	CaptureNews
f782d319	LowUseSpeedThreshold
f7845314	AvatarCombatRoll
f78530b8	selMinDamageForBarkAndVehicleInvestigation
f786bf52	sDatabasePath
f78796d8	UnifiedPoolConfigs
f78c6f41	RaidWipeConfigSelector
f78c8223	humanconfigConvoyMainVehicleDriverHumanConfig
f78dd77c	fNextRewarHudEntryTime
f78e2247	AlertSoftBark
f7976b1d	fNodeDiscardDistance
f798d4af	iThumbnailCommunityThreshold
f79f99dd	fTangentialVelocityScale
f7a518d4	singleclocreationsettingsAttractorCreationSettings
f7a6ccb9	locstridBackLocId
f7a81c4c	bUpdateRealSpeedPMSOnLoop
f7a8a7b7	fDecayRate
f7abf5cb	uimenupageDigitalTripResultsPage
f7af5fdb	fNoHangingChance
f7b09e92	archFemaleNewArchetype
f7b55783	bKamikazeNavigationAcceptNoDestination
f7b8eb1b	Triggers
f7bc91f4	locstridUIIndicationMessage
f7bf4c37	OnInteractionStarted
f7c13c46	Groups
f7c67323	ExteriorColorGradingLUTS
f7d46520	bSkipCollisionsWithPoliceNPCs
f7dcfb54	locstridBreachTruckObjectiveLocID
f7e0cc3e	AvatarAimingTrainedMale
f7e54b9c	fAsynchroReactionDelayMax
f7e8eefa	fCenterOfMassZOffset
f7e919c5	tagcategoryselectionPlayerCountSoftCoopTag
f7ed5d46	fMaxDistanceToConnect
f7f5c072	fStart
f7ff56bd	locstridDroneMalfunction
f8010fcf	fEnemyProximityRadius
f804bae9	fDistanceTooCloseFromTarget
f805e4ba	sndvarEngineThrottleLoopThrottleVar
f80a4446	colorHackLineColorYellow
f80b5eaf	selTimeOfDaySpawning
f80e93a9	itemlistRCItems
f8186c6e	fRadius
f8191a90	fHintLoopDelay
f8194830	BarkVector
f821dcd8	LocalSaveErrors
f824ad14	uiPoolSize
f8252340	uicolorpalettesettingsDarkTheme
f82bb235	EmoteConfig
f83879eb	fUndersteerMinFrontRearLatSlipRatio
f8391733	bRequiresSameParticipants
f83fd07c	ConditionnalFx
f8428a57	locstridTimerFailLocId
f84344fd	droneconfigNewsDefault
f84b24d3	fFromMasterTransitionTime
f84c3300	TimeBetweenTips
f8550bee	bPlayLayeredAnimationOnUse
f858ea17	bIsSensitiveContentJapan
f859fb42	sndswvlSoundSwitchLargeObject
f85f6615	TutorialCategoriesIconData
f864aac8	fVehicleSelfExplosionMinMass
f8665df4	sndDistantFire
f86deacc	PawnDebug
f870d523	CryptoCurrency
f871ef16	RCCraneWindowWasher
f872a302	NameOverrides
f872f2b8	fPuddleEndAmount
f8776722	censusmetaintrigueresolutionbucketPlayerCausedInHospitalBucket
f87ad09f	sFakeMissionID
f8814f95	prismPrismProfile
f883a9d2	SecurityDetector
f883f2ac	ARCloakAbility
f884cc02	UNUSED_1
f8850f79	HipsPitchMax
f8865a9f	BarkIdOnAIFleeBarkId
f8894fd6	fRainyTemperatureDelta
f889e34d	GetCaptainTrapDamageMultiplier
f88be1ef	curveHeightDiffDownProbabilityModifierCurve
f88ca522	fWaitTimeMin
f88dfca2	selInventoryRcAlly
f88eb6a3	LethalKill
f891202f	sndShotBeamStopSound
f897bbfc	AvatarTakedown
f89aca8f	SlopeAngleLimitForCoverInDegrees
f8a20a2e	fAttractorsDelay
f8aae9d7	fActivateFlatbedPlatformBatteryCost
f8b0de53	bDisableBulletSkipPlayerLogic
f8b31c94	animalconfigSeagullDefault
f8ba091d	bEnableExposureOverride
f8ba5602	fHackDuration
f8bb9c6a	bActivateDrones
f8c9552c	uiBehaviourOriginPositionX
f8cb2bd7	vec2StaticType
f8d322ee	fMarkerOffsetX
f8d49404	bExpDualPhase
f8d682ca	Instances
f8d8a079	locategameplaydescriptorDestinationLocateDescriptor
f8e0353d	Preconditions
f8e1c36d	fNewOutSightMultiplier
f8eaed82	RoadCovers
f8eca6f1	Fire
f8ece3ad	fDownloadRadiusSmall
f8ef1225	fFireBulletDetectAIDistance
f8f64a3f	RunningPeopleProximity
f8f9db80	fEnd
f901be16	fChargeSlowdownDistance
f9035d73	TagConfig
f90b5e37	fFollowSpeedSprintMultiplier
f90bbe8e	ConfigVariable
f90f479d	sHackLockRumbleId
f9131b61	fadeDuration
f91576c2	OnTargetLocated
f919b133	sndTakeOutSound
f9204585	tagcategoryUIClothingStyleTagCategory
f9245cc6	SeeTakeDown
f93436de	fSuspDampingRelaxationMaxForce
f935d2d4	fExplosionCountdownTimer
f938fab1	DifficultySelectionRule
f93c6671	DrivingWithDeflatedTire
f93cf3d4	texturedbobjectPortraitTexture
f942bce8	locstridWarningMessage
f9435574	bAffiliationOverride
f947ab1c	MemoryOverrides
f94e3eb5	DroneShutdownDuration
f95179e2	bIsCircleShape
f9518551	vectorShakeRotationAmplitude
f9537a3f	fBankingLagCenter
f9555e15	BossScreenIds
f957fd4d	archetypeconfiglistRaid_04
f95812c1	bHacked
f95a81b6	locstridFailLocIdDeathByWipeRoomFailed
f95def36	locstridBroadcastCompanionInProgressId
f95eb12d	fMaximumWheelieLiftoffForce
f96959ac	bUseLocationLevel
f969c7e2	bLayeredIfAiming
f969d60b	uiBatteryComsumptionCost
f96ae7cf	bComputeAnchorFromDynamicCLOAnchor
f96b8c83	GotoSettings
f96d5604	RobotAttract
f96eec57	RobotAttack
f96f3714	Couch_Back
f973b67d	RCCranePortainerBigTopView
f9794ac1	bStartOncoming
f97c0b7e	sndswtpObjectSizeSoundSwitchType
f97d2469	fMaxSpawnInfluence
f9814638	sndstvlValue
f98e9478	ExplosionFakeReaction
f991bf78	fileCuriosityFacialAnim
f992546b	sndSteamLeakSoundStop
f998cc23	locstridStateExitHUDLogLocId
f9997d24	fSpeedAccel
f99b068f	FireWallBox
f9a0ed27	operativepropertyfloatlistPropertyId
f9a18b30	sndtpCooldownStopType
f9a268b6	bForceRespawnAfterCheckpoint
f9a669c8	uimenupageFullscreenGalleryAppPage
f9a72a78	sndTrailComplete
f9a8e007	fInertiaScale
f9a8ec29	curveSkyIntensityForMainView
f9b0f6a0	sndCooldownStart
f9b10f20	entStaticBaseID
f9b14a32	fShockDamageImpulseStrength
f9b77336	hitreactionconfigHitReactionConfig
f9bcdaa7	DataGameplay
f9bf5ef9	DetectionTimeToReachTopMax
f9c2fbf4	SequenceColors
f9c56e9a	bStopTrackingDuringLockOn
f9cafc7a	GenericBroadcastPrograms
f9cb2b3f	texturedbobjectIconTexture
f9d0d51d	ConvergeToPosition
f9d2828f	fPitchFactor
f9d3fdcc	fMinSpeedInKmh
f9d49a7f	vectorIdealSlopeZOffset
f9d861d3	sLeftStickX
f9e3fe16	FactReveals
f9e5de85	neutralizebrickdescriptorNeutralizeDbSettings
f9e9dac9	fEscapeRespawnDelay
f9ec402d	texturedbobjectSoftLockLineTexture
f9f2761e	bForceCombatOnAllPlayer
f9f42cef	bCanKillOpponents
f9f702f2	ValidType
f9fa3365	curveAnimationSpeedCycle
f9fafd31	selAnimationLayerType
f9fbab13	bDrivingJob
f9fc7ede	sID
fa020163	fInvestigateLKPBarkSearchTargetStartDelay
fa05ebea	fAutoExplodeOnVehicleContactDelay
fa08f6ea	LandedSubState
fa111ec3	locstridAccessId
fa14b9df	fCameraMaxZoomDistance
fa1500cd	SideLightOffParams
fa164dc5	fCaptureDurationMin
fa16ddf3	selClosedCircuitBoxInactive
fa1add15	curveSpeedCurve
fa225610	selDefaultBarkPriority
fa283364	uitweensettingAnchorUnfocusTween
fa28feb5	fScaleAnimDuration
fa2ba39f	bAlignRoll
fa30103b	fMinCoolDown
fa3202d5	fLinkWidth
fa35a2e2	fChassisUnitInertiaPitch
fa35c99f	PhysicsParams
fa3722ea	bSpecular
fa3801a4	InventoryItems
fa462353	fRecentRoadBlockSpawnTimer
fa4c0e76	fHijackTriggerRebootDuration
fa53df2e	fDetectorLineOpacity
fa54b5b3	closedcaptiongroupGroup
fa5a2b90	bDisableSecureBlend
fa5bf38e	texturedbobjectRCJumperDockSpawn
fa5dda79	fPelletSpreadAngle
fa624996	fEmergencyShootingMinDistanceWhenExposedInCover
fa6bc0bb	LateDodgeWindow
fa6ea7d2	mapicondescFastTravel
fa6f25a3	Event
fa72d7a0	Ability
fa73ac2f	vec2MaxBuzzTime
fa7646eb	fSpeedLimitRatio
fa77a91e	RewardItems
fa843571	fadeTransitionDuration
fa89dc00	fAlertHardDeadBodyBarkSearchTargetStartDelay
fa93299a	bAlertHardInspectionRequired
fa9363ef	fMoveAbandonNearDistance
fa93e3b7	texturedbobjectVideoFile
fa94813c	AvatarAimingLeftRefinedMale
fa95900c	bFreeroamPhotoMode
fa99b15a	ImpactAlreadyDead
faa4c3b9	iDenunciatorProbabilityExclusive
faa8eae1	fFormantOneShift
faa9b2ec	HumanAlliesDefinitions
faacac35	Activities
faadb835	LargeExplosion
fab0c312	fSearchBarkBeginSearchStartDelay
fab2056a	bNoCollisionInteraction
fab81f4d	SeeHackedDistract
fab9093b	DedSecMission
fab93a10	bUseFemalePivotOffset
fabe14c5	sRewardIconFrameLabel
fad13e3f	ShopMenu
fad2f2e2	vectorSpeedNoisePRYmaxRange
fad926c7	fLeftThigh
fadc18a8	selVsmQuality
fae155ad	curveActivityCurve
fae4b2c6	locstridEventStartedLocId
fae6adab	fTileYSizeMax
fae75d71	fWheelieMinPitchMoment
faf77fa8	ZLockParameters
faf8ebb6	sndMapLegendChangeTabSound
fb03495f	texturedbobjectStateDefault
fb09a3f8	bKillAlignOnMovement
fb0bcfb4	fRange
fb0e742c	CooldownDelay
fb137fe2	selCoopPreference
fb14cdcc	bIsFilteredMidZoomOut
fb15ac62	fRoadBlockTimeToReachPlayerZoneOnSpawn
fb15e343	bPhysicsManuallyDriven
fb17d917	fPVPRespawnTime_4Players_2vs2
fb1d1680	poseanimationmaskMouthAnimationMask
fb1dc110	uiOccupationSpawnWeight
fb1e109f	selDisposeType
fb1f11ab	fMinPlayerVisibility
fb22c0d0	bTaxi
fb2412e4	fMaxAngleBetweenPatrolSegmentsRequiringStop
fb2456b4	CProgressionModuleUISettings
fb255d26	fMinPixelSize
fb2b23c0	dgscenefamilyDGSceneFamily
fb300e2d	fTurbulenceFadeOutEnd
fb314ea2	fFog2DNoiseScale
fb369927	bareknucklereactionReactions
fb3bc5d5	fMinShotLength
fb3d28c7	fCoverExitSideDelayAiming
fb440c1c	fRaidStartCountdownTimer
fb5c9001	fMinStressRatioForBigStumbles
fb5e7753	Stances
fb61355f	fVerticalTolerancePercentage
fb6b2655	fCoverPeekingReverseMinAngle
fb6bc523	fDroneMinDistanceFromPlayer
fb71ec89	DroneDisableStateSettings
fb750d59	sndUndeploySound
fb784269	fFollowPYCoeff
fb820085	fCheckpointAlpha
fb829f8e	fMaxLinksPerEntity
fb8eeafd	bareknucklefightmodifiersModifierConfig
fb90fe6f	fBrakeCamBlendOutLag
fb91d6b3	Automatic
fb92efb3	fScaleAnimDelayBetweenLoop
fb93d386	locstridRCRemoteWarningBody
fb9cb812	fBulletDamageDistanceStartDistance
fba2ed0b	DGSceneActorFeatureBlackboardDescriptor
fba34a3d	fInVehicleMagnatismMultiplier
fba4e08c	Flee
fba6b079	fUGCChromaticStrength
fba6f7e1	colorInnerColor
fba79f5c	uiCharges
fbaff2a5	selNavmeshType
fbb3a997	curveGlobalLightsIntensity1
fbb63e47	World
fbb9b5b1	fEmitterDistanceOffset
fbbfebc9	AvatarArrested
fbc39260	entFinishCheckpoint
fbc4b55e	uimenupageStreetArtGalleryPage
fbc57af6	fEndOffsetDist
fbc83cf0	FakeCrashCollision
fbc9ded8	iNumberOfGoldMedalsToGainReward
fbcb822f	sndBossDefeated
fbcf6316	ChargeAttackTrackingRotationSpeed
fbcf9039	fLightCutOffRadius
fbd08719	censusactormemorydefinitionMemoryToOverride
fbd0b989	sndRewardSelectedSound
fbd16554	selValue
fbd418ea	fDamagePartsRatio
fbd748a9	sndtpBatteryChargedType
fbd840a2	StoreToUIClothingStyleMapping
fbdb2615	y
fbe4b0de	fMinDistanceOnFoot
fbe66442	fOriginInspectionRotationAngleDeg
fbe85b8d	IdealMax
fbe89548	selDataLinkType
fbea5121	fRadiusHubDetection
fbea790a	vectorSplashOffset
fbecac8a	bOnlyPlayIntroOnce
fbef7cc0	selInitialPhotoCameraMode
fbfaf2a8	sRightStick
fc0025dd	BriefingUpdateOnEnteringLocation
fc02d9d7	locstridMessageToSendLoseLocId
fc04ef46	AvatarInterior
fc04fa23	sndArmedSoundStop
fc0e4c3b	fPVPRespawnTime_3Players_FFA
fc111f54	locstridSpecialBountyWarningHeaderLocId
fc127e95	fBackwardAccToAngle
fc13901f	fEmergencyShootingMinDistanceInCover
fc176c73	vectorNonUniformScale
fc1f2006	fElapsedTimeSinceLastTransitionMedium
fc285bd7	psResource
fc293553	locstridSoloDescriptionLocIdFallback
fc2fdbc0	locstridLoadingTipTitleLocId
fc315c22	ChaseDroneSettings
fc38c87a	locstridDesc
fc3b291d	bSpeed
fc4412b3	fPickWeight
fc44b86c	BehaviourProperties
fc49d7fb	sndswvlSoundSwitchUnderwater
fc50aeee	SmallDog
fc50c509	dialactorlistDialogActorsList
fc5224e0	Puppet
fc536496	uiMaximumSelectionResults
fc5671f2	RewardId
fc59fd03	vec2SecureYZRightOffset
fc5a4008	bUseUnconnectedInertiaWhenClutching
fc5dee19	fileSunFlareTimeOfDayColorTexture
fc604769	fMinNPCMaintainCount
fc616510	fPhaseForLowAlpha
fc625f30	fAttachedBonePitch
fc653365	bUseRotational
fc66e9b0	sndHackingRobotRepulsorSoundId
fc69bf60	Masks
fc6a9a11	BatteriesData
fc6cb655	bActivateCinematicSequence
fc72681f	mapicondescCoopPlayerMiniMapIconDescription
fc78aadd	bFire
fc7b9a2c	bTriggerInVehicle
fc8184cd	fSunIntensityInertiaAngle
fc82a5d9	fileProfilerThumbnailOverride
fc8367c2	ExcludedVehicles
fc894a41	sndtpArmedSoundStartType
fc89fe5a	fHackLockLinePositionSpacingVariance
fc8f1efd	bHasProbability
fc8feeed	fTriggerRange
fc921868	RewardVoice
fc927b6c	fFakeDecelerationMs
fc95e3dd	DynamicRainStreaks
fc977cf9	PickUpDescriptor
fc992627	sndCameraStart
fc9be0b8	fMaxCallDuration
fc9ef6f1	fPropellerRotScale
fca3e14d	fInitialDistance
fca46308	fFollowSpeed
fcadb410	selNPCWeaponCategory
fcade085	vehiclefxVehicleFX
fcb2dec7	texturedbobjectIngredientTrigger
fcbaefd0	Trucks
fcc3bf68	fActivationDelayMax
fcc72d22	fBountyHunterTeleportMaxDistance
fcc7e31f	sndWallaPlaySound
fccde2d3	selUiDisplayOverride
fcd277b5	fRotationAxisPitch
fcd45f1a	fileReticuleSingleShotFriendly
fcd51128	DofTargetSelector
fcd62049	bEscapeOnRelease
fcd66152	ClampArrowFireUiBlobTexture
fcd864d9	fPlayerRange
fcdf65c4	sndStartGainingFocusSound
fce1b168	fPingRadarRange
fce2dab3	stimItemType
fce646a2	fCloudyTemperatureDelta
fcea9965	fCounterSteerSlipAngleLimitAtMinSpeed
fcee861e	DroneShutdownAlarm
fcef297d	fSecondaryActivationRatio
fcf04341	fWaveIntensityStormy
fcf130b6	fReachOrbitNavigationRefreshDistance
fcf73ce2	sRingGlowMaterialSlotName
fcf79dec	fSpeedVariance
fcf7d75e	fCycleBreakerMinTime
fcf81e40	Timeouts
fcf837e8	selHackingConnectionColor
fcf93dc6	selSecurityCamera
fcfb3c27	RewardEmail
fcfcf2f2	AirBag
fd086716	locstridCounterCompletedSubObjectiveLocId
fd0b1dee	NeutralInitialMemories
fd0f5c25	curveGlobalCooldownTime
fd10966c	vectorMotorPos
fd1120ac	selRequired
fd162ec7	sCategoryName
fd19aa49	curveReverseAngleValue
fd1c7e66	progressioncollectablecategoryCollectibleStringId
fd1f67c0	throwprojectilebossabilityconfigThrowProjectileConfig
fd25ef17	sndStartSiren
fd26ee6d	CityLocationId
fd2fd260	selAlphaScaleModifier
fd332be4	fTurningTranslationSlowLagMaxAngularVel
fd351c8c	uiRandomSeed
fd36fb41	WorldActivityActive
fd39c2d0	locstridMessageToSendLocId
fd3c0a49	locstridFeedbackWrongButtonLocId
fd3c5404	bCanBeUsed
fd405ce9	fDelayForRoadworks
fd40fe69	psBroadcastParticles
fd41b815	HackEscalationOutcomeCombat
fd443474	entDoorId
fd480744	locstridItemCategoryDescriptionId
fd4e6add	fRandomConnectionEntityFlowTimerMin
fd4f9ed8	fMoveDistanceMax
fd51743c	AvatarATMInteraction
fd51c883	fAlphaMaxValue
fd51ec2f	selInteracts
fd5a02e6	selPrisonerRole
fd6070f7	buddyaisettingsBuddyAISettings
fd61052c	locstridObjectiveText
fd64d39d	DrunkEffects
fd668e02	locstridSeasonPassAcquiredTitle
fd6e7b14	curvePingRadarCurve
fd6eaf6c	bEnableHideOut
fd73517d	FakeGears
fd77c33b	poweredconstraintpresetsPresetDbRef
fd7912eb	UnlockedSound
fd7bad69	selVsmResolution
fd80cce5	fTimeToLoseSpeedControl
fd8355fc	fTargetSwayMacroSpeed
fd838e11	fPlatinumCoinPickupDistance
fd848622	TargetConfig
fd8598c9	fAlertHardInvestigationAdditionalRandomDelay
fd8bc4fd	locstridFight
fd8bcdf3	fVehicleDamageVelRotationVelocityFactor
fd8df2eb	OnAmountItemsAchieved
fd8e14d8	locstridPage2
fd905117	RCTurretAiming
fd97b57e	KeyLocationUndiscoveredMapIcons
fd981ee7	WeightedParams
fda48ac4	bShouldInvertPropagatedDedSecAffinityChange
fdb19f0d	locstridDifficultyLocId
fdb57fe2	GeneralParams
fdb7d4fe	RacerStartPoint
fdba236c	bEnableWhenDroneMalfunction
fdbbdb0d	mapicondescObjectiveConvoy
fdbd1783	fCameraYawResetSpeed
fdbe4c6e	iDenunciatorProbabilityMP
fdca27a5	bHackLineAvoidPlayer
fdcb11aa	fRemoteControlObject_Large
fdccf446	fCausticFadeInStart
fdccf4af	HackingMission
fdd7de2b	uisoundPopupUnavailableSelectionSound
fddd6992	bTestIntuitionOnFootThreatSprinting
fde27128	StealthVisibilitySettings
fde4251a	bApplicableIfActorArrested
fde99a97	DestroyImpulse
fdea7351	sndPauseMenuCloseSound
fdf3ea64	fWidthPerCharacterAsian
fdfa4893	bRail
fdfff5e2	PlayGoIsComplete
fe004219	texturedbobjectIncreaseCrimeDebt
fe04a55f	fColorRemapGreen
fe05937b	fMaxUpSpeed
fe0a4a2b	sndtpDamageSoundType
fe0e57e5	locstridStepFailedSubtext
fe11d138	Name
fe28c9fb	fDestinationGroundBuffer
fe295d2a	emoteInsultEmote
fe2da308	uimenupageMPSelectGameSavePage
fe2e0c93	bFlyingDrone
fe2e590c	fReticleFocusBounceFeedbackCount
fe301845	locstridWorldAndActivities
fe30279a	ObjectCategoryThumbnail
fe335759	fCooldownValue
fe3cd084	uizonesettingsHideInCarUnsafeZoneSettings
fe3d2228	fLadder5mEnterHeightHighSpeed
fe41fa83	curveStrengthOverDistance
fe426b58	bUseCustomBoundingBox
fe44d6aa	SeeIntruderSuspicious
fe48a305	itemsRewardAPSToken
fe4a8997	fScaleWhenHitByTraffic
fe51d0de	iMaxNumRelationshipContractsPerActor
fe52f526	opgenhumandescriptiondefinitionHumanDescription
fe57212e	tagcategoryPredefinedActorTagCategory
fe5832c2	EntityRestrictions
fe5c9941	OpDirector
fe5e047e	ContextBlendList
fe604b87	MidZoomOut
fe60b39e	fTargetMinPitchAngleMidZOffset
fe657364	fMinDamageSpeed
fe66e3c4	FleeFromShop
fe6787d3	curveDetectionTimeModifierByTargetDistanceAndFOVRatioCurve
fe73a0d2	Criterion
fe7501aa	matSidewalkMaterial
fe75d719	fMinimumSpeedForExtraAngleFromSteer
fe778169	BodyPartData
fe7b4ea8	fAccuracyShotCounterDelay
fe7dc139	GalleryDefaultPhotoData
fe7dcb74	bIsCriticalWarning
fe7f32b8	StateDuration
fe84cd47	vectorEndPos
fe895859	IntuitionVisibilitySettings
fe910e5f	gradAmbientColor
fe983578	bFocusLockOverride
fe9aa377	fLookAtSpeedModifier
fe9c3125	GunshotLTL
fe9cca1f	archRobotCounterHackerArchetype
fea2a64d	fileExposureMaskTexture
fead7332	sndStopHornNpc
feb0c2f4	DynamicLight
feb4a937	DelayTimerConfigForWalkers
feb60d6e	curveStiffnessScaleVsLoadLateral
feb77ccc	curveShoreWaterSoakingMovement
febdfdc1	PlayerPhoneRCs
febf0df4	fClutchDelayTime
fec997c8	fGPSHeightOffsetOnMap
feca0295	progressionteamtraitTeamTraitId
fecbfd72	coverselectionparametersCoversAssaultSecondCover
fed2b61a	fPuddleEndAccumulationDurationMin
fed78f72	sndtpSirenSoundStartType
feda3795	fAttractorDuration
fedc2b24	profilingpathpresetDiscoverySearchPreset
fedc5a12	BarkAlertHardWarning
fedfab78	DedSecBroadcast
fee86b77	sndMicrophoneInputEvent
feea6d80	fInnerCircleRadius
feeedffa	LoftInfo
feeffb7a	locstridBreachingProgressBarRunningInfo
fef0ffe3	sndPlayerLeftCar
fef71a94	fPhotoModeUnavailableTimer
ff043711	fCycleBreakerMaxTime
ff05abd3	fAccessCodeContainer
ff07e32d	fOrientationRandomness
ff08b95a	Push
ff0c4dcb	curveTransmissionRatioEnginePowerCurve
ff137823	UnitGroup
ff140259	bSkipExitAnim
ff1a1aeb	sndProposalDisplaySound
ff1c69fc	ThrottleAdjustedRpmPow
ff1d88fc	GPSLineBanking
ff225eb6	fAlertHardInvestigationStartDelay
ff29c5ff	gunshotrigidbodypresetGunShotRagdollImpulsePreset
ff2b68d2	fCausticFadeOutStart
ff31df75	fTimeToReachPlayerZoneOnSpawn
ff3a7b97	Category
ff3c16f0	fLookAtBallWeight
ff3e57e8	AsianLanguageLineWrapping
ff42096a	AlarmTriggeredSound
ff49fb52	mapicondescObjectiveTracked
ff4c2691	fGIFadeOutDistance
ff5c80f5	bDisableWaypointSharing
ff612a8d	HackSlot
ff64e936	fAvoidanceJogForce
ff6c76cc	fMotorStrength
ff6df290	fLookAtTurnSpeedModifier
ff70032b	fBulletHitBreakChanceIncrease
ff70663a	sndDispatchStopSquelch
ff732019	BarkIdOnCargoDestroyedBarkId
ff75b9c1	locstridTextToDisplayOnApp
ff7913e4	fHearLanding
ff79f108	fCamberStiffness
ff7fad86	fileAdditionalPathTexture
ff81eebb	curveQuickThrowSpeedByAngle
ff820327	fOutOfFOVFactor
ff82407a	animalconfigEagleDefault
ff85a9b8	uimenupagePauseMenuPage
ff87891e	sndtpAccessCodeRewardFocusSoundType
ff8c199c	fDisconnectionDistance
ff8dfc9b	fAlertCompletedByAIGroupIdleTimeout
ff8f9055	texturedbobjectAccessId
ff9a235c	AffiliationSpawnInfos
ff9a6b89	SpotlightPlayerOwnedLocalParams
ff9ef331	DynamicallyTypedBranches
ffa10658	curveTargetScaleCurve
ffa719c7	BoroughBorders
ffac9245	SpecializedManeuverConfigsByVehicleType
ffacc143	fGunGaugeMaxOffset
ffae067b	SearchPattern
ffaeb816	RestrainableNotSurrendering
ffb17fd4	SpotlightInvestigateParams
ffb4932f	Explosive
ffb5316b	texturedbobjectStartOp
ffba59d7	fEnableTime
ffbf78dd	fBodySlipAngleScale
ffc06f07	PicnicTable
ffc16212	bForceTargetVehicleExplosionOnDestruction
ffc36562	uiProportion
ffc7ad34	fMinimumGravity
ffc84cf9	fCallSpeed
ffca1db0	angCatchupAngularSpeed
ffcd401f	VehicleSettings
ffdb1ae1	fGaugeTimeToReachTopGunFireModifier
ffdc9ef4	bEnableActivities
ffdfdaec	uInteriorTimeOfDayRangesCount
ffe21a3f	fileDefaultThumbnail
ffe6ac19	ReleaseFromPoliceStation
ffe6d24f	TextureAnimations
ffe7be09	fPrecisionSpreadAngle
ffeb5389	fOrbitDistance
ffeb7cf0	iMinRequiredDedSecAffinity
ffedd396	archetypeconfiglistRusher
fff188f1	sndvarWindDirectionRTPC
fff24294	fPlayerHeadOnCollisionMinFactor
fff7ba72	NoAssociate_NoLocation_HasEndTime
fffc54c8	curveAmbientDirectionalContrast
